open,high,low,close,volume,tr,atr_14,atr_5,atr_20,atr_pct,roc_5,roc_10,roc_20,ema_9,ema_9_slope,ema_20,ema_20_slope,ema_50,ema_50_slope,ema_200,ema_200_slope,price_to_ema20,price_to_ema50,hour,minute,day_of_week,is_asian,is_london,is_ny,is_overlap,candle_size,candle_body,candle_body_ratio,upper_wick,lower_wick,volatility_5,volatility_20,atr_ratio,momentum_5,momentum_10,rsi_14,macd,macd_signal,macd_hist,bb_upper,bb_lower,bb_width,bb_position,stoch_k,stoch_d,volume_ma_20,volume_ratio,close_lag_1,roc_5_lag_1,close_lag_2,roc_5_lag_2,close_lag_3,roc_5_lag_3,close_lag_5,roc_5_lag_5,asian_high,asian_low,asian_range,distance_from_asian_high,distance_from_asian_low,close_lag_10,atr_14_lag_1,atr_14_lag_2,atr_14_lag_3,atr_14_lag_5,atr_14_lag_10,roc_5_lag_10,volatility_5_lag_1,volatility_5_lag_2,volatility_5_lag_3,volatility_5_lag_5,volatility_5_lag_10,return_mean_5,return_std_5,return_skew_5,atr_mean_5,atr_std_5,range_mean_5,return_mean_10,return_std_10,return_skew_10,atr_mean_10,atr_std_10,range_mean_10,return_mean_20,return_std_20,return_skew_20,atr_mean_20,atr_std_20,range_mean_20,return_mean_50,return_std_50,return_skew_50,atr_mean_50,atr_std_50,range_mean_50,atr_roc_interaction,high_vol_regime,trend_strength,ema_distance_atr,atr,roc,adx,target,signal_type,pnl_r
4003.300048828125,4006.5,4001.0,4001.89990234375,871,5.5,4.607107979910714,4.939990234375,4.8849609375,0.11512301887442308,-0.11481586562461,-0.20448854424588306,-0.46015322976242135,4006.8210949656354,-3.7485484269568587,4009.749527988433,-2.845106016625323,4014.4074279003994,-1.9623388226318639,4036.8568467919044,-1.6009635005907512,-0.19576349070912635,-0.31156592302319047,8,25,1,0,True,0,0,5.5,1.400146484375,0.2545720880681818,3.199951171875,0.89990234375,0.058765932803178544,0.061329434357892045,0.8900434062502548,-4.60009765625,-8.2001953125,31.405108752673428,-2.9223542423228537,-2.0492540523016727,-0.873100190021181,4021.412788209513,4000.9572069076744,0.5099635472881207,0.04608499862044363,6.382241922637393,23.68209682487222,648.65,1.342788869189856,4003.5,-0.11975273232173206,4008.199951171875,-0.04239385553942117,4008.0,-0.12708623089736992,4006.5,-0.08977575543199331,4055.39990234375,4002.5,52.89990234375,-53.5,-0.60009765625,4010.10009765625,4.578526088169643,4.471383231026786,4.549944196428571,4.892804827008929,5.114240373883929,-0.047355492117397806,0.05916358842376657,0.0329846300627519,0.044197948290651774,0.054657879379506495,0.052255312929697324,-0.00022959905427242245,0.0005876593280317855,-1.2928008508013589,4.538525390625,0.05860089290958908,4.939990234375,-0.00020454778511923565,0.0005356867985699204,-0.3962306333177556,4.764240373883928,0.24734611710977902,4.5499755859375,-0.00023040229514959543,0.0006132943435789204,-0.16568195840423613,4.897823660714286,0.285595877536478,4.86995849609375,-4.166154719905668e-05,0.000748415491576804,0.8018969405908271,5.1762733677455355,0.4937406812482606,5.001982421875,-0.528969090739497,0,-1.0110246888671348,-1.7004721785715713,4.607107979910714,-0.11481586562461,22.087168392678507,1,LONG,2.0
4001.5,4006.0,4000.10009765625,4001.199951171875,1947,5.89990234375,4.699968610491071,5.57998046875,4.9549560546875,0.11746397750291235,-0.13727007430120558,-0.23935617680704266,-0.5591868248885464,4005.6968662068834,-4.098838741565487,4008.935282577332,-3.097953062660963,4013.889487636536,-2.101070633508698,4036.5020518106107,-1.639759883669285,-0.1929522643848749,-0.316140653691316,8,30,1,0,True,0,0,5.89990234375,0.300048828125,0.05085657535380286,4.5,1.099853515625,0.05692393863564992,0.05617123314736526,0.9120104104847138,-5.5,-9.60009765625,27.91646321614583,-3.2359638400484982,-2.286596009851038,-0.9493678301974602,4019.403175987663,4000.7168191295245,0.4659869645221034,0.02585480123376991,7.332356770833333,10.440097678411473,734.3,2.651504834536293,4001.89990234375,-0.11481586562461,4003.5,-0.11975273232173206,4008.199951171875,-0.04239385553942117,4006.699951171875,-0.10222642880060714,4055.39990234375,4002.5,52.89990234375,-54.199951171875,-1.300048828125,4010.800048828125,4.607107979910714,4.578526088169643,4.471383231026786,4.485665457589286,5.021379743303571,-0.0024895539169813505,0.058765932803178544,0.05916358842376657,0.0329846300627519,0.052895308120822535,0.052253539915424044,-0.0002745613366900379,0.0005692393863564992,-1.0754032292267937,4.581386021205357,0.08339788823864268,5.57998046875,-0.0002394929626077902,0.0005193582870560907,-0.23603580255054982,4.732099260602679,0.23053093489162935,4.7999755859375,-0.00028018883174437683,0.0005617123314736526,-0.302642246386275,4.9117501395089285,0.26735157935784143,4.93995361328125,-5.114398764414663e-05,0.0007470106571167835,0.8439594244083947,5.15341552734375,0.4886803712096248,5.0159814453125,-0.6451650403754433,0,-1.0540932226963062,-1.6426505256055282,4.699968610491071,-0.13727007430120558,23.666597281950967,1,LONG,2.0
4048.5,4054.0,4047.60009765625,4053.800048828125,1299,6.39990234375,6.292829241071429,6.5599609375,6.2099853515625,0.15523284733519513,0.35400541720819406,0.518241141373946,0.2944196237386913,4044.826741370154,7.371159576855462,4042.1701018841914,3.595003804425687,4039.033534290158,1.8423686897517655,4037.332894067563,0.5047879677886158,0.2877154263872403,0.36559524481794353,14,30,1,0,False,1,1,6.39990234375,5.300048828125,0.8281452658884566,0.199951171875,0.89990234375,0.0908894054517233,0.11897514680497279,1.271358359610337,14.300048828125,20.900146484375,67.04783783406731,1.991841588357147,0.22819506401887624,1.7636465243382706,4052.4473241899186,4027.702675810081,0.6124799262349734,1.054667361501431,99.22798484248628,90.35839254132577,812.1,1.5995567048393056,4048.800048828125,0.10879602884534471,4048.699951171875,0.42165836262340634,4041.300048828125,0.19586816769109208,4039.5,0.16365637174417108,4055.39990234375,4002.5,52.89990234375,-1.599853515625,51.300048828125,4032.89990234375,6.292829241071429,6.257114955357143,5.999982561383929,6.107142857142857,5.178571428571429,-0.21526611001284612,0.11737780633593242,0.17404471661842041,0.17120840264510578,0.16639078611234495,0.10732642119266649,0.0007073406140167382,0.000908894054517233,-0.10138855457186118,6.165694754464285,0.15853726150027497,6.539990234375,0.0005177725772207431,0.001279673200310127,0.9099036793022057,5.839986746651785,0.501232152773247,6.6699951171875,0.0001476762491467609,0.0011897514680497278,0.7344413994186875,5.094637625558036,0.9105424842994281,6.2,7.997459933129392e-05,0.0008822098386010981,0.8499360571199972,4.949689592633929,0.7996683607145417,5.0919873046875,2.2276956409054143,1,0.49843519883899745,1.8534442376488451,6.292829241071429,0.35400541720819406,23.367930564955966,0,SHORT,-1.0
4053.89990234375,4068.199951171875,4053.300048828125,4065.5,3972,14.89990234375,7.042829241071429,8.419921875,6.6599853515625,0.17323402388565806,0.5565174375463764,0.815848374424021,0.6561029957910374,4048.9613930961236,10.39692766148437,4044.39199694284,5.395479632575189,4040.0714349062305,2.652471878388951,4037.6131637783337,0.7236457989552036,0.5219079424822264,0.6294087989154507,14,35,1,0,False,1,1,14.89990234375,11.60009765625,0.7785351466491889,2.699951171875,0.599853515625,0.13426163099497473,0.13178178884602254,1.4158136963842034,22.5,32.89990234375,77.26545091824669,3.5915592608753286,0.9008679033901668,2.6906913574851616,4058.1788458786164,4024.621154121384,0.8303481901626301,1.2181662008921024,93.26693008785442,91.33036633897483,975.85,4.070297689194036,4053.800048828125,0.35400541720819406,4048.800048828125,0.10879602884534471,4048.699951171875,0.42165836262340634,4043.0,0.25789570232353143,4055.39990234375,4002.5,52.89990234375,10.10009765625,63.0,4032.60009765625,6.292829241071429,6.292829241071429,6.257114955357143,5.9857177734375,5.200003487723214,-0.08176131141368792,0.0908894054517233,0.11737780633593242,0.17404471661842041,0.16601959530081276,0.09242717884822207,0.00111128559816267,0.0013426163099497473,0.18754102379543483,6.377117047991073,0.3917947536757794,8.399951171875,0.0008138234289167712,0.0014575593776292753,0.4476288026558195,6.024269321986607,0.5733676208464266,7.889990234375,0.000327857698912859,0.0013178178884602255,0.6230286556409125,5.265351213727678,0.9407684900515768,6.65,0.00015354834143220143,0.0009580938018349082,0.9733033187023441,4.974403948102679,0.8445446329729462,5.3199853515625,3.9194572823177625,1,0.6134696566847371,3.0127334733430207,7.042829241071429,0.5565174375463764,25.785729990807354,0,SHORT,-1.0
4065.39990234375,4066.0,4061.800048828125,4063.0,1441,4.199951171875,6.992832728794643,8.379931640625,6.50498046875,0.17211008439071235,0.5369547153067102,0.7338746063600045,0.4623779379893807,4051.769114476899,12.657532363562495,4046.1641877101883,6.948286445841859,4040.9705943216727,3.3994318506829586,4037.865769113873,0.9323652554021464,0.41609315659875395,0.5451513482746637,14,40,1,0,False,1,1,4.199951171875,2.39990234375,0.5714119630297041,0.60009765625,1.199951171875,0.13996843187635374,0.13124991212348716,1.3998532272583417,21.699951171875,29.60009765625,72.51277321926295,4.604539667995141,1.6416022563111616,2.9629374116839795,4061.6818658537345,4022.988129263453,0.9572125173606536,1.034065827248035,87.03249334851354,93.1758027596181,1011.7,1.4243352772561035,4065.5,0.5565174375463764,4053.800048828125,0.35400541720819406,4048.800048828125,0.10879602884534471,4041.300048828125,0.19586816769109208,4055.39990234375,4002.5,52.89990234375,7.60009765625,60.5,4033.39990234375,7.042829241071429,6.292829241071429,6.292829241071429,5.999982561383929,5.05712890625,0.02479912767130984,0.13426163099497473,0.0908894054517233,0.11737780633593242,0.17120840264510578,0.08404127491005788,0.0010723930484923371,0.0013996843187635375,0.06899430660283412,6.575687081473214,0.4042702077957693,8.3599609375,0.0007324969037404983,0.0015171861936367356,0.49140835896369967,6.2178397042410705,0.536119122139312,7.989990234375,0.00023150026923306476,0.0013124991212348717,0.8294694021382386,5.419278390066965,0.9597371898674111,6.4949951171875,0.00015265163390474346,0.0009588056195158964,0.9722536055806872,4.9954042271205354,0.8813684060421701,5.303984375,3.754834507077373,1,0.7427023625389734,2.417598934262145,6.992832728794643,0.5369547153067102,28.030829457669356,0,SHORT,-1.0
4063.199951171875,4069.199951171875,4061.5,4068.699951171875,1604,7.699951171875,7.149972098214286,7.999951171875,6.67996826171875,0.1757311225703664,0.4939857297701477,0.9177270245332961,0.5958525672189519,4055.1552818158943,14.126025890849633,4048.3104508970155,8.191306784332937,4042.0580200805043,4.05043452320524,4038.1725768955444,1.1220929643031923,0.5036545621233586,0.659117977995775,14,45,1,0,False,1,1,7.699951171875,5.5,0.7142902438251054,0.5,1.699951171875,0.13540159637450938,0.1337506818723602,1.4255210716760955,20.0,37.0,74.2089506113225,5.800408859158324,2.4733635768805944,3.3270452822777297,4066.199349585864,4020.880630882886,1.120768406209115,1.0551781175103367,98.78345065193501,93.02762469610099,1069.9,1.4992055332274044,4063.0,0.5369547153067102,4065.5,0.5565174375463764,4053.800048828125,0.35400541720819406,4048.699951171875,0.42165836262340634,4055.39990234375,4002.5,52.89990234375,13.300048828125,66.199951171875,4031.699951171875,6.992832728794643,7.042829241071429,6.292829241071429,6.257114955357143,5.142839704241071,-0.11396817879249499,0.13996843187635374,0.13426163099497473,0.0908894054517233,0.17404471661842041,0.06745685618763675,0.0009867575428837761,0.0013540159637450938,0.3257305615661412,6.754258510044643,0.42503350134134005,7.999951171875,0.0009149329818532448,0.00147202241638627,0.15067024422583572,6.418552943638393,0.45912975330284794,8.2199951171875,0.0002979353539508289,0.001337506818723602,0.6574744866810054,5.584276471819196,0.9594138985001813,6.66998291015625,0.00016930107210175738,0.0009733260175443768,0.919299183315328,5.015690220424108,0.9190176448397063,5.3599853515625,3.531984184772578,1,0.8744692609461655,2.8660521526099325,7.149972098214286,0.4939857297701477,30.350673591568636,0,SHORT,-1.0
4068.699951171875,4070.39990234375,4066.39990234375,4069.300048828125,1695,4.0,6.971400669642857,7.43994140625,6.57996826171875,0.17131694851674742,0.5063228549884421,0.6156697429931506,0.7451994954475376,4057.9842352183405,15.400820712679433,4050.3094602237875,9.363563281062852,4043.126334933352,4.695515522294954,4038.482302984426,1.3149079596832962,0.4688675961882737,0.647363246323202,14,50,1,0,False,1,1,4.0,0.60009765625,0.1500244140625,1.099853515625,2.300048828125,0.13331617265921986,0.12821716947197698,1.3814980009872382,20.5,24.900146484375,81.05848189548502,6.719112923285138,3.322513446161503,3.396599477123635,4070.3362046376524,4019.753785596723,1.2504785262460096,0.9795154951231384,97.39986147985687,94.40526849343514,1127.7,1.5030593242883745,4068.699951171875,0.4939857297701477,4063.0,0.5369547153067102,4065.5,0.5565174375463764,4048.800048828125,0.10879602884534471,4055.39990234375,4002.5,52.89990234375,13.900146484375,66.800048828125,4044.39990234375,7.149972098214286,6.992832728794643,7.042829241071429,6.292829241071429,6.064278738839286,0.1560091264492543,0.13540159637450938,0.13996843187635374,0.13426163099497473,0.11737780633593242,0.16818021528566238,0.00101131111222319,0.0013331617265921985,0.30177359720428565,6.889972795758927,0.34086500976377937,7.43994140625,0.0006146797180038521,0.0012558071841515244,0.34350070823562734,6.50926513671875,0.47082015315347947,6.9999755859375,0.00037206740011397896,0.0012821716947197697,0.6741146148352329,5.73570295061384,0.9250982280561942,6.56998291015625,0.00015886658104067753,0.000970650216336227,0.9576134800761572,5.046261858258929,0.9581094421039098,5.3219873046875,3.5297794903219084,1,1.0303704565015797,2.7368430283617773,6.971400669642857,0.5063228549884421,32.58981442085157,0,SHORT,-1.0
4069.300048828125,4070.800048828125,4065.199951171875,4065.300048828125,1668,5.60009765625,7.178553989955357,7.27998046875,6.544970703125,0.17658116015384073,0.28368444080818506,0.6386941163046169,0.5864002028706095,4059.447397940298,14.620656570143638,4051.7371353289623,9.567033444770914,4043.9958923409904,4.962358050832336,4038.749146226652,1.4162521590892538,0.3347431742523828,0.526809548137351,14,55,1,0,False,1,1,5.60009765625,4.0,0.7142732583485919,1.5,0.10009765625,0.1585292674990732,0.13158491974139086,1.4108462081770932,11.5,25.800048828125,76.24412667186563,7.043235903175628,4.066657937564329,2.976577965611299,4073.0181698532224,4019.4418154983405,1.3241055118434268,0.8559416534022884,87.1194232099669,94.4342451139196,1186.7,1.4055784949860959,4069.300048828125,0.5063228549884421,4068.699951171875,0.4939857297701477,4063.0,0.5369547153067102,4053.800048828125,0.35400541720819406,4055.39990234375,4002.5,52.89990234375,9.900146484375,62.800048828125,4039.5,6.971400669642857,7.149972098214286,6.992832728794643,6.292829241071429,6.107142857142857,0.16365637174417108,0.13331617265921986,0.13540159637450938,0.13996843187635374,0.0908894054517233,0.16639078611234495,0.0005677303472536366,0.001585292674990732,0.7934887558975071,7.067117745535714,0.09294196321759517,7.27998046875,0.0006375354806351874,0.0012204595053288733,0.4577388041777311,6.61640625,0.4906342391145018,6.9099853515625,0.00029320823162240495,0.0013158491974139086,0.7595450017436572,5.882844761439733,0.9078365619085018,6.5349853515625,0.00014416110892200517,0.0009824336204206571,0.9384784187756885,5.088119419642857,1.0044617295836016,5.3759912109375,2.0364440744518513,1,1.0783847274540057,1.8956901968519657,7.178553989955357,0.28368444080818506,34.30599062021362,0,SHORT,-1.0
4065.699951171875,4075.60009765625,4063.699951171875,4075.0,2727,11.900146484375,7.799996512276786,6.680029296875,6.81998291015625,0.19141095735648553,0.23367359488377812,0.7914914667326243,0.9688074184779355,4062.5579183522386,13.596525256115001,4053.9526462500135,9.560649307173662,4045.2117397001675,5.140304793937048,4039.1098512393223,1.4966874609885963,0.519181045922077,0.7363832159263037,15,0,1,0,False,1,1,11.900146484375,9.300048828125,0.7815070881972797,0.60009765625,2.0,0.14083378955393155,0.13309038361241082,1.5167148464322953,9.5,32.0,79.2136719312563,7.990698890838303,4.851466128219124,3.139232762619179,4077.396358890711,4018.9736362264766,1.443183122793751,0.9589824167476211,98.73663651315789,94.41864040099388,1299.55,2.0984186833904044,4065.300048828125,0.28368444080818506,4069.300048828125,0.5063228549884421,4068.699951171875,0.4939857297701477,4065.5,0.5565174375463764,4055.39990234375,4002.5,52.89990234375,19.60009765625,72.5,4043.0,7.178553989955357,6.971400669642857,7.149972098214286,7.042829241071429,5.9857177734375,0.25789570232353143,0.1585292674990732,0.13331617265921986,0.13540159637450938,0.13426163099497473,0.16601959530081276,0.00046770373585292013,0.0014083378955393156,0.5254635008519228,7.218551199776786,0.3377919974188463,6.680029296875,0.0007894946670077951,0.0013407970585006513,0.2255205889057314,6.797834123883929,0.5617882983622204,7.539990234375,0.0004830290598008824,0.0013309038361241081,0.6052824482005918,6.047487095424107,0.9431182762041468,6.80999755859375,0.00016165488864334777,0.0010145383865225635,0.9756425631218101,5.142691476004464,1.075167923216688,5.493994140625,1.822653225104648,1,1.1206295459348223,2.712389369408719,7.799996512276786,0.23367359488377812,36.269134422169415,1,SHORT,2.0
4074.89990234375,4075.89990234375,4070.800048828125,4071.800048828125,1739,5.099853515625,7.778564453125,6.860009765625,6.85498046875,0.19103503020399273,0.21658992931639182,0.754707634461446,0.9770892629343253,4064.406344447416,12.637229970516728,4055.6523988765002,9.488211166311885,4046.2544184894996,5.283824167826879,4039.435126837221,1.5693577233482756,0.3981517241491901,0.631340190124817,15,5,1,0,False,1,1,5.099853515625,3.099853515625,0.6078318732347169,1.0,1.0,0.14427136987087325,0.1326647205614948,1.4984776503919894,8.800048828125,30.5,77.579270463231,8.386684341640375,5.558509770903374,2.8281745707370014,4080.1868304053623,4020.123179360263,1.482996353786153,0.8603684352964153,90.9893329326923,92.28179755193905,1351.7,1.2865280757564548,4075.0,0.23367359488377812,4065.300048828125,0.28368444080818506,4069.300048828125,0.5063228549884421,4063.0,0.5369547153067102,4055.39990234375,4002.5,52.89990234375,16.400146484375,69.300048828125,4041.300048828125,7.799996512276786,7.178553989955357,6.971400669642857,6.992832728794643,5.999982561383929,0.19586816769109208,0.14083378955393155,0.1585292674990732,0.13331617265921986,0.13996843187635374,0.17120840264510578,0.0004336370201717843,0.0014427136987087326,0.5100153479514373,7.375697544642857,0.3858772088826194,6.860009765625,0.0007530150343320607,0.0013817130749675755,0.19275716414262423,6.975692313058036,0.5626706494662713,7.6099853515625,0.0004871266927796769,0.001326647205614948,0.6113906501264345,6.207486397879464,0.9521971853015345,6.84998779296875,0.00015881405341959808,0.0010170339372733092,0.9705861884310463,5.190977957589285,1.1377159388195717,5.4179931640625,1.6847587250853417,1,1.2081895629501471,2.0841817530744606,7.778564453125,0.21658992931639182,38.11377232502156,0,SHORT,-1.0
4071.10009765625,4075.0,4068.800048828125,4073.699951171875,1882,6.199951171875,7.064261300223214,6.560009765625,6.91998291015625,0.17341142904231444,0.12288937645942385,0.6174821622126846,0.9265887543372417,4066.2650657923077,11.109783976413382,4057.3712133808212,9.060762483805775,4047.3307138888085,5.272693808304211,4039.776070362939,1.6034934673948555,0.4024462375343706,0.6515216854550054,15,10,1,0,False,1,1,6.199951171875,2.599853515625,0.4193345146682418,1.300048828125,2.300048828125,0.13427577553466688,0.1321826526825443,1.3513521627879421,5.0,25.0,73.66737529630316,8.752913763944889,6.197390569511677,2.5555231944332117,4083.0650153918223,4020.984984608178,1.5320742291482496,0.8491453032202008,94.0861450013454,94.6040381490652,1416.35,1.3287676068768315,4071.800048828125,0.21658992931639182,4075.0,0.23367359488377812,4065.300048828125,0.28368444080818506,4068.699951171875,0.4939857297701477,4055.39990234375,4002.5,52.89990234375,18.300048828125,71.199951171875,4048.699951171875,7.778564453125,7.799996512276786,7.178553989955357,7.149972098214286,6.257114955357143,0.42165836262340634,0.14427136987087325,0.14083378955393155,0.1585292674990732,0.13540159637450938,0.17404471661842041,0.00024637859379417204,0.0013427577553466689,1.1788344749858843,7.358555385044643,0.4000550494414933,6.560009765625,0.0006165680683389741,0.0013298217486698617,0.5271009024404322,7.056406947544643,0.5028504153789635,7.27998046875,0.0004620965828931511,0.001321826526825443,0.678430377064573,6.324271065848214,0.9032397936409421,6.914990234375,0.00016468069340353164,0.001017964614991187,0.950504158875583,5.227550223214285,1.168164431844646,5.44599609375,0.8681226663308697,1,1.421309187939503,2.320759593280146,7.064261300223214,0.12288937645942385,39.200534139744136,0,SHORT,-1.0
4074.199951171875,4080.800048828125,4074.10009765625,4080.5,1598,7.10009765625,7.107125418526786,7.180029296875,6.99998779296875,0.1741729057352478,0.2752304090994803,0.7829468185530714,1.04999631802984,4069.1120526338464,11.127817415505888,4059.5739549636005,9.264494739813017,4048.6314702068944,5.505135273542237,4040.181283593159,1.698980608733109,0.5154739208732343,0.7871432613123727,15,15,1,0,False,1,1,6.699951171875,6.300048828125,0.9403126480341071,0.300048828125,0.099853515625,0.14801724379464906,0.1349062715340125,1.3507295247240065,11.199951171875,31.699951171875,82.13175980774824,9.482551380086079,6.854422731626558,2.628128648459521,4086.923605834097,4021.366384400278,1.6170418550095302,0.9020152823197088,99.28729659827653,94.7875915107714,1469.2,1.0876667574190035,4073.699951171875,0.12288937645942385,4071.800048828125,0.21658992931639182,4075.0,0.23367359488377812,4069.300048828125,0.5063228549884421,4055.39990234375,4002.5,52.89990234375,25.10009765625,78.0,4048.800048828125,7.064261300223214,7.778564453125,7.799996512276786,6.971400669642857,6.292829241071429,0.10879602884534471,0.13427577553466688,0.14427136987087325,0.14083378955393155,0.13331617265921986,0.11737780633593242,0.0005507315795276524,0.0014801724379464906,0.20409624698533751,7.385700334821427,0.37074930318476496,7.1,0.0007810213458754212,0.0013500311233479083,0.12201630511141077,7.137836565290177,0.4254331760081192,7.269970703125,0.0005232611385761532,0.001349062715340125,0.528825306799025,6.433198765345982,0.8562027230796074,6.97498779296875,0.00018371007724816036,0.0010372260972611547,0.9028521000237341,5.261693987165179,1.1978773288913105,5.4279931640625,1.9560970364624426,1,1.5396498742207847,2.959552857531024,7.107125418526786,0.2752304090994803,40.69134403137755,1,SHORT,2.0
4080.39990234375,4080.5,4075.699951171875,4078.0,1506,4.800048828125,7.049979073660714,7.02001953125,6.914990234375,0.17287834903532895,0.31239886402815276,0.5969695318068471,1.1183044148960837,4070.889642107077,11.442244166779346,4061.3288163956386,9.591681066676301,4049.7831772576046,5.787284916614226,4040.557589229048,1.8084430023959612,0.4104859359591777,0.6967489741389807,15,20,1,0,False,1,1,4.800048828125,2.39990234375,0.49997456894359393,0.10009765625,2.300048828125,0.13908163072755453,0.13092204401409208,1.3313738956345187,12.699951171875,24.199951171875,77.86632870449563,9.746711320024588,7.432880449306165,2.313830870718423,4089.2299722593075,4023.5700277406927,1.6186752913572326,0.8289676858297716,93.12026489589519,95.49790216517238,1525.95,0.9869261771355549,4080.5,0.2752304090994803,4073.699951171875,0.12288937645942385,4071.800048828125,0.21658992931639182,4065.300048828125,0.28368444080818506,4055.39990234375,4002.5,52.89990234375,22.60009765625,75.5,4053.800048828125,7.107125418526786,7.064261300223214,7.778564453125,7.178553989955357,6.292829241071429,0.35400541720819406,0.14801724379464906,0.13427577553466688,0.14427136987087325,0.1585292674990732,0.0908894054517233,0.0006247915827803707,0.0013908163072755453,0.29430896342828555,7.3599853515625,0.3925280367158143,6.939990234375,0.0005962609650170036,0.0014062650068473756,0.4639278702741137,7.213551548549107,0.31007068355247497,7.1099853515625,0.0005570167711188734,0.0013092204401409207,0.6092228770728855,6.5267691476004455,0.8130449208476671,6.889990234375,0.00018629604063630012,0.0010350299957380352,0.9063274089205591,5.29526611328125,1.224246327017431,5.4079931640625,2.202405454033856,1,1.6376841714565338,2.374420731397035,7.049979073660714,0.31239886402815276,42.07566750218,1,SHORT,2.0
4075.199951171875,4081.0,4069.800048828125,4075.60009765625,2756,11.199951171875,7.285696847098214,7.07998046875,7.4849853515625,0.17876378134567203,0.09332601754888883,0.31011808162072363,1.0462685658314734,4072.4733748547796,8.067030407363745,4063.8573766654204,8.204977788920132,4051.7419488604896,5.487530370990044,4041.244585318437,1.8094584812160974,0.2889550469525846,0.5888368286255304,15,30,1,0,False,1,1,11.199951171875,0.400146484375,0.0357275204359673,5.39990234375,5.39990234375,0.09762364753219739,0.13357020092108096,1.355735445859982,3.800048828125,12.60009765625,73.39133240772586,9.423179660532696,8.176927318081452,1.2462523424512444,4090.984326724615,4030.265673275385,1.495303147895466,0.7466309248569122,84.25686689016534,87.46739879464754,1700.65,1.6205568459118571,4074.89990234375,-0.002456384202453988,4078.0,0.31239886402815276,4080.5,0.2752304090994803,4071.800048828125,0.21658992931639182,4055.39990234375,4002.5,52.89990234375,20.2001953125,73.10009765625,4063.0,7.171404157366071,7.049979073660714,7.107125418526786,7.778564453125,6.992832728794643,0.5369547153067102,0.10693387730738642,0.13908163072755453,0.14801724379464906,0.14427136987087325,0.13996843187635374,0.00018696341235542314,0.000976236475321974,0.8588373502549259,7.135693359375,0.09623137809049545,6.999951171875,0.0003103002162636037,0.0011685680487363102,0.6321905631149163,7.255695452008927,0.2937595040962655,6.92998046875,0.000521398560002051,0.0013357020092108097,0.6124318119638127,6.736767578125,0.6785894038063317,7.4599853515625,0.00016858874519776635,0.0010432141701616994,0.9224303431036002,5.373981236049108,1.2825671489696555,5.61798828125,0.679945071808172,1,1.6629058358029443,1.616407108741104,7.285696847098214,0.09332601754888883,42.1367233089101,1,SHORT,2.0
4074.699951171875,4078.300048828125,4073.10009765625,4077.800048828125,1302,5.199951171875,7.171404157366071,6.87998046875,7.47498779296875,0.17586453655144232,0.10064800317633926,0.22366106533928537,1.1434406879125592,4073.538709649449,7.273643857141451,4065.1852502047254,7.814036823904189,4052.7638351337305,5.433121244921949,4041.6083212737576,1.8322509108184022,0.3103130078208435,0.6177565412855692,15,35,1,0,False,1,1,5.199951171875,3.10009765625,0.5961782243297807,0.5,1.599853515625,0.0982008957203062,0.13171547588067692,1.3240840815624229,4.10009765625,9.10009765625,74.3288191969589,9.356436057710198,8.412829066007202,0.9436069917029961,4090.9528689252147,4034.9071408404106,1.3794411426593256,0.7653198460159554,90.41927985614666,86.56707044806468,1722.45,0.7559000261255769,4075.60009765625,0.09332601754888883,4074.89990234375,-0.002456384202453988,4078.0,0.31239886402815276,4073.699951171875,0.12288937645942385,4055.39990234375,4002.5,52.89990234375,22.400146484375,75.300048828125,4068.699951171875,7.285696847098214,7.171404157366071,7.049979073660714,7.064261300223214,7.149972098214286,0.4939857297701477,0.09762364753219739,0.10693387730738642,0.13908163072755453,0.13427577553466688,0.13540159637450938,0.00020160055622544525,0.000982008957203062,0.7789509399856444,7.157121930803571,0.08791859326662921,6.799951171875,0.00022398957500980866,0.0011092726650029122,0.900034384695597,7.257838657924107,0.2929796120553609,6.67998046875,0.0005694612784315267,0.0013171547588067692,0.5384308581298227,6.83819580078125,0.5708597948456207,7.44998779296875,0.00019720011265385472,0.0010331355449951537,0.8870305711745263,5.4161244419642856,1.3065762668672747,5.6339892578125,0.7217875084093929,1,1.732075727211157,1.764500188075573,7.171404157366071,0.10064800317633926,41.688203688381016,1,SHORT,2.0
4059.300048828125,4067.300048828125,4056.0,4064.89990234375,1715,11.300048828125,9.764299665178571,9.5,8.83001708984375,0.2402100888031375,0.12068724984605911,-0.31635063833211324,-0.09339712620072912,4062.694783370211,-5.357051007720656,4063.249713630301,-2.347919058197931,4056.0341040192834,0.7497187620328987,4043.644598745244,0.803431088209436,0.04061253503355913,0.218582933404853,16,25,1,0,False,1,1,11.300048828125,5.599853515625,0.4955601166684671,2.400146484375,3.300048828125,0.09610532540114082,0.12542412527342833,1.5826934756307593,4.89990234375,-12.900146484375,35.057433633285314,1.3775491693809272,3.650817012849035,-2.273267843468108,4084.358329276555,4052.95168048907,0.7719172244831262,0.3804360642081969,40.61393349053853,25.255875057979836,2112.7,0.8117574667487103,4058.800048828125,-0.1525203240313653,4057.5,-0.09848578111535149,4059.10009765625,-0.38773479266110233,4060.0,-0.4365110749665218,4055.39990234375,4002.5,52.89990234375,9.5,62.39990234375,4077.800048828125,9.464303152901786,9.378592354910714,9.028581891741071,8.935738699776786,7.171404157366071,0.10064800317633926,0.08330292156397352,0.09601118259964334,0.16979176927557918,0.16243548648178235,0.0982008957203062,0.0002416274119233064,0.0009610532540114082,0.06372256132859624,9.374302455357142,0.2733770022738884,9.5,-0.00031593313734773476,0.0013887382761440226,-0.9508377176108284,8.635724748883929,0.9283066071085835,10.9400390625,-4.5971781168963056e-05,0.0012542412527342833,-0.4321074622089623,7.946781703404018,0.9739005214312152,8.810009765625,9.489174506510434e-05,0.001187950870001832,0.2592473405637129,6.169419294084821,1.8209591694576888,7.012001953125,1.1784264732631975,1,0.7389787141365389,0.1690708963803883,9.764299665178571,0.12068724984605911,26.019178428353346,1,SHORT,2.0
4064.800048828125,4072.39990234375,4064.199951171875,4064.699951171875,2330,8.199951171875,10.007149832589286,9.17998046875,9.0400146484375,0.2461965201073248,0.2120227141483585,-0.2135795988719209,-0.11304395353138763,4063.095816930544,-2.5656701030511613,4063.387831491403,-1.3052740511675438,4056.3739411625224,1.0575671837423215,4043.8541047395393,0.8810074307712057,0.032291273560029116,0.20525745727886205,16,30,1,0,False,1,1,8.199951171875,0.10009765625,0.012207103939024027,7.599853515625,0.5,0.07361512533455847,0.12534153241312415,1.5905666164555587,8.599853515625,-8.699951171875,36.67333688861056,1.3764367763747032,3.195940965554169,-1.8195041891794657,4084.223012593624,4052.6269874063764,0.7766156482483394,0.38210387838187154,39.9315074200295,33.44693213790729,2144.45,1.086525682575952,4064.89990234375,0.12068724984605911,4058.800048828125,-0.1525203240313653,4057.5,-0.09848578111535149,4056.10009765625,-0.42470184863376786,4055.39990234375,4002.5,52.89990234375,9.300048828125,62.199951171875,4073.39990234375,9.764299665178571,9.464303152901786,9.378592354910714,9.235735212053571,7.435703822544643,-0.17400067776620512,0.09610532540114082,0.08330292156397352,0.09601118259964334,0.16214681662082994,0.06769011177427599,0.00042390288958631394,0.0007361512533455846,0.661170457449016,9.528585379464285,0.37457267655510823,9.17998046875,-0.00021294719620327252,0.0013638218784405816,-1.2623100779260945,8.892869349888393,0.9150167873092486,10.7500244140625,-5.580582841940851e-05,0.0012534153241312415,-0.4070240299340636,8.098569161551339,1.0476570929801485,9.02000732421875,8.204427871304265e-05,0.0011859238024817306,0.292819338405967,6.291562848772321,1.8697951173286125,7.12,2.121743068394872,1,0.7008879097662051,0.131160560457769,10.007149832589286,0.2120227141483585,25.067202681556527,1,SHORT,2.0
4064.699951171875,4065.5,4059.300048828125,4062.89990234375,1518,6.199951171875,10.014299665178571,8.619970703125,9.07000732421875,0.24648157488206043,0.09361199763696468,-0.2944857613090812,-0.059039836064914156,4063.0566340131854,-1.292575144941111,4063.3413620487695,-0.8190760760567173,4056.6298612088453,1.165105909380145,4044.0436151634617,0.9100501895441084,-0.010864450354643833,0.15456281074251704,16,35,1,0,False,1,1,6.199951171875,1.800048828125,0.2903327426658791,0.800048828125,3.599853515625,0.07968064963785677,0.12381125713175688,1.5610426218513564,3.7998046875,-12.0,37.654345794862,1.2162857154926314,2.8000099155418616,-1.5837242000492302,4084.2388365520064,4052.371148799556,0.7833160937988215,0.3303896293318098,33.78800629931757,38.11114906996187,2136.95,0.7103582208287513,4064.699951171875,0.2120227141483585,4064.89990234375,0.12068724984605911,4058.800048828125,-0.1525203240313653,4059.10009765625,-0.38773479266110233,4055.39990234375,4002.5,52.89990234375,7.5,60.39990234375,4074.89990234375,10.007149832589286,9.764299665178571,9.464303152901786,9.028581891741071,7.121425083705357,-0.07602005042300147,0.07361512533455847,0.09610532540114082,0.08330292156397352,0.16979176927557918,0.07217019256876782,0.00018740772058061238,0.0007968064963785678,1.4976423996012922,9.725728934151785,0.2969872614793752,8.619970703125,-0.0002940563844273991,0.0013494598582102983,-1.0891311418355498,9.182156808035716,0.7316663112349433,10.32001953125,-2.8799783199506822e-05,0.0012381125713175688,-0.4722516435682101,8.2403564453125,1.106812518588837,9.05,7.466967761924349e-05,0.0011880592548441718,0.3088561588815178,6.4151353236607145,1.907955611899963,7.19,0.9374585965925526,1,0.6701917322547467,-0.044078144014790516,10.014299665178571,0.09361199763696468,23.32051209958842,0,SHORT,-1.0
4063.0,4063.5,4058.199951171875,4060.39990234375,759,5.300048828125,9.592878069196429,7.67998046875,8.74000244140625,0.2362545143314385,0.07147017483056069,-0.027085994244737163,-0.35828460506134974,4062.5252876792983,-0.45407964720288874,4063.0612230292436,-0.4648876551232206,4056.777705959234,1.2331371421009862,4044.206364289634,0.9298497134668651,-0.06550038356324413,0.08928752441118776,16,40,1,0,False,1,1,5.300048828125,2.60009765625,0.49057994380210973,0.5,2.199951171875,0.08420115561367483,0.11047196398677264,1.4689200785540353,2.89990234375,-1.10009765625,34.92041193966227,0.8775202322885889,2.415511978891207,-1.5379917466026183,4083.555069116121,4051.5949064698166,0.7857301400027988,0.2754990946503059,25.255597310291385,32.99170367654616,2038.55,0.3723234652081136,4062.89990234375,0.09361199763696468,4064.699951171875,0.2120227141483585,4064.89990234375,0.12068724984605911,4057.5,-0.09848578111535149,4055.39990234375,4002.5,52.89990234375,5.0,57.89990234375,4061.5,10.014299665178571,10.007149832589286,9.764299665178571,9.378592354910714,7.785714285714286,-0.3288400369305467,0.07968064963785677,0.07361512533455847,0.09610532540114082,0.09601118259964334,0.16025582937914673,0.0001431829312939392,0.0008420115561367483,1.3083497513555475,9.76858607700893,0.2453403799453326,7.67998046875,-2.6748751939253967e-05,0.0008699910910149733,0.398699937977719,9.36287318638393,0.5487436621911309,9.5000244140625,-0.00017886777194776605,0.0011047196398677264,-0.8286375048700981,8.330000523158482,1.1413362836095045,8.7199951171875,5.93982140447924e-05,0.0011919951665602944,0.34171721050280657,6.530565011160713,1.922364556469927,7.2360009765625,0.6856046727337202,1,0.6550189655997494,-0.2772450031213137,9.592878069196429,0.07147017483056069,21.895613659193444,0,SHORT,-1.0
4104.10009765625,4109.0,4102.60009765625,4106.89990234375,1380,6.39990234375,4.642804827008929,6.13994140625,4.514990234375,0.11304889180180275,0.3714825464541135,0.5681110622541563,0.6001371885673005,4096.370224227845,7.995681963762308,4092.2107834704107,4.508846157059452,4088.8143875297496,2.1656523176311566,4075.938085089276,1.14723099539151,0.3589531343955404,0.44231684541999217,10,50,2,0,True,0,0,6.39990234375,2.7998046875,0.4374761577782864,2.10009765625,1.5,0.0957398012499331,0.07019030896375564,1.104640654984938,15.199951171875,23.199951171875,87.42635341588573,3.335822789242684,1.0899683851548645,2.2458544040878197,4103.149136418,4075.480868464812,0.676599086562656,1.1355620067037002,92.57917302897764,92.40975871364294,655.95,2.1038188886348044,4104.2001953125,0.33738248822181416,4099.10009765625,0.2347499121225089,4090.60009765625,0.00489427237628503,4091.699951171875,0.19590077859917912,4098.39990234375,4056.10009765625,42.2998046875,8.5,50.7998046875,4083.699951171875,4.499947684151786,4.085675920758929,3.8214111328125,3.9857177734375,4.1785888671875,-0.019587436115191578,0.09767695442306544,0.0933805031033768,0.028275131563926942,0.04702542232787952,0.05776765462952075,0.0007422298633628533,0.000957398012499331,0.4437655358609033,4.215680803571429,0.3430032661040446,6.13994140625,0.0005669065904244208,0.0007347246238281927,0.8615918679322597,4.1392752511160715,0.24475102497891502,5.079931640625,0.00029945041396122753,0.0007019030896375563,0.5965620023866388,4.052862548828125,0.2385098811098878,4.5099853515625,6.50908143947726e-05,0.0006632319272513169,0.13995246358489946,4.203000139508929,0.582163024944284,4.163994140625,1.7247209598267268,1,0.731539676383319,3.175202593094471,4.642804827008929,0.3714825464541135,20.07035454011569,0,SHORT,-1.0
4106.60009765625,4117.7001953125,4106.5,4114.2998046875,2309,11.2001953125,5.249965122767857,7.6,4.88499755859375,0.12760288194813785,0.586748052046963,0.6433416019447162,0.7320512941593341,4099.956140319777,11.196496742885302,4094.3144997768,6.365123271565608,4089.8138156535833,3.0218916722096765,4076.3197937419945,1.3746193024953755,0.48812334547796815,0.59870669271539,10,55,2,0,True,0,0,11.2001953125,7.69970703125,0.6874618536925625,3.400390625,0.10009765625,0.08206750576870414,0.07778337400901694,1.24583898205486,23.999755859375,26.2998046875,90.37098213209231,4.657607520688998,1.8034962122616913,2.854111308427307,4108.368635708576,4073.2513594086113,0.8584431034666246,1.168896042171975,90.80981570803613,90.05166273282082,745.0,3.0993288590604027,4106.89990234375,0.3714825464541135,4104.2001953125,0.33738248822181416,4099.10009765625,0.2347499121225089,4090.300048828125,0.05626342534552348,4098.39990234375,4056.10009765625,42.2998046875,15.89990234375,58.19970703125,4088.0,4.642804827008929,4.499947684151786,4.085675920758929,4.028564453125,4.050013950892857,0.14944260766285422,0.0957398012499331,0.09767695442306544,0.0933805031033768,0.038606475487037786,0.06323351624806435,0.0011710206929299361,0.0008206750576870414,-0.3470664534357373,4.4599609375,0.5493115162188479,7.6,0.0006417909201056782,0.0008226688077691746,0.7125092412555717,4.259270368303572,0.4243692977477114,5.7399658203125,0.00036504611544038723,0.0007778337400901694,0.577073219921232,4.135360281808036,0.33816177586485413,4.87999267578125,9.575372625005408e-05,0.000706843083617004,0.29478301700518345,4.213999720982143,0.5967576805453529,4.3039990234375,3.080406809098535,1,0.857278861472472,3.825331669831392,5.249965122767857,0.586748052046963,22.948815003989584,0,SHORT,-1.0
4114.10009765625,4116.5,4111.39990234375,4114.2998046875,1465,5.10009765625,5.292829241071429,8.12001953125,4.975,0.12864471458888843,0.579369932661689,0.5842925609805448,0.6778179016619795,4102.824873193322,13.697138800558605,4096.217862149248,8.016036010582866,4090.774050517659,3.832786392172693,4076.6977042986664,1.5967594789012765,0.4414301960190413,0.5750929745646566,11,0,2,0,True,0,0,5.10009765625,0.19970703125,0.03915749162278602,2.2001953125,2.7001953125,0.08454844879866918,0.07808255176949906,1.2524868205218145,23.69970703125,23.89990234375,89.4315828475774,5.640115700361548,2.570820109881663,3.069295590479885,4112.50902533496,4071.8809404853528,0.9928188910664899,1.0440773755191515,90.70934002161239,91.36610958620872,799.15,1.833197772633423,4114.2998046875,0.586748052046963,4106.89990234375,0.3714825464541135,4104.2001953125,0.33738248822181416,4090.60009765625,0.00489427237628503,4098.39990234375,4056.10009765625,42.2998046875,15.89990234375,58.19970703125,4090.39990234375,5.249965122767857,4.642804827008929,4.499947684151786,3.8214111328125,4.071446010044643,0.2155969344609006,0.08206750576870414,0.0957398012499331,0.09767695442306544,0.028275131563926942,0.060344322570722204,0.0011563494549012622,0.0008454844879866918,-0.42591396498107653,4.754244559151786,0.5147528716694194,8.12001953125,0.0005830848940844069,0.0008475777165659839,0.8514562056237701,4.38140869140625,0.5275300899323625,5.819970703125,0.00033811198355925833,0.0007808255176949907,0.678876047560164,4.216787283761161,0.4076849688668308,4.9699951171875,0.00010210363634665542,0.0007044770513664043,0.2738324248849279,4.225856236049108,0.612297636039135,4.327998046875,3.0665061209893723,1,1.0285258381936189,3.431390068606592,5.292829241071429,0.579369932661689,25.62167114901534,0,SHORT,-1.0
4113.7001953125,4120.0,4113.10009765625,4113.10009765625,1242,6.89990234375,5.585675920758929,7.72001953125,5.04998779296875,0.1358020905920036,0.34153837833832856,0.5770900515038513,0.5943075850600604,4104.879918085908,13.757711040446793,4097.8256941022955,8.585937342908437,4091.649581777996,4.231500651303122,4077.0599171678964,1.7201748074694478,0.37274410124222257,0.5242510495958171,11,5,2,0,True,0,0,6.89990234375,0.60009765625,0.08697190573915504,6.2998046875,0.0,0.08636643633093574,0.07916034402110608,1.3173325103458136,14.0,23.60009765625,90.41204013377927,6.2499091184049576,3.3066379115863223,2.9432712068186353,4115.681563391029,4071.138407312096,1.0881674749984118,0.9420457380656939,82.26241731206146,87.92719101390333,825.25,1.5049984853074825,4114.2998046875,0.579369932661689,4114.2998046875,0.586748052046963,4106.89990234375,0.3714825464541135,4099.10009765625,0.2347499121225089,4098.39990234375,4056.10009765625,42.2998046875,14.7001953125,57.0,4089.5,5.292829241071429,5.249965122767857,4.642804827008929,4.085675920758929,4.121442522321429,0.10525920100658705,0.08454844879866918,0.08206750576870414,0.0957398012499331,0.0933805031033768,0.05987623870105363,0.0006824436172946146,0.0008636643633093574,0.21854231198521426,5.054244559151785,0.46210825582029286,7.72001953125,0.0005759257992436817,0.0008553811580135541,0.8261905913575531,4.52783203125,0.6388245427841652,6.07998046875,0.00029661561688581475,0.0007916034402110608,0.7960431650728662,4.305713762555804,0.49766960462716736,5.04498291015625,8.063586797401934e-05,0.0006996804501363914,0.35214033006422385,4.2401412527901785,0.6355562999925699,4.39,1.9077226958994549,1,1.1057054530045822,2.744759669142905,5.585675920758929,0.34153837833832856,28.369570072856433,0,SHORT,-1.0
4113.0,4114.10009765625,4109.7001953125,4111.5,747,4.39990234375,5.607107979910714,6.8,5.00997314453125,0.1363762125723146,0.17786180839417318,0.5158443712107439,0.6511811376574477,4106.203934468726,12.466129769857162,4099.128008949696,8.463448518583846,4092.4280295514077,4.351826299780896,4077.402604559261,1.7756935127436009,0.3018200705928713,0.4660306866943947,11,10,2,0,True,0,0,4.39990234375,1.5,0.34091665741871047,1.10009765625,1.7998046875,0.0905904972421679,0.07538163709926302,1.3196306541220204,7.2998046875,21.10009765625,86.57971666291883,6.528800340950511,3.9510703974591603,2.5777299434913505,4118.025671410235,4071.454309058515,1.1373460210609057,0.8598780220137981,76.51930534479851,83.16368755949078,839.6,0.8897093854216294,4113.10009765625,0.34153837833832856,4114.2998046875,0.579369932661689,4114.2998046875,0.586748052046963,4104.2001953125,0.33738248822181416,4098.39990234375,4056.10009765625,42.2998046875,13.10009765625,55.39990234375,4090.39990234375,5.585675920758929,5.292829241071429,5.249965122767857,4.499947684151786,4.085728236607143,0.16651495065353472,0.08636643633093574,0.08454844879866918,0.08206750576870414,0.09767695442306544,0.049917122264458755,0.0003557988022483416,0.000905904972421679,1.3011388888548572,5.275676618303572,0.3896884373017106,6.8,0.0005150181337986726,0.0009038484510244022,0.7928815054319003,4.6799700055803575,0.7000628816166772,6.069970703125,0.0003248574252462999,0.0007538163709926301,1.019858478740057,4.388568115234375,0.5682678349297315,5.00496826171875,8.16433867701205e-05,0.000698952221729596,0.35104352248886883,4.248997977120536,0.6515807696058387,4.34,0.9972903651683189,1,1.1949082169084366,2.213143076053888,5.607107979910714,0.17786180839417318,29.872284526735015,0,SHORT,-1.0
4111.89990234375,4116.60009765625,4111.2998046875,4115.2001953125,540,5.30029296875,5.649989536830357,6.580078125,5.11497802734375,0.13729561792075362,0.20210604509774246,0.5743393802347228,0.7516267673521851,4108.003186637481,11.632962409636093,4100.6586933652015,8.447909894790882,4093.321055659686,4.506668129936315,4077.7786999896416,1.8406149003658356,0.3546138080408001,0.5345082722637297,11,15,2,0,True,0,0,5.30029296875,3.30029296875,0.6226623675725472,1.39990234375,0.60009765625,0.0932180301229857,0.07573770828268478,1.3275804152089257,8.30029296875,23.500244140625,86.36446719064156,6.968074852591599,4.554471288485648,2.4136035641059506,4120.736340043298,4071.813659956701,1.194321184163582,0.8868388910624193,85.84124332032206,81.54098865906069,848.25,0.636604774535809,4111.5,0.17786180839417318,4113.10009765625,0.34153837833832856,4114.2998046875,0.579369932661689,4106.89990234375,0.3714825464541135,4098.39990234375,4056.10009765625,42.2998046875,16.80029296875,59.10009765625,4091.699951171875,5.607107979910714,5.585675920758929,5.292829241071429,4.642804827008929,3.9857177734375,0.19590077859917912,0.0905904972421679,0.08636643633093574,0.08454844879866918,0.0957398012499331,0.04702542232787952,0.0004042330249652393,0.000932180301229857,1.0028216644460943,5.477113560267857,0.189820679515258,6.580078125,0.0005732314441640463,0.0009084717894642633,0.552165467504039,4.8463971819196425,0.7143578330598336,6.360009765625,0.0003747504295620152,0.0007573770828268478,0.8213949881715457,4.4699942452566965,0.626580307216474,5.10997314453125,8.987534000484131e-05,0.0007062261255879455,0.33289251305347906,4.255854840959822,0.6646169069904001,4.37,1.1418970401324091,1,1.2986993440756005,2.582848698386583,5.649989536830357,0.20210604509774246,31.506805039754493,1,SHORT,2.0
4113.10009765625,4115.39990234375,4111.89990234375,4114.2001953125,330,3.5,5.742815290178571,4.419921875,5.23494873046875,0.13958521747973343,0.06567421409461267,0.24365283183362318,0.7493411921949136,4111.186309934213,4.982375465486257,4104.842292524717,5.714283575021,4096.277714308691,3.8496847572837396,4079.171671441498,1.7690668822369844,0.22797228543529444,0.43753090619817164,11,35,2,0,True,0,0,3.5,1.10009765625,0.31431361607142855,1.19970703125,1.2001953125,0.05137243411249201,0.07220709901228275,1.342542573001945,2.7001953125,10.0,80.99203013081346,6.901943339149511,5.984531159822422,0.9174121793270897,4125.56677334454,4079.0732413038977,1.1333472756302108,0.7555234559916042,81.70405797771154,78.83342366678733,872.45,0.3782451716430741,4113.10009765625,0.0,4112.5,-0.04374510300512005,4113.39990234375,-0.021872551502560025,4111.5,0.17786180839417318,4098.39990234375,4056.10009765625,42.2998046875,15.80029296875,58.10009765625,4104.2001953125,5.664236886160714,5.642822265625,5.721400669642857,5.607107979910714,4.499947684151786,0.33738248822181416,0.05526776797067383,0.05584281652960815,0.05541135075320708,0.0905904972421679,0.09767695442306544,0.00013141947289649903,0.0005137243411249201,0.7050183549413472,5.6842529296875,0.045001740697807886,4.419921875,0.0002436091375724203,0.0007042861854775926,1.312207371803973,5.479964773995536,0.3387666264702056,5.6099609375,0.0003735909170702878,0.0007220709901228276,1.0597642327235508,4.786409214564732,0.7580734995668977,5.22994384765625,0.0001050240914398537,0.0006811851563824151,0.4224721934170229,4.2775666155133925,0.7050134767789242,4.323984375,0.3771548808730027,1,1.491355334146421,1.6332122380250906,5.742815290178571,0.06567421409461267,36.837991589257705,0,SHORT,-1.0
4071.60009765625,4076.800048828125,4068.300048828125,4076.199951171875,623,8.5,5.607142857142857,6.580029296875,5.2150146484375,0.13755809146533274,0.42869572618571783,0.5302488534024853,0.33475737677136563,4065.551399111569,7.438610523028274,4062.240054266239,3.8462344460522218,4061.3510923938543,1.396399138403467,4070.606720407607,-0.16419540552078615,0.3436502205470372,0.3656137684286844,13,15,3,0,False,0,0,8.5,4.599853515625,0.5411592371323529,0.60009765625,3.300048828125,0.041963593895860525,0.08377222082713513,0.9286863739097171,17.39990234375,21.5,74.5411174448165,2.4795542585848125,0.4745130221622641,2.0050412364225485,4072.3250408945914,4047.564973753846,0.6098621310406358,1.1564983751965268,97.79375465618297,93.68209578601865,584.0,1.0667808219178083,4071.300048828125,0.34011210913431916,4067.10009765625,0.05166291897293973,4062.39990234375,0.0985610116363835,4058.800048828125,0.10111963167743163,4109.60009765625,4034.0,75.60009765625,-33.400146484375,42.199951171875,4054.699951171875,5.328578404017857,5.19287109375,4.992885044642857,4.814296177455357,4.307146344866071,0.017265692448815984,0.042263419643121435,0.1151737635208323,0.12718724613988194,0.12743747086568719,0.051832974814282284,0.0008559953744298632,0.0004196359389586053,-1.2172462584677848,5.200013950892857,0.28659553882082967,6.580029296875,0.0005294013692322408,0.0009584210000267293,-1.8076021068707355,4.884293038504464,0.42251226477621723,6.2000244140625,0.00016744650652285585,0.0008377222082713514,-0.5946960632500748,4.736077880859375,0.36788131200364044,5.210009765625,0.0001377191758330354,0.0008419742147811067,-0.31687738871923266,6.037714146205357,1.250636518767982,5.966005859375,2.403758178969918,0,0.15854097087115632,2.4982188752861814,5.607142857142857,0.42869572618571783,20.114772226479474,0,SHORT,-1.0
4072.199951171875,4078.699951171875,4072.0,4076.89990234375,981,6.699951171875,5.871442522321429,6.739990234375,5.50501708984375,0.14401733334061068,0.2409531226720321,0.2927405250615006,0.4310982022218638,4069.7102890013743,8.923724837790814,4065.255351162345,5.593123664494669,4062.7551041228016,2.4409052424489346,4070.6986233950543,0.15564944532980007,0.28644083029312095,0.34815778599587516,13,30,3,0,False,0,0,6.699951171875,4.699951171875,0.7014903618409066,1.800048828125,0.199951171875,0.0968278057625985,0.08867856771344958,0.9832554653598491,9.7998046875,11.89990234375,75.10635755878884,3.8554622832352834,1.9097152704017033,1.94574701283358,4077.91325877637,4045.7167461064423,0.7926631973779146,0.9685258946206718,93.45436789772727,83.41606969281702,657.0,1.4931506849315068,4072.199951171875,0.24123791511689893,4072.0,0.30544639977984284,4076.199951171875,0.42869572618571783,4067.10009765625,0.05166291897293973,4109.60009765625,4034.0,75.60009765625,-32.7001953125,42.89990234375,4065.0,5.685721261160714,5.878574916294643,5.607142857142857,5.19287109375,4.607142857142857,0.3158790035625782,0.09687725221335061,0.09390486498651776,0.041963593895860525,0.1151737635208323,0.05908824838195309,0.00048181747230524596,0.000968278057625985,-1.2355183866551276,5.6742919921875,0.2262506155713434,6.739990234375,0.0002928264555807525,0.0010227101225538208,-1.2459005157069385,5.306440080915179,0.42947152318077325,6.07001953125,0.00021548254404409327,0.0008867856771344958,-0.6992710981246172,4.876080322265625,0.5396746723736147,5.50001220703125,0.00016439353218757668,0.0008461216287180105,-0.3604496532392922,5.971431361607143,1.2303718648166586,5.7720068359375,1.4147424103427007,1,0.4258318173154613,1.9889330238858758,5.871442522321429,0.2409531226720321,25.94511468294328,0,SHORT,-1.0
4076.0,4078.300048828125,4073.5,4077.800048828125,552,4.800048828125,5.964303152901786,4.639990234375,5.43499755859375,0.14626276623386186,0.14243734843136052,0.44831881796392886,0.5672289563735013,4072.861287109329,6.020167820073766,4068.0429045853266,4.87333167777706,4064.2441184202207,2.4754218065177156,4070.8517681781036,0.23118429196483703,0.23984860709803632,0.33354124439684213,13,45,3,0,False,0,0,4.800048828125,1.800048828125,0.3750063577641015,0.5,2.5,0.0718631348014959,0.08596412082194428,1.009895599111454,5.800048828125,18.199951171875,69.7156155873027,4.607470832166655,3.1029011940029156,1.5045696381637392,4082.7722755551276,4046.877724444872,0.8830528032635017,0.8614768377593113,96.13776627513438,88.63912139489219,650.25,0.8489042675893888,4076.10009765625,-0.0024496716751172356,4073.699951171875,0.058946830618411016,4076.89990234375,0.2409531226720321,4072.0,0.30544639977984284,4109.60009765625,4034.0,75.60009765625,-31.800048828125,43.800048828125,4059.60009765625,5.992867606026786,5.900006975446429,5.871442522321429,5.878574916294643,4.878592354910714,0.10109968330045617,0.09164089505747157,0.10476972636006886,0.0968278057625985,0.09390486498651776,0.12743749265773197,0.0002849190785544353,0.000718631348014959,-0.6178136005253736,5.882868303571429,0.12043952850744394,4.639990234375,0.0004477098187332329,0.0008067755970207226,-1.0068864067351313,5.641439383370535,0.3538031598814047,5.9199951171875,0.0002832042087653086,0.0008596412082194428,-0.8849953920034834,5.087865339006696,0.6396903728160849,5.42999267578125,0.00012925801968799889,0.0008264356274606492,-0.44085008532749753,5.9058611188616075,1.1989585667480487,5.6260009765625,0.8495395263401337,1,0.6369203690220978,1.6398473328101737,5.964303152901786,0.14243734843136052,31.646376588200145,0,SHORT,-1.0
4077.60009765625,4080.60009765625,4077.10009765625,4078.800048828125,1099,3.5,5.585728236607143,4.839990234375,5.45,0.13694538025250763,0.1620769543585565,0.40370586054103497,0.5670891001307024,4074.0490394530884,6.136153787308558,4069.067394513212,5.037785580488617,4064.814939220531,2.637173800625078,4070.930855547756,0.2945565642467045,0.23918636314641914,0.344052799861925,13,50,3,0,False,0,0,3.5,1.199951171875,0.3428431919642857,1.800048828125,0.5,0.07078130689769936,0.0859644380073166,0.9506228605584172,6.60009765625,16.400146484375,65.82579723940981,4.873337425812224,3.4569884403647775,1.4163489854474465,4084.427782248582,4047.522217751418,0.9076682590808859,0.8475098945881349,92.85700445650068,92.64385476072228,693.95,1.5836875855609194,4077.800048828125,0.14243734843136052,4076.10009765625,-0.0024496716751172356,4073.699951171875,0.058946830618411016,4072.199951171875,0.24123791511689893,4109.60009765625,4034.0,75.60009765625,-30.800048828125,44.800048828125,4062.39990234375,5.964303152901786,5.992867606026786,5.900006975446429,5.685721261160714,4.992885044642857,0.0985610116363835,0.0718631348014959,0.09164089505747157,0.10476972636006886,0.09687725221335061,0.12718724613988194,0.0003241443477388417,0.0007078130689769936,-0.9086846643582879,5.862869698660715,0.1623639909129759,4.839990234375,0.0004032653458047264,0.0008042028133065577,-0.8151015031813971,5.700723702566965,0.27364307247945285,5.7699951171875,0.000283134657910733,0.000859644380073166,-0.8847164412962659,5.147508021763393,0.6269635265148931,5.4449951171875,0.00012725225724841138,0.0008260216473282821,-0.4342477037468662,5.875861467633928,1.187546101682275,5.61,0.9053178204638763,1,0.7613072302393538,1.7465821972628344,5.585728236607143,0.1620769543585565,33.57726456486724,0,SHORT,-1.0
4078.5,4081.60009765625,4077.0,4081.199951171875,725,4.60009765625,5.371442522321429,4.42001953125,5.42000732421875,0.131614294486578,0.10547349533043392,0.346680759683056,0.7156606374177896,4075.479221796846,5.7689327954717555,4070.2228760997514,4.967524937406324,4065.4574887088193,2.702384586017615,4071.0330356037175,0.3344122086632524,0.26969223569010775,0.3872248696924763,13,55,3,0,False,0,0,4.60009765625,2.699951171875,0.5869334465555673,0.400146484375,1.5,0.05746482928346726,0.08160981613300614,0.9204648117197924,4.300048828125,14.099853515625,80.77935254763943,5.217546055938328,3.809099963479488,1.4084460924588402,4085.877766093368,4048.9722339066325,0.9073438892354598,0.8732489509208545,98.47273472734727,95.82250181966076,703.75,1.030195381882771,4078.800048828125,0.1620769543585565,4077.800048828125,0.14243734843136052,4076.10009765625,-0.0024496716751172356,4076.89990234375,0.2409531226720321,4109.60009765625,4034.0,75.60009765625,-28.400146484375,47.199951171875,4067.10009765625,5.585728236607143,5.964303152901786,5.992867606026786,5.871442522321429,5.19287109375,0.05166291897293973,0.07078130689769936,0.0718631348014959,0.09164089505747157,0.0968278057625985,0.1151737635208323,0.00021099016816570338,0.0005746482928346726,-1.9126776510818837,5.7628696986607135,0.27243138517801246,4.42001953125,0.00034640382023547466,0.0007640899307905661,-0.8020369020378155,5.718580845424108,0.24065831654845968,5.5800048828125,0.0003569359682143947,0.0008160981613300613,-1.1606123383100542,5.186793736049107,0.6144002122143185,5.42000732421875,0.0001306313385485458,0.000827585376905795,-0.44180827986908355,5.835576171875,1.1693071399430637,5.522001953125,0.5665448177957634,0,0.8871708802857329,2.0491105220915875,5.371442522321429,0.10547349533043392,35.47201969869111,0,SHORT,-1.0
4081.39990234375,4088.39990234375,4080.5,4087.199951171875,2636,7.89990234375,5.650006975446429,5.12001953125,5.610009765625,0.1382366178054604,0.33139406833624246,0.39053624525479513,0.8363531427571224,4077.823367671852,7.315146236377132,4071.839740392335,5.780141610035116,4066.3101342956056,3.125820484604901,4071.1939004352416,0.46541308220866995,0.37723023888116003,0.5137290611476701,14,0,3,0,False,1,1,7.89990234375,5.800048828125,0.7341924717226034,1.199951171875,0.89990234375,0.04736912564036713,0.08526868689002903,0.9737066096729206,13.5,15.89990234375,82.87048025951421,5.9063984464255554,4.228559660068702,1.6778387863568538,4088.3223580071817,4049.9176322271933,0.9438091239892868,0.9707742520611468,96.25015258789062,95.85996392391282,810.05,3.2541201160422197,4081.199951171875,0.10547349533043392,4078.800048828125,0.1620769543585565,4077.800048828125,0.14243734843136052,4073.699951171875,0.058946830618411016,4109.60009765625,4034.0,75.60009765625,-22.400146484375,53.199951171875,4071.300048828125,5.371442522321429,5.585728236607143,5.964303152901786,5.900006975446429,5.328578404017857,0.34011210913431916,0.05746482928346726,0.07078130689769936,0.0718631348014959,0.10476972636006886,0.042263419643121435,0.0006620009680449179,0.00047369125640367134,1.7246446542579632,5.712869698660715,0.2637739563182771,5.12001953125,0.0003901529240985191,0.0008183469408355082,-0.5758100016772392,5.7507237025669635,0.20097447781670216,5.4699951171875,0.0004168696817836881,0.0008526868689002903,-1.1220369941029635,5.252508544921875,0.588312502448482,5.610009765625,0.00014918309203602488,0.0008471730401288023,-0.3987171612848839,5.802576381138393,1.1502629679144902,5.57,1.8723787977213404,1,0.9786901362705754,2.728873469777986,5.650006975446429,0.33139406833624246,37.80600514087223,0,SHORT,-1.0
4087.60009765625,4094.300048828125,4085.89990234375,4090.800048828125,2141,8.400146484375,5.971435546875,5.8400390625,5.83001708984375,0.1459723153319511,0.3606376394026105,0.358179133289391,0.8903272274392703,4080.4187039031067,8.792107223476705,4073.6454840528863,6.629647282591122,4067.2705231008026,3.5797079625372135,4071.3889864889024,0.6070502771308384,0.42111089053757134,0.5785089925462829,14,5,3,0,False,1,1,8.400146484375,3.199951171875,0.38093992501525853,3.5,1.7001953125,0.04803911889895566,0.08587085852932291,1.03539700347896,14.699951171875,14.60009765625,83.9131703951384,6.665975506178711,4.7160428292907035,1.9499326768880074,4091.1781204958415,4050.671879504159,0.9950131970420165,0.9906663353976941,90.0849995504499,94.93596228856256,899.7,2.379682116260976,4087.199951171875,0.33139406833624246,4081.199951171875,0.10547349533043392,4078.800048828125,0.1620769543585565,4076.10009765625,-0.0024496716751172356,4109.60009765625,4034.0,75.60009765625,-18.800048828125,56.800048828125,4076.199951171875,5.650006975446429,5.371442522321429,5.585728236607143,5.992867606026786,5.607142857142857,0.42869572618571783,0.04736912564036713,0.05746482928346726,0.07078130689769936,0.09164089505747157,0.041963593895860525,0.0007203292731454702,0.0004803911889895566,1.083496627133441,5.708583286830357,0.2582016669333693,5.8400390625,0.00035788289576883515,0.0007885287285221982,-0.6090412729028303,5.787152971540179,0.20503224929784128,5.460009765625,0.00044364213250053795,0.0008587085852932292,-1.1933008026575664,5.335723005022322,0.5647903117018608,5.83001708984375,0.00013968524217669476,0.0008359581131380209,-0.42913601347813496,5.767290736607143,1.1163110148523259,5.4660009765625,2.1535244194698366,1,1.0675759458577572,2.8848681996989374,5.971435546875,0.3606376394026105,40.333970421652324,1,SHORT,2.0
4090.699951171875,4090.800048828125,4085.199951171875,4089.39990234375,1117,5.60009765625,6.014299665178571,6.000048828125,5.93502197265625,0.14707047021083966,0.28446351897412325,0.427306049699165,0.8358994536740229,4082.2149435912356,9.353656481906455,4075.1459048424927,7.103000257166059,4068.138341894644,3.8942234744231428,4071.5681995819855,0.7164314038818702,0.3497788259389518,0.5226361215435962,14,10,3,0,False,1,1,5.60009765625,1.300048828125,0.23214752811927805,0.10009765625,4.199951171875,0.06791399209522027,0.08751735675485386,1.0503482786341147,11.599853515625,17.39990234375,80.26899201891811,7.073427608300335,5.18751978509263,1.8859078232077051,4093.1104470620953,4052.1295431722797,1.0062540560854962,0.909456737988948,84.92262620192308,90.4192594467545,910.55,1.2267310965899731,4090.800048828125,0.3606376394026105,4087.199951171875,0.33139406833624246,4081.199951171875,0.10547349533043392,4077.800048828125,0.14243734843136052,4109.60009765625,4034.0,75.60009765625,-20.2001953125,55.39990234375,4072.0,5.971435546875,5.650006975446429,5.371442522321429,5.964303152901786,5.878574916294643,0.30544639977984284,0.04803911889895566,0.04736912564036713,0.05746482928346726,0.0718631348014959,0.09390486498651776,0.0005684651740474722,0.0006791399209522027,-0.034004568035852265,5.718582589285714,0.2712205408276965,6.000048828125,0.00042669212630095375,0.000675906318048133,-0.301249492582388,5.800725446428571,0.2159576956956034,5.32001953125,0.00041666307780826586,0.0008751735675485387,-1.0654632006469864,5.426081194196429,0.5172925045194783,5.93502197265625,0.00010625390752368569,0.0008206976314374713,-0.3952026422391358,5.726005161830357,1.066130726823542,5.4080029296875,1.7108488469215877,1,1.165150281490126,2.378307660521587,6.014299665178571,0.28446351897412325,42.435770643204506,1,SHORT,2.0
4089.60009765625,4092.5,4087.0,4089.0,1130,5.5,5.94287109375,6.400048828125,5.9500244140625,0.1453380066947909,0.25007235093089536,0.41255461493953344,0.753994145293032,4083.571954872989,9.522915419900528,4076.465342476541,7.397947963328988,4068.9564461340697,4.141506913538706,4071.7416503324134,0.8107947846574461,0.3074883868838154,0.49259691351510504,14,15,3,0,False,1,1,5.5,0.60009765625,0.10910866477272728,2.89990234375,2.0,0.07349841289828488,0.08794506536935981,1.0459898137630588,10.199951171875,16.800048828125,77.17122640366395,7.280146559939112,5.6060451400619264,1.6741014198771857,4094.739234141089,4053.560765858911,1.010725385225828,0.8606253612504317,82.03373278601696,85.68045284612994,943.35,1.1978586950760588,4089.39990234375,0.28446351897412325,4090.800048828125,0.3606376394026105,4087.199951171875,0.33139406833624246,4078.800048828125,0.1620769543585565,4109.60009765625,4034.0,75.60009765625,-20.60009765625,55.0,4072.199951171875,6.014299665178571,5.971435546875,5.650006975446429,5.585728236607143,5.685721261160714,0.24123791511689893,0.06791399209522027,0.04803911889895566,0.04736912564036713,0.07078130689769936,0.09687725221335061,0.0004998611239453554,0.0007349841289828488,0.16664449736409695,5.790011160714286,0.27449370539004325,6.400048828125,0.0004120027358420986,0.0006865368004611016,-0.24604020430792176,5.8264404296875,0.21605203996430203,5.62001953125,0.0003760208682576205,0.0008794506536935981,-0.9098242383034363,5.503225272042411,0.46900918549184667,5.9500244140625,0.00011757285658599015,0.0008137344853604174,-0.4312302025616628,5.681576450892857,1.0070985078416206,5.4280029296875,1.4861477456933239,1,1.2635132453686189,2.115677749245175,5.94287109375,0.25007235093089536,44.49406329842623,1,SHORT,2.0
4089.5,4090.699951171875,4082.60009765625,4087.199951171875,1972,8.099853515625,5.878574916294643,7.1,5.9150146484375,0.14382890454403016,0.1470155854107849,0.2526441432178321,0.5461242600707257,4084.297554132766,8.818332335919877,4077.4876861618113,7.264810062059951,4069.6718777041797,4.214388995360423,4071.8954642711146,0.8624286673971255,0.23819238113275454,0.43069991867706586,14,20,3,0,False,1,1,8.099853515625,2.300048828125,0.28396178075172557,1.199951171875,4.599853515625,0.0840403706684282,0.08455708114694997,1.0409549558418398,6.0,10.300048828125,70.97617851299296,7.215547580661223,5.927945628181787,1.2876019524794362,4096.163487601826,4054.3565075153615,1.0258727077906764,0.7855971320718972,72.69193209134616,79.88276369309536,988.3,1.9953455428513611,4089.0,0.25007235093089536,4089.39990234375,0.28446351897412325,4090.800048828125,0.3606376394026105,4081.199951171875,0.10547349533043392,4109.60009765625,4034.0,75.60009765625,-22.400146484375,53.199951171875,4076.89990234375,5.94287109375,6.014299665178571,5.971435546875,5.371442522321429,5.871442522321429,0.2409531226720321,0.07349841289828488,0.06791399209522027,0.04803911889895566,0.05746482928346726,0.0968278057625985,0.0002941407686464448,0.000840403706684282,0.7822799984448408,5.891437639508928,0.14369617074583932,7.1,0.0002525654684060741,0.0006801373438559426,0.19022979531214804,5.827153669084821,0.21622881013783266,5.760009765625,0.0002726959619934133,0.0008455708114694997,-0.8558181873102912,5.566796875,0.4252874812551622,5.9150146484375,9.597741693561091e-05,0.0008139269090987466,-0.36044005398523776,5.647290387834822,0.9691683857148138,5.4460009765625,0.8642421327002129,0,1.3295413546516597,1.6560814523887095,5.878574916294643,0.1470155854107849,44.92591251919902,1,SHORT,2.0
4074.0,4096.2001953125,4073.5,4092.39990234375,4297,22.7001953125,8.514299665178571,13.7,7.885009765625,0.20805150689946905,0.0733603969198663,0.3580325994606012,0.8079565449423574,4084.4819141222265,2.266970530990875,4079.264839545654,4.118934703161358,4071.3140010515986,3.17565915695468,4072.2568287710756,0.6886291890900793,0.32199583294422635,0.5179139041278829,14,35,3,0,False,1,1,22.7001953125,18.39990234375,0.8105614110561411,3.80029296875,0.5,0.26506607498950313,0.13819351026232843,1.5148833651134377,3.0,14.599853515625,66.88957749008945,6.218697310063817,6.093076815497424,0.1256204945663928,4095.9759961476643,4062.1839647898355,0.828422867892519,0.8941734586463143,87.37448292643361,59.67598433306799,1445.55,2.9725709937394074,4074.199951171875,-0.40579098117996165,4085.699951171875,-0.03669994171853331,4087.199951171875,0.1470155854107849,4089.39990234375,0.28446351897412325,4109.60009765625,4034.0,75.60009765625,-17.2001953125,58.39990234375,4077.800048828125,7.071428571428571,5.742867606026786,5.878574916294643,6.014299665178571,5.964303152901786,0.14243734843136052,0.11266964972841563,0.05486757983443646,0.0840403706684282,0.06791399209522027,0.0718631348014959,0.0001494841522328816,0.002650660749895031,1.2100970675830272,6.630008370535714,1.179961237305907,13.7,0.0003589746631401769,0.001837504240801221,0.8407954984462551,6.174295479910715,0.9392797950240003,9.8500244140625,0.0004033422409367049,0.0013819351026232844,0.6755380040586013,5.907867431640625,0.7429134320059468,7.885009765625,0.00017038808413502693,0.0010709088061480363,0.7313630142543024,5.6204324776785715,0.9608219873612611,6.1240087890625,0.6246124029321848,1,0.9338217829673613,1.5476736397771704,8.514299665178571,0.0733603969198663,39.746779602602764,1,SHORT,2.0
4077.5,4083.5,4072.199951171875,4079.699951171875,1820,11.300048828125,10.742867606026786,14.92001953125,9.0300048828125,0.26332494385870087,0.134995829019585,-0.2713429530595073,0.08586428639237331,4082.536101008839,0.03368394199378599,4079.9669036025466,2.0847022461657616,4072.8185918427425,2.3652398234767134,4072.620630537212,0.5662447166155289,-0.006543004808100126,0.1689581594160569,14,55,3,0,False,1,1,11.300048828125,2.199951171875,0.1946851031651723,3.800048828125,5.300048828125,0.31011972782187563,0.16867836060187166,1.8370592261412724,5.5,-11.10009765625,51.19191300352274,4.128894913510521,5.355259933498266,-1.2263650199877443,4094.763758705484,4068.3161973492033,0.6479799658623772,0.43042735280272737,45.18209100494769,52.712574688404,1658.55,1.0973440655994695,4078.0,-0.18846100457441747,4088.199951171875,0.024466627812355538,4080.300048828125,-0.21276476331315727,4074.199951171875,-0.40579098117996165,4109.60009765625,4034.0,75.60009765625,-29.900146484375,45.699951171875,4090.800048828125,10.278581891741071,9.757149832589286,9.121442522321429,7.071428571428571,5.971435546875,0.3606376394026105,0.33874303577278236,0.3181537814941998,0.3002348743080327,0.11266964972841563,0.04803911889895566,0.0002736903595201401,0.003101197278218756,0.3269802253848852,9.682868303571428,0.889486160147635,14.92001953125,-0.00026935173148115996,0.0022729429124102992,0.8325122985823404,7.9064383370535705,1.996373222420159,12.6,4.426558214383758e-05,0.0016867836060187166,0.3625671217146106,6.846795654296875,1.757760996573577,9.0300048828125,9.706752688779962e-05,0.001234476707334624,0.16556176798807626,5.847861328125,1.5029877576480521,6.6920068359375,1.4502423185232307,1,0.6654007125428825,-0.024847645316924766,10.742867606026786,0.134995829019585,31.356219441563375,0,SHORT,-1.0
4078.0,4087.699951171875,4078.0,4087.699951171875,1829,9.699951171875,11.464285714285714,9.160009765625,9.72501220703125,0.28045810238589297,0.23786049955554192,0.04895122069417635,0.34366792271906627,4081.324383457596,-1.9207550104842994,4079.9329481045706,-0.06205575383592077,4073.816689419508,1.2789693861177511,4072.8873568545796,0.33787526846981564,0.19037085084725971,0.3407925002719117,15,15,3,0,False,1,1,9.699951171875,9.699951171875,1.0,0.0,0.0,0.12218393075767509,0.17383910881566184,1.8444864862286654,9.699951171875,2.0,48.134709850283215,2.707064460246329,3.773840478063555,-1.0667760178172259,4094.4449865873426,4070.904988998595,0.5765826978422539,0.7134649062711986,71.76007786519588,48.39375996971905,1832.65,0.9980083485662837,4078.0,-0.24949736543466283,4076.300048828125,-0.09803200627730338,4075.5,-0.41295823348229704,4078.0,-0.18846100457441747,4109.60009765625,4034.0,75.60009765625,-21.900146484375,53.699951171875,4085.699951171875,11.371442522321429,11.328578404017858,11.1785888671875,10.278581891741071,5.742867606026786,-0.03669994171853331,0.12675449415448173,0.16624787879653902,0.20335035113346456,0.33874303577278236,0.05486757983443646,0.000475865666149855,0.001221839307576751,0.7892754110146187,11.217152622767857,0.2844860642915465,9.160009765625,5.1622589677835506e-05,0.0024419965594508304,0.3522042021190025,10.08286655970982,1.466463870995336,13.4699951171875,0.0001729889654470962,0.0017383910881566182,0.21729893436795078,7.947153145926339,2.4170469544874367,9.72501220703125,0.00010970029320712005,0.0012618891924714296,0.21531043974604064,6.215434919084823,2.121596426495223,6.986005859375,2.7269007270474623,1,0.5335054304727679,0.6787853487838309,11.464285714285714,0.23786049955554192,25.95524323105854,0,SHORT,-1.0
4087.800048828125,4088.0,4082.39990234375,4083.5,895,5.60009765625,11.464285714285714,8.02001953125,9.7650146484375,0.28074655844950935,0.09314530170370626,0.22826687299551898,0.18154368554405548,4081.759506766077,-0.7765942427622576,4080.272667332707,0.30576373016037905,4074.196427089331,1.3778352465883472,4072.9929552938374,0.3723247566254031,0.07909600486093823,0.22835356805110488,15,20,3,0,False,1,1,5.60009765625,4.300048828125,0.7678524718807219,0.199951171875,1.10009765625,0.13973959462928312,0.17555214414808737,1.8125333918130622,3.800048828125,9.300048828125,46.56580757381112,2.687618818523788,3.5565961461556013,-0.8689773276318133,4094.4027502712825,4071.68721554903,0.5563380961348632,0.5200310974585164,57.80679698272366,56.36710195474081,1850.75,0.4835877347021478,4087.699951171875,0.23786049955554192,4078.0,-0.24949736543466283,4076.300048828125,-0.09803200627730338,4079.699951171875,0.134995829019585,4109.60009765625,4034.0,75.60009765625,-26.10009765625,49.5,4074.199951171875,11.464285714285714,11.371442522321429,11.328578404017858,10.742867606026786,7.071428571428571,-0.40579098117996165,0.12218393075767509,0.12675449415448173,0.16624787879653902,0.31011972782187563,0.11266964972841563,0.0001870017120131573,0.0013973959462928313,1.060834468275396,11.361436244419643,0.11807725599972191,8.02001953125,0.00023034603576664868,0.0022681207899591625,0.40875653792326266,10.522152273995536,1.0679412853202,11.47001953125,9.21568805490769e-05,0.0017555214414808737,0.34511721547359414,8.220724051339285,2.4926668486617336,9.7650146484375,0.00012260353873296158,0.0012464970225370912,0.23704152643561358,6.3250066266741065,2.247242106539592,6.946005859375,1.0678443516746323,1,0.5300147252789127,0.2817345484046715,11.464285714285714,0.09314530170370626,24.545701574735784,0,SHORT,-1.0
4084.0,4085.10009765625,4078.699951171875,4079.60009765625,1103,6.400146484375,11.528581891741071,7.380029296875,9.84501953125,0.2825909798944337,0.10060354941111518,-0.3127701347116505,0.04414264570530614,4081.327624944112,0.19874413704064864,4080.208613077806,0.6671288659781567,4074.408335739014,1.484590635202494,4073.058698003911,0.4094170242829023,-0.014913831111618826,0.12742370153958144,15,25,3,0,False,1,1,6.400146484375,4.39990234375,0.6874690062941065,1.10009765625,0.900146484375,0.13815022677048863,0.17689155912597557,1.791263035594679,4.10009765625,-12.7998046875,44.74274946747501,2.3306521735867136,3.311407351641824,-0.9807551780551105,4094.3453242767973,4071.924646426328,0.5491044976691857,0.34233805423333474,44.85035282666883,58.13907589152942,1878.3,0.5872331363466965,4083.5,0.09314530170370626,4087.699951171875,0.23786049955554192,4078.0,-0.24949736543466283,4075.5,-0.41295823348229704,4109.60009765625,4034.0,75.60009765625,-30.0,45.60009765625,4092.39990234375,11.464285714285714,11.464285714285714,11.371442522321429,11.1785888671875,8.514299665178571,0.0733603969198663,0.13973959462928312,0.12218393075767509,0.12675449415448173,0.20335035113346456,0.26506607498950313,0.00020188898446646953,0.0013815022677048864,1.0930786225198432,11.431434849330357,0.08027209064844815,7.380029296875,-0.00031187015071679756,0.001726081775936437,0.04953499162038815,10.823580496651786,0.8391348747786154,9.8400146484375,2.355225621168966e-05,0.0017689155912597556,0.45418784568634,8.49893798828125,2.5376823312989853,9.84501953125,0.00010005361608147689,0.0012557410200849685,0.2745314079292006,6.436007254464285,2.363825436031231,6.9860107421875,1.1598162579858606,1,0.5031214934550885,-0.052775326081498146,11.528581891741071,0.10060354941111518,22.98787194957264,0,SHORT,-1.0
4077.699951171875,4086.10009765625,4075.60009765625,4081.699951171875,1550,10.5,11.971452985491071,8.520068359375,10.48502197265625,0.2932957622731189,0.09072955301311918,-0.15899418026598203,0.012251298784232078,4080.917678011107,1.1871864820814153,4080.186188493822,1.070819659494191,4074.8409126928336,1.5908870183202453,4073.1963144342362,0.4578278743028932,0.037100333370122404,0.16832653411513482,15,35,3,0,False,1,1,10.5,4.0,0.38095238095238093,4.400146484375,2.099853515625,0.14366675114886307,0.17748583057812206,1.790561403263502,3.699951171875,-6.5,47.797340245325536,1.848858575869599,2.7963859744990565,-0.9475273986294575,4094.3725208720944,4071.897449831031,0.5504366405150429,0.4361499602352454,51.826587720009734,45.73606942979962,1992.05,0.7780929193544339,4078.300048828125,0.04906410166187276,4079.60009765625,0.10060354941111518,4083.5,0.09314530170370626,4078.0,-0.24949736543466283,4109.60009765625,4034.0,75.60009765625,-27.900146484375,47.699951171875,4088.199951171875,11.692888532366071,11.528581891741071,11.464285714285714,11.371442522321429,9.757149832589286,0.024466627812355538,0.14010803742688424,0.13815022677048863,0.13973959462928312,0.12675449415448173,0.3181537814941998,0.00018221824288888744,0.0014366675114886307,1.0546115487498164,11.624298967633928,0.21540118477876555,8.520068359375,-0.00015831591047082982,0.0013267491584761865,0.18693615504234476,11.30215541294643,0.4814037580341373,9.0800537109375,7.620827085713655e-06,0.0017748583057812205,0.48270507588514594,9.134296526227677,2.4949934371750357,10.48502197265625,0.00010493333652311865,0.0012611985677017713,0.26225530175761186,6.685865652901786,2.5848849041682365,7.2560107421875,1.086164578291176,1,0.44650184129418025,0.12649461104580959,11.971452985491071,0.09072955301311918,21.34253864704403,0,SHORT,-1.0
4088.5,4104.0,4086.10009765625,4102.7998046875,3645,17.89990234375,10.757149832589286,11.72001953125,11.235009765625,0.2621904636999131,0.4726289870821599,0.5662145204818231,0.2933351842217886,4086.491259239609,4.731752473532197,4083.0476238825563,2.774956549849321,4076.448212950137,2.2517858608061943,4073.640650739522,0.6476954456843487,0.48376072542992793,0.6464350915497636,15,45,3,0,False,1,1,17.89990234375,14.2998046875,0.7988761286450803,1.2001953125,2.39990234375,0.175685083068292,0.1940924097238072,1.556684589736599,19.2998046875,23.099853515625,56.32603478591455,3.7865270611291635,2.915946735891228,0.8705803252379356,4097.789527416937,4069.8004139893123,0.6853701919027899,1.17900807338964,96.27267971279313,72.04368184877582,2058.5,1.7707068253582705,4088.39990234375,0.017123350055924132,4081.699951171875,0.09072955301311918,4078.300048828125,0.04906410166187276,4083.5,0.09314530170370626,4109.60009765625,4034.0,75.60009765625,-6.80029296875,68.7998046875,4079.699951171875,11.100027901785714,11.971452985491071,11.692888532366071,11.464285714285714,10.742867606026786,0.134995829019585,0.1167545766683867,0.14366675114886307,0.14010803742688424,0.13973959462928312,0.31011972782187563,0.0009447088753600008,0.00175685083068292,0.6597652250107817,11.410020228794641,0.4826005290153921,11.72001953125,0.000565855293686579,0.0015489158018654168,0.7732257864200247,11.385728236607143,0.3322119545653198,9.87001953125,0.00014825178110270955,0.001940924097238072,0.4788717781513675,9.646083286830358,2.2640221365298467,11.235009765625,0.0001978558942039932,0.0013614976937294096,0.35885374738054804,6.910295061383928,2.699922530236314,7.670009765625,5.0841408292677,1,0.6134906583178761,1.845073686522826,10.757149832589286,0.4726289870821599,20.417618665213812,1,SHORT,2.0
4102.60009765625,4106.89990234375,4099.5,4100.2001953125,2903,7.39990234375,10.200003487723214,11.919970703125,11.325,0.2487684259754983,0.5049538475127711,0.6060653984173721,0.2641045930127804,4089.2330464541874,7.9054215100754845,4084.6812021139795,4.472589036173304,4077.3796632388576,2.9713274998434827,4073.904924814875,0.8462268109637989,0.37993156456099614,0.5596862190536112,15,50,3,0,False,1,1,7.39990234375,2.39990234375,0.32431540745628507,4.2998046875,0.7001953125,0.16738810814774016,0.19458864645395352,1.4546180814626313,20.60009765625,24.7001953125,63.6866761816808,4.6959845197197865,3.2719542926569396,1.4240302270628469,4099.976764783611,4068.6932059195137,0.7659400851373641,1.0071421071323758,80.91243592151298,81.73896458261024,2147.8,1.3516156066672873,4102.7998046875,0.4726289870821599,4088.39990234375,0.017123350055924132,4081.699951171875,0.09072955301311918,4079.60009765625,0.10060354941111518,4109.60009765625,4034.0,75.60009765625,-9.39990234375,66.2001953125,4075.5,10.757149832589286,11.100027901785714,11.971452985491071,11.528581891741071,11.1785888671875,-0.41295823348229704,0.175685083068292,0.1167545766683867,0.14366675114886307,0.13815022677048863,0.20335035113346456,0.0010089930276692583,0.0016738810814774015,0.8304916628846073,11.144304547991071,0.7121573936026568,11.919970703125,0.0006054410060678638,0.001508135268903386,0.8337309235514554,11.287869698660714,0.5011715798525559,9.65,0.00013368421961713618,0.0019458864645395353,0.49731553362195435,9.855368477957589,2.098007801264933,11.325,0.00018666065362469065,0.0013660712159693448,0.37624586462999793,7.012152273995536,2.7264448738807623,7.7380078125,5.150531005769521,1,0.7158368998510691,1.5272499436822273,10.200003487723214,0.5049538475127711,21.052201148784313,1,SHORT,2.0
4099.60009765625,4099.89990234375,4089.699951171875,4092.60009765625,2512,10.500244140625,10.000034877232142,11.939990234375,11.57501220703125,0.2443442955239864,0.35063748760305247,0.3998736263983074,0.08804347410736121,4089.9064566946,9.184346973685024,4085.4353826418146,5.408537587787578,4077.9765430199323,3.4155910813451555,4074.090946435187,0.9800956867561581,0.17537212912182643,0.3585983019286404,15,55,3,0,False,1,1,10.199951171875,7.0,0.6862777950645061,0.2998046875,2.900146484375,0.20717152437343422,0.19958450574950218,1.4052585461839413,14.300048828125,16.300048828125,53.03881003685756,4.7487313250144325,3.5673096991284385,1.181421625885994,4100.462678980538,4068.5673014882123,0.7808853087474035,0.7534883753553399,59.25964568161426,78.8149204386401,2216.9,1.133113807569128,4100.2001953125,0.5049538475127711,4102.7998046875,0.4726289870821599,4088.39990234375,0.017123350055924132,4078.300048828125,0.04906410166187276,4109.60009765625,4034.0,75.60009765625,-17.0,58.60009765625,4076.300048828125,10.200003487723214,10.757149832589286,11.100027901785714,11.692888532366071,11.328578404017858,-0.09803200627730338,0.16738810814774016,0.175685083068292,0.1167545766683867,0.14010803742688424,0.16624787879653902,0.0007020087887658732,0.002071715243734342,0.1961886533726227,10.805733816964286,0.7848456225617962,11.879931640625,0.00040045112988812415,0.0016973669570317376,0.6197811223681434,11.155015345982143,0.6447148474241973,10.0,4.5894126339829364e-05,0.0019958450574950218,0.5499798362645665,10.058226667131695,1.8851408105517937,11.55999755859375,0.00015106605283857766,0.0013958596745728387,0.3661287280047568,7.116153041294643,2.7394867023374503,7.8820068359375,3.5063871052955777,1,0.7458813607604992,0.71772548954232,10.000034877232142,0.35063748760305247,20.1676264729916,1,SHORT,2.0
4030.199951171875,4030.199951171875,4021.60009765625,4028.10009765625,1603,8.699951171875,8.314261300223214,6.13994140625,7.4949951171875,0.20640652165175502,-0.08928872582838532,-0.5431964511872476,-0.6511259672894315,4034.219940254855,-6.022996180398422,4039.9164907938957,-5.360382826150271,4048.3875285284525,-3.6636187812423486,4062.817788121371,-1.5836170009451962,-0.29249102461827486,-0.5011237370246722,8,0,4,0,True,0,0,8.599853515625,2.099853515625,0.24417317246273954,0.0,6.5,0.0536259478592263,0.14913038507366824,1.4864726755697537,-3.599853515625,-22.0,40.94488188976378,-5.995886207221702,-4.721832803306507,-1.274053403915195,4061.8696307343657,4022.4503887968845,0.9752024126270772,0.14332363033073942,15.55031189402612,16.056862456308817,1005.25,1.594628201939816,4030.300048828125,-0.10410090895711985,4033.89990234375,0.11664725575378904,4034.0,-0.2152015058489094,4031.699951171875,-0.454313375983546,4089.39990234375,4037.5,51.89990234375,-61.2998046875,-9.39990234375,4050.10009765625,8.271414620535714,8.107142857142858,8.178571428571429,8.2357177734375,6.078578404017857,0.11123195301994873,0.056495955337296545,0.07339815886760945,0.17787337961968075,0.188414060052705,0.23049859860316385,-0.00017852620621572335,0.000536259478592263,-0.37262749105562554,8.25570591517857,0.11686348749977897,6.119921875,-0.0005436935821127254,0.001361523339985726,-0.9806096187177569,7.820710100446429,0.7148896659791205,7.939990234375,-0.0003255183474019485,0.0014913038507366825,0.9601742797034689,6.388223702566964,1.6568838207526413,7.45999755859375,-0.00016602777548371472,0.0010942330023035536,0.5201142851241758,5.593282296316964,1.3483834796751029,5.697998046875,-0.7423697977011849,1,-1.0188563275404163,-1.4170629022650743,8.314261300223214,-0.08928872582838532,22.903697269761995,0,LONG,-1.0
4028.5,4029.89990234375,4026.39990234375,4027.89990234375,489,3.5,7.264264787946429,5.33994140625,7.47498779296875,0.1803486919751781,-0.13883965925994793,-0.3291113775320181,-0.5775959865313778,4032.955932672634,-5.938416475569284,4038.772053798644,-5.383212809968882,4047.5840922074835,-3.7395591292820427,4062.4703464718427,-1.6235819825901672,-0.26919448065082235,-0.48631947886221955,8,5,4,0,True,0,0,3.5,0.60009765625,0.17145647321428573,1.39990234375,1.5,0.04263303875770691,0.14883663603964226,1.293791507754326,-5.60009765625,-13.300048828125,19.957703332417594,-6.20468255555852,-5.018402753756909,-1.1862798018016107,4061.187243059704,4020.792761823109,0.9996184403374065,0.17594335421746973,15.071373501857346,14.039724059001612,1021.45,0.4787312154290469,4028.10009765625,-0.08928872582838532,4030.300048828125,-0.10410090895711985,4033.89990234375,0.11664725575378904,4033.5,-0.19053625816367123,4089.39990234375,4037.5,51.89990234375,-61.5,-9.60009765625,4041.199951171875,8.314261300223214,8.271414620535714,8.107142857142858,8.407139369419642,6.5,0.039604254801192444,0.0536259478592263,0.056495955337296545,0.07339815886760945,0.18012578510218752,0.24545883505276775,-0.0002777609248924007,0.0004263303875770691,-0.852765994049171,8.027130998883928,0.4339986332786332,5.319921875,-0.0003289122787122678,0.001235192939986585,-1.630424680429788,7.897136579241073,0.5875137124154974,7.3,-0.00028854160806908723,0.0014883663603964224,0.8851806411249982,6.546793038504464,1.5754024988556494,7.439990234375,-0.00013600079943711042,0.0010758965524413596,0.5053030258534791,5.614710518973214,1.3664978374011918,5.627998046875,-1.00856804793252,1,-1.213066795618672,-1.492633396464402,7.264264787946429,-0.13883965925994793,24.017408732330953,0,LONG,-1.0
4028.0,4030.39990234375,4026.800048828125,4029.39990234375,468,3.599853515625,6.935686383928571,5.059912109375,7.3999755859375,0.1721270301290856,-0.11403315955007436,-0.32898926432246495,-0.6019079922658891,4032.2447266068575,-5.670752711705518,4037.879467945797,-5.308630414376239,4046.8709867226316,-3.7733057381824437,4062.14128732629,-1.653199053969729,-0.2100004635938469,-0.4317183432879989,8,10,4,0,True,0,0,3.599853515625,1.39990234375,0.38887758562224484,1.0,1.199951171875,0.04939679039768286,0.14815203167326615,1.2323233086895522,-4.60009765625,-13.300048828125,21.946238841880742,-6.177902685389199,-5.2503027400833675,-0.9275999453058317,4059.6545317447394,4019.8854584896358,0.9844390473510116,0.23924228239070733,20.580012625774618,17.067232673885993,1027.9,0.4552972078996011,4027.89990234375,-0.13883965925994793,4028.10009765625,-0.08928872582838532,4030.300048828125,-0.10410090895711985,4034.0,-0.2152015058489094,4089.39990234375,4037.5,51.89990234375,-60.0,-8.10009765625,4042.699951171875,7.264264787946429,8.314261300223214,8.271414620535714,8.178571428571429,6.571428571428571,-0.33282382926166454,0.04263303875770691,0.0536259478592263,0.056495955337296545,0.17787337961968075,0.11365503646912532,-0.00022807278851570966,0.0004939679039768286,-0.3273472353519613,7.778553989955357,0.6349771160606149,5.039892578125,-0.00032878971681195025,0.001235270183132339,-1.630357889059341,7.933562360491072,0.501128464476556,7.0999755859375,-0.0003007757762985841,0.0014815203167326616,0.9168702395500502,6.679647391183036,1.4834081915169994,7.36497802734375,-0.00010734673866266586,0.0010698388905774302,0.44620690761001147,5.628138602120536,1.3762750585542605,5.5619970703125,-0.7908982320078051,1,-1.2964136898793361,-1.220031876668983,6.935686383928571,-0.11403315955007436,24.93062558588727,0,LONG,-1.0
4029.699951171875,4034.60009765625,4027.60009765625,4029.10009765625,808,7.0,7.135689871651786,5.779931640625,7.33997802734375,0.17710381223347257,-0.11898670774431586,-0.0024782467198223323,-0.4668948207448123,4031.6158008167363,-5.496563106864414,4037.0433374420304,-5.260170821340125,4046.1740891121854,-3.8135605989400574,4061.8125192698717,-1.6845085627610388,-0.1967588435851035,-0.42197866626351077,8,15,4,0,True,0,0,7.0,0.599853515625,0.085693359375,4.900146484375,1.5,0.04893426652598815,0.145792789462719,1.263466141439265,-4.7998046875,-0.099853515625,21.855871456185568,-6.110433899668351,-5.422328972000365,-0.688104927667986,4058.85854398195,4018.7914560180498,0.9920481319170829,0.2572845235842491,21.61386326698609,19.088416464872648,1043.4,0.7743914126892849,4029.39990234375,-0.11403315955007436,4027.89990234375,-0.13883965925994793,4028.10009765625,-0.08928872582838532,4033.89990234375,0.11664725575378904,4089.39990234375,4037.5,51.89990234375,-60.2998046875,-8.39990234375,4029.199951171875,6.935686383928571,7.264264787946429,8.314261300223214,8.107142857142858,7.564278738839286,-0.6729951640114631,0.04939679039768286,0.04263303875770691,0.0536259478592263,0.07339815886760945,0.15359001295976146,-0.00023799094906631346,0.0004893426652598815,-0.2523157886635148,7.584263392857143,0.6575224714869791,5.759912109375,-2.29490168663915e-06,0.0006384240260847704,0.6595532685384954,7.890703473772321,0.5519690928038471,6.0499755859375,-0.00023295757364272252,0.0014579278946271902,0.8343786946371893,6.810001918247768,1.3964356566483396,7.30498046875,-0.00011475875433648585,0.0010682686594795036,0.4687147838719525,5.647709612165179,1.390831762591841,5.60599609375,-0.8490522453123057,1,-1.2795891966141941,-1.1109802838445966,7.135689871651786,-0.11898670774431586,24.80549058907824,0,LONG,-1.0
4030.39990234375,4032.0,4027.89990234375,4029.60009765625,496,4.10009765625,5.264229910714286,4.7599609375,6.4399658203125,0.13063901586105622,-0.05704022280322782,-0.017367222375379278,-0.6606795516392584,4031.3381146455527,-0.33450647658673915,4034.5503107811414,-2.0031756991479597,4043.076700203506,-2.5376168785451227,4060.0604912664835,-1.4543900240237235,-0.12269553589810131,-0.3333254238431228,8,45,4,0,True,0,0,4.10009765625,0.7998046875,0.19506966773847803,1.60009765625,1.7001953125,0.06277360575690072,0.10793147406553259,0.9280158717422745,-2.2998046875,-0.699951171875,45.49379158589616,-4.419990481367677,-4.92835332352611,0.5083628421584336,4044.437789595988,4022.1721957555746,0.5520433956977235,0.3336044820503878,47.61960123234319,50.595341897730975,834.35,0.5944747408162042,4030.89990234375,0.04467014082243716,4029.800048828125,0.00993067191326058,4033.5,0.13903269177546895,4031.89990234375,0.039695642911008154,4089.39990234375,4037.5,51.89990234375,-59.7998046875,-7.89990234375,4030.300048828125,5.428519112723214,5.857107979910714,6.6142578125,7.049979073660714,8.271414620535714,-0.10410090895711985,0.07035553067193169,0.06980446989234847,0.04641926948269978,0.047327297935150885,0.056495955337296545,-0.00011394885085360684,0.0006277360575690071,0.16821677576227692,5.9671072823660705,0.6540405422482204,4.7599609375,-1.7240290346554055e-05,0.0005339251862469599,-0.08174182607406513,6.653541782924107,0.9229929893935878,5.1599365234375,-0.00033082694673085554,0.001079314740655326,-1.2908731238654447,7.125341796875,1.0002725144437867,6.42996826171875,-0.00011179661252118222,0.001056636461958062,0.5187226317582698,5.6725645228794646,1.4135469452920273,5.6499951171875,-0.3002728469945589,1,-1.619684088077287,-0.9391951944019284,5.264229910714286,-0.05704022280322782,22.586947540697672,0,LONG,-1.0
4029.39990234375,4032.199951171875,4026.89990234375,4032.199951171875,654,5.300048828125,5.107090541294643,4.899951171875,6.38997802734375,0.1266576708283123,-0.06444179698583025,0.10178132162133954,-0.44196800209292664,4031.510481950817,-0.7876247125195732,4034.32646700883,-2.0600254093483272,4042.650161025795,-2.5400671051215795,4059.7832719620596,-1.465790099966398,-0.05271055414937235,-0.2584989904560142,8,50,4,0,True,0,0,5.300048828125,2.800048828125,0.5283062324381593,0.0,2.5,0.060355156083983987,0.1060055673789333,0.9011767076372542,-2.60009765625,4.099853515625,47.30273221829381,-4.080922508142976,-4.758867160449483,0.6779446523065076,4040.2482967664982,4024.571673936627,0.38876559890534956,0.48660207737552563,69.28097274526074,57.419065940760696,837.4,0.7809887747790781,4029.60009765625,-0.05704022280322782,4030.89990234375,0.04467014082243716,4029.800048828125,0.00993067191326058,4034.800048828125,0.1663303048445436,4089.39990234375,4037.5,51.89990234375,-57.199951171875,-5.300048828125,4028.10009765625,5.264229910714286,5.428519112723214,5.857107979910714,6.671421595982143,8.314261300223214,-0.08928872582838532,0.06277360575690072,0.07035553067193169,0.06980446989234847,0.03854169943230516,0.0536259478592263,-0.00012877110177162977,0.0006035515608398399,0.04478046578949686,5.654241071428571,0.6052313475944726,4.899951171875,0.00010186390115570764,0.0005357453821208022,-0.533888837772811,6.332824707031251,0.8348101731088307,4.8299560546875,-0.00022091484047850884,0.001060055673789333,-1.574159418087029,7.076767403738839,1.0746062205717184,6.38497314453125,-0.00010284144916390403,0.001061198262364358,0.4928803983365838,5.6671355329241075,1.4152195336358955,5.66599609375,-0.32911009185036333,1,-1.6298309085499225,-0.4161655097923192,5.107090541294643,-0.06444179698583025,22.75042924603695,0,LONG,-1.0
4032.10009765625,4033.0,4025.699951171875,4029.0,672,7.300048828125,5.271379743303571,5.4,6.2599853515625,0.13083593306784738,-0.11156563778356265,0.02731194128259931,-0.30188932295560467,4031.008385560654,-1.5300997700155676,4033.8191844365606,-2.29240394179169,4042.1148605934113,-2.616927218645742,4059.476970748507,-1.4959812432502986,-0.11946952047712392,-0.3244554161799837,8,55,4,0,True,0,0,7.300048828125,3.10009765625,0.42466807130196316,0.89990234375,3.300048828125,0.06740242078525034,0.09644502743174323,0.930941006115504,-4.5,1.10009765625,40.67140384440194,-4.024031482909777,-4.6119000249415425,0.5878685420317655,4038.586327140647,4025.0136484452905,0.33664067504465195,0.29370411281255066,48.36599221293164,55.088855396845155,818.05,0.8214656805818715,4032.199951171875,-0.06444179698583025,4029.60009765625,-0.05704022280322782,4030.89990234375,0.04467014082243716,4033.5,0.13903269177546895,4089.39990234375,4037.5,51.89990234375,-60.39990234375,-8.5,4027.89990234375,5.107090541294643,5.264229910714286,5.428519112723214,6.6142578125,7.264264787946429,-0.13883965925994793,0.060355156083983987,0.06277360575690072,0.07035553067193169,0.04641926948269978,0.04263303875770691,-0.00022304917039885907,0.0006740242078525034,0.3472248964480889,5.385665457589285,0.28701319139308407,5.4,2.7473937010491502e-05,0.0006061492515386885,-0.35145570751200345,6.133536202566964,0.8255703706936642,5.2099609375,-0.00015071917085088816,0.0009644502743174322,-1.8421332499307406,7.015336390904016,1.142298712804357,6.25498046875,-0.0001300618092274086,0.0010611102797444224,0.5619634859772762,5.662420828683036,1.4161558683440174,5.677998046875,-0.5881048430610157,1,-1.5737200810450123,-0.9131246873530592,5.271379743303571,-0.11156563778356265,23.10597880626436,0,LONG,-1.0
4039.800048828125,4042.199951171875,4031.699951171875,4035.300048828125,1407,10.5,7.235735212053571,6.460009765625,6.7150146484375,0.17931095890019064,-0.37772301533735414,-0.4882752176590894,-0.16823058963997217,4044.118481139043,-5.730502048569633,4044.5010284280165,-1.509869680141037,4043.7216741772995,-0.2486823713229569,4055.7502407429047,-0.6634793908478969,-0.22749356558991124,-0.20826421865169317,11,10,4,0,True,0,0,10.5,4.5,0.42857142857142855,2.39990234375,3.60009765625,0.041341089982123956,0.10562103591684693,1.046405332403657,-15.300048828125,-19.800048828125,41.35342141372237,0.8205528885355307,2.625159921479291,-1.8046070329437605,4060.476358391339,4032.1236660227232,0.7007066278595355,0.11203108206110864,12.500317890899844,17.35259482150831,1038.3,1.3550996821727825,4039.800048828125,-0.16804350971235135,4042.699951171875,-0.1925700241482533,4047.699951171875,-0.18986909693973567,4050.60009765625,-0.11097136671424934,4089.39990234375,4037.5,51.89990234375,-54.099853515625,-2.199951171875,4055.10009765625,7.057163783482143,6.921439034598214,6.664289202008929,6.978585379464286,7.492867606026786,0.4259688384676489,0.08241557043837158,0.0859121006914379,0.0852494223367159,0.09529470110278206,0.1542524536837355,-0.0007565216052322743,0.00041341089982123956,-0.11608354010521782,6.951443917410714,0.21252276585161223,6.460009765625,-0.000489099826698014,0.0007476786585467024,1.0575756285686284,6.905733816964286,0.17749920859519447,6.510009765625,-8.365308529283965e-05,0.0010562103591684694,1.3300899465116975,7.072868129185268,0.23338750001287603,6.7150146484375,-0.00010429388064203682,0.001008080012503865,-0.2238478559915121,6.914849330357142,0.7992466159625214,6.8519921875,-2.7331037224795445,1,0.10770906174381935,-1.2687097709211423,7.235735212053571,-0.37772301533735414,22.475877563819626,1,LONG,2.0
4038.800048828125,4039.199951171875,4031.89990234375,4037.10009765625,953,7.300048828125,6.871442522321429,7.640087890625,6.89002685546875,0.17020738540296942,-0.2618734996045389,-0.45124537969545087,-0.07920082996813899,4041.847839647738,-7.419484201709565,4043.2963118109024,-3.1243876342814474,4043.272796953279,-1.0295527285597927,4055.396700662954,-0.8562948698458968,-0.15324660071418822,-0.1526659121709569,11,20,4,0,True,0,0,7.300048828125,1.699951171875,0.23286846593759405,0.39990234375,5.2001953125,0.08329255911684139,0.10701662532694754,0.9875205349165634,-10.599853515625,-18.2998046875,30.21733938380703,-0.28141583349906796,1.6679789220119599,-1.9493947555110278,4060.7751209408043,4031.094898590446,0.7335812927968303,0.20232998913943293,18.750476836349765,18.518769691575148,1068.4,0.8919880194683638,4038.699951171875,-0.25191907475832254,4035.300048828125,-0.37772301533735414,4039.800048828125,-0.16804350971235135,4047.699951171875,-0.18986909693973567,4089.39990234375,4037.5,51.89990234375,-52.2998046875,-0.39990234375,4055.39990234375,7.364310128348214,7.235735212053571,7.057163783482143,6.664289202008929,6.792881556919643,0.2868552691913287,0.08379350474820725,0.041341089982123956,0.08241557043837158,0.0852494223367159,0.15254102287669902,-0.0005240189652420124,0.0008329255911684138,1.4290060719552908,7.0900181361607135,0.20841256207577652,7.640087890625,-0.0004518776004505787,0.0007981986337532683,1.0392548002104862,6.945732770647322,0.22297920919240302,6.77001953125,-3.90717149348796e-05,0.0010701662532694755,1.1827248270116577,7.073585728236607,0.2464992109238939,6.89002685546875,-6.381111327520728e-05,0.000995802604857177,-0.27615129852283216,6.958278111049107,0.7804754778727399,6.917998046875,-1.7994487006517523,1,0.003422113704230424,-0.9003522400122286,6.871442522321429,-0.2618734996045389,22.971582521955206,0,LONG,-1.0
4036.800048828125,4038.10009765625,4029.300048828125,4029.39990234375,976,8.800048828125,6.842878069196429,7.980078125,7.01502685546875,0.16982375130391464,-0.32898926432246495,-0.5209257537649673,-0.2352125635618552,4039.3582521869407,-8.595597126992743,4041.972844242602,-4.093498224171526,4042.7287618705523,-1.5107486540332502,4055.138026052813,-0.9801133171922629,-0.3110595341272786,-0.3296995745179565,11,25,4,0,True,0,0,8.800048828125,7.400146484375,0.8409210708836177,1.300048828125,0.099853515625,0.10114926231337355,0.11478585872955355,0.9824472043350879,-13.300048828125,-21.10009765625,19.432940269444813,-1.3291899388391357,1.0685451498417409,-2.397735088680877,4061.7823665004576,4029.137653030792,0.8069468834412421,0.008033438957937563,0.32632024063125814,14.460770474818952,1092.0,0.8937728937728938,4037.10009765625,-0.2618734996045389,4038.699951171875,-0.25191907475832254,4035.300048828125,-0.37772301533735414,4042.699951171875,-0.1925700241482533,4089.39990234375,4037.5,51.89990234375,-60.0,-8.10009765625,4050.5,6.871442522321429,7.364310128348214,7.235735212053571,6.921439034598214,6.707170758928571,-0.11836482554508114,0.08329255911684139,0.08379350474820725,0.041341089982123956,0.0859121006914379,0.10059306851516224,-0.0006584366869653469,0.0010114926231337355,0.5463111247865106,7.074305943080357,0.22647743722194374,7.980078125,-0.0005217892569221227,0.0008963847218488514,0.5157921250045686,6.959303501674107,0.2106347967343434,6.8400146484375,-0.00011711235801206699,0.0011478585872955354,0.9344187522566785,7.060372488839285,0.251635022651114,7.01502685546875,-5.8008019578388306e-05,0.0009838887596368047,-0.22776692225963777,6.9651356724330356,0.7778686689643167,6.8960009765625,-2.2512334218332626,1,-0.11046779152078043,-1.8316609528346246,6.842878069196429,-0.32898926432246495,23.705210894887145,1,LONG,2.0
4029.300048828125,4035.199951171875,4029.0,4031.10009765625,1347,6.199951171875,6.700020926339286,7.8400390625,7.1500244140625,0.16620824995724595,-0.21535598462103844,-0.38303760257845704,-0.14862153166534853,4037.706621280803,-8.616467935969013,4040.937344567711,-4.532208028715104,4042.2727358229326,-1.7926781645369374,4054.898842685683,-1.056927624204036,-0.24343972877197487,-0.2763949613708611,11,30,4,0,True,0,0,6.199951171875,1.800048828125,0.2903327426658791,4.099853515625,0.300048828125,0.11176590520568373,0.115117888838207,0.9615818269579185,-8.699951171875,-15.5,24.248981003174876,-1.9993199971386275,0.45497212044566715,-2.454292117584295,4062.3279772440324,4027.992042287218,0.8488152477015102,0.09051902541582978,7.34297372509518,8.806590267358699,1133.25,1.188616810059563,4029.39990234375,-0.32898926432246495,4037.10009765625,-0.2618734996045389,4038.699951171875,-0.25191907475832254,4039.800048828125,-0.16804350971235135,4089.39990234375,4037.5,51.89990234375,-58.2998046875,-6.39990234375,4046.60009765625,6.842878069196429,6.871442522321429,7.364310128348214,7.057163783482143,6.778599330357143,-0.32022858624684136,0.10114926231337355,0.08329255911684139,0.08379350474820725,0.08241557043837158,0.07202271919036483,-0.0004305835376071654,0.0011176590520568374,-0.2556213514542777,7.0028773716517865,0.28260101482568195,7.8400390625,-0.00038331250614531687,0.0009271175780045941,0.06288554991331465,6.951445661272322,0.21940808203005663,6.810009765625,-7.373410420283833e-05,0.00115117888838207,0.8080524181313995,7.039658900669643,0.26372317161657055,7.1500244140625,-5.699260674870254e-05,0.0009843668177877845,-0.22995661813747806,6.96770751953125,0.7767521794928764,6.907998046875,-1.442889603573359,1,-0.1993115051285651,-1.464666939424459,6.700020926339286,-0.21535598462103844,24.42964370279907,1,LONG,2.0
4030.800048828125,4035.0,4030.5,4032.39990234375,862,4.5,6.621442522321429,6.6400390625,7.1250244140625,0.164205998479289,-0.07186941365654381,-0.4493209616775292,-0.13620941907964562,4036.6452774933928,-7.473203645650301,4040.1242548320956,-4.376773595920895,4041.885565882573,-1.8361082947267278,4054.6749726325297,-1.0752681103749637,-0.19119096347363823,-0.23468411918662357,11,35,4,0,True,0,0,4.5,1.599853515625,0.3555230034722222,2.60009765625,0.300048828125,0.10821422481387055,0.1153058334525422,0.9528831050588129,-2.900146484375,-18.2001953125,27.391131279356742,-2.397878272905018,-0.11559795822446989,-2.2822803146805484,4062.706401060499,4027.063618470751,0.8811816035238382,0.14971569235825932,11.8877298413945,6.519007935706942,1145.35,0.7526083729864235,4031.10009765625,-0.21535598462103844,4029.39990234375,-0.32898926432246495,4037.10009765625,-0.2618734996045389,4035.300048828125,-0.37772301533735414,4089.39990234375,4037.5,51.89990234375,-57.0,-5.10009765625,4050.60009765625,6.700020926339286,6.842878069196429,6.871442522321429,7.235735212053571,6.978585379464286,-0.11097136671424934,0.11176590520568373,0.10114926231337355,0.08329255911684139,0.041341089982123956,0.09529470110278206,-0.00014331140206489402,0.0010821422481387055,-1.4026170050014026,6.880018833705359,0.2895047508407436,6.6400390625,-0.0004499165036485842,0.0008371796934657249,-0.14339684959543178,6.915731375558036,0.2423655557472516,6.5500244140625,-6.751757931092728e-05,0.001153058334525422,0.7877419469590268,7.011802455357143,0.27734995293845033,7.1250244140625,1.6243325530860274e-05,0.0008640416960758317,0.5616850689508897,6.948850795200894,0.7734111678732504,6.647998046875,-0.4758791916397476,1,-0.2660011084502563,-1.1643360488913734,6.621442522321429,-0.07186941365654381,25.102331310145857,1,LONG,2.0
4032.199951171875,4033.699951171875,4030.10009765625,4030.699951171875,532,3.599853515625,6.4857177734375,6.07998046875,6.90501708984375,0.16090797757227895,-0.1980835441285681,-0.44950360865527345,-0.3412053116114476,4035.4562122290895,-7.578562916520241,4039.2267021025505,-4.721842777262282,4041.446914325291,-2.077829538070546,4054.4364152050607,-1.144170915246832,-0.21109859781420556,-0.26591870142651786,11,40,4,0,True,0,0,3.599853515625,1.5,0.41668362156663274,1.5,0.599853515625,0.09314044751408211,0.10828401307331845,0.9375917160512145,-8.0,-18.199951171875,22.857050872740345,-2.818421422638494,-0.6561626511072747,-2.162258771531219,4063.1139759670173,4025.2760386814202,0.9356110973153083,0.14334588192574052,5.94386492069725,8.391522829062273,1118.15,0.475785896346644,4032.39990234375,-0.07186941365654381,4031.10009765625,-0.21535598462103844,4029.39990234375,-0.32898926432246495,4038.699951171875,-0.25191907475832254,4089.39990234375,4037.5,51.89990234375,-58.699951171875,-6.800048828125,4048.89990234375,6.621442522321429,6.700020926339286,6.842878069196429,7.364310128348214,6.878592354910714,-0.10609022204497351,0.10821422481387055,0.11176590520568373,0.10114926231337355,0.08379350474820725,0.09500291545831334,-0.0003961340461078322,0.0009314044751408212,-1.3060939210194489,6.704300362723214,0.15953241510539518,6.07998046875,-0.00045009989799147385,0.0008371725490628718,-0.14258014635900337,6.876443917410714,0.27824188337794165,6.460009765625,-0.0001703230930774291,0.0010828401307331845,1.0394586641042463,6.96751708984375,0.28743417711132363,6.90501708984375,-1.8496330339292654e-05,0.0008454601720996363,0.6479315901436583,6.917422223772323,0.7592539613075632,6.5319921875,-1.2847139627801454,1,-0.3423232863806364,-1.311921267044583,6.4857177734375,-0.1980835441285681,25.792235739434577,1,LONG,2.0
4053.89990234375,4061.300048828125,4053.39990234375,4060.800048828125,1465,7.900146484375,6.785714285714286,9.180029296875,6.464990234375,0.16710289115743393,0.47008757906044457,0.7542712192578401,0.661856437012737,4046.1299321859537,9.475199724931372,4041.643567668733,5.1018970847717355,4040.4506748270965,1.8700901153410996,4051.2370687279654,-0.13528811886726544,0.4739775004563749,0.5036411934888761,13,35,4,0,False,0,0,7.900146484375,6.900146484375,0.8734200686053339,0.5,0.5,0.14706171179162106,0.10053259734116987,1.0574823397840336,19.0,30.400146484375,75.96542239685658,3.3207005736621795,0.6115101554514578,2.7091904182107216,4054.070279779535,4024.009725103277,0.7442499865831471,1.2238737482081452,95.89469689918596,80.3634768758403,767.45,1.9089191478272198,4054.199951171875,0.3018295688242207,4041.89990234375,0.19831924920476812,4044.5,0.25779980892869225,4041.800048828125,0.2828539787762899,4089.39990234375,4037.5,51.89990234375,-28.599853515625,23.300048828125,4030.39990234375,6.442836216517857,5.228550502232143,5.207118443080357,5.457118443080357,4.949986049107143,-0.16596554830012308,0.14655566369599807,0.10486352715262748,0.09282477577362933,0.10102224660919867,0.03202032748548124,0.0009392762583237957,0.0014706171179162107,0.5634161732120487,5.734266880580357,0.8170062120997311,9.180029296875,0.000752376547717537,0.001205652039919927,0.7137986653289922,5.464979771205357,0.6368233348344091,7.889990234375,0.0003303718161847879,0.0010053259734116987,1.3601550867272112,5.633202253069196,0.645492390926149,6.464990234375,0.00010519347699470938,0.0010123472862981556,0.9536414583787673,6.416858258928571,0.8065027815877757,6.422001953125,3.1898800007673023,1,0.17579473455694633,2.8364410524161596,6.785714285714286,0.47008757906044457,23.166163471030554,0,SHORT,-1.0
4060.10009765625,4070.5,4059.5,4065.39990234375,2372,11.0,7.357142857142857,10.280029296875,6.439990234375,0.18096972090990063,0.5167487289838051,0.7758807151484591,0.6411660439101374,4052.203137067761,13.268092667706696,4045.4878091311793,7.795412778010359,4042.165651787359,3.2580033970334625,4051.4643181960437,0.26153751342098985,0.49220499855731936,0.5747970904190283,13,45,4,0,False,0,0,11.0,5.2998046875,0.48180042613636365,5.10009765625,0.60009765625,0.14836055073249366,0.10209693061316472,1.146227153527027,20.89990234375,31.2998046875,79.37730068634669,5.513416518772829,2.1878644888309937,3.325552029941835,4062.414242714584,4020.765762168229,1.0304974161455391,1.0716871201541922,87.97144008752231,92.47154652019238,874.85,2.711321940904155,4060.0,0.4676920117547083,4060.800048828125,0.47008757906044457,4054.199951171875,0.3018295688242207,4044.5,0.25779980892869225,4089.39990234375,4037.5,51.89990234375,-24.0,27.89990234375,4034.10009765625,6.892857142857143,6.785714285714286,6.442836216517857,5.207118443080357,5.035696847098214,-0.04212178877317311,0.1475157119011081,0.14706171179162106,0.14655566369599807,0.09282477577362933,0.07930508170095595,0.0010322472301626862,0.0014836055073249364,0.2311028743554007,6.541420200892857,0.8034202859668881,10.280029296875,0.0007738301426203686,0.001198086934137918,0.6975794150565595,5.885696847098214,0.8885114856457346,8.37001953125,0.0003201052866827647,0.0010209693061316472,1.3498953518277108,5.701057652064732,0.7590128579860062,6.439990234375,0.00011201286307920278,0.0010255733735809376,0.9294318342637318,6.418573172433035,0.8093466503481026,6.5560009765625,3.8017942203808515,1,0.45155536712122435,2.7198196255293636,7.357142857142857,0.5167487289838051,28.620415422781928,0,SHORT,-1.0
4059.60009765625,4065.699951171875,4059.60009765625,4064.199951171875,1092,6.099853515625,7.849993024553571,7.780029296875,6.67999267578125,0.19314977409736195,0.24665778995704143,0.5492318449251609,0.6862368678774928,4055.7860135827423,13.323610557331904,4048.4859427585307,8.858846790786174,4043.6866338067257,4.066545673549172,4051.671188438895,0.5302300636953987,0.3881453124828498,0.5072924591547312,13,55,4,0,False,0,0,6.099853515625,4.599853515625,0.754092455473284,1.5,0.0,0.12805806683329773,0.10883753551949485,1.2180779819937146,10.0,22.199951171875,79.64929263163305,6.520538036035759,3.649962100605225,2.8705759354305345,4068.0474351135663,4020.1225844176834,1.1850604173788228,0.919718394823882,85.14136005067081,82.46847469338397,908.8,1.2015845070422535,4059.60009765625,0.43791770553833614,4065.39990234375,0.5167487289838051,4060.0,0.4676920117547083,4054.199951171875,0.3018295688242207,4089.39990234375,4037.5,51.89990234375,-25.199951171875,26.699951171875,4042.0,7.7071533203125,7.357142857142857,6.892857142857143,6.442836216517857,5.485682896205357,0.19831432821021316,0.17263775871261386,0.14836055073249366,0.1475157119011081,0.14655566369599807,0.11924175015048401,0.00049348554999884,0.0012805806683329774,-1.0121325711302487,7.318572126116071,0.47435797192631796,7.780029296875,0.0005486375165190905,0.0012987767668546566,0.44873146668117225,6.393559919084821,1.092640563251332,8.3500244140625,0.00034256711816215145,0.0010883753551949485,0.8622766507161672,5.8349853515625,0.9768950264340119,6.67999267578125,0.00012544052396518124,0.0010516794688035234,0.7837865843117889,6.444573451450892,0.8422947370294622,6.602001953125,1.9362619306145752,1,0.6113774798007412,2.0095561296758,7.849993024553571,0.24665778995704143,33.75521563253372,0,SHORT,-1.0
4058.60009765625,4063.300048828125,4057.699951171875,4063.10009765625,938,5.60009765625,8.014299665178571,7.9,7.0,0.19724593223291553,0.07635708512931035,0.5444062128715773,0.6564930723602409,4057.699083849205,8.795138100441818,4050.7492815154865,7.35748219615698,4045.009852864744,3.792537834788618,4051.8531672853073,0.5289052113512298,0.30490201398351613,0.44722375098033745,14,5,4,0,False,1,1,5.60009765625,4.5,0.8035574156421659,0.199951171875,0.900146484375,0.1422860855554718,0.11651535473580298,1.236447151281961,3.10009765625,22.0,73.84876082172858,6.729390741040788,4.718294821216734,2.0110959198240543,4071.9478335356885,4021.0221859955614,1.2585156603132146,0.8262616911750245,80.62850313484633,79.0086899717741,981.6,0.9555827220863895,4058.60009765625,-0.05417531386481013,4064.199951171875,0.24665778995704143,4059.60009765625,0.43791770553833614,4060.0,0.4676920117547083,4089.39990234375,4037.5,51.89990234375,-26.2998046875,25.60009765625,4041.10009765625,8.135707310267858,7.849993024553571,7.7071533203125,6.892857142857143,5.007114955357143,0.29783325579278774,0.1319792717167864,0.12805806683329773,0.17263775871261386,0.1475157119011081,0.09791381685645571,0.00015347751071188577,0.0014228608555547177,-0.5923962620575233,7.812859235491071,0.30209237096815555,7.9,0.0005439929387050068,0.0014270213404603187,0.045379225729183355,6.962137276785714,1.0736589086444803,8.72001953125,0.0003278716793168157,0.0011651535473580297,0.577237329158679,6.0592721121651785,1.1951875775676495,7.0,0.0001250087570882541,0.001079406936077761,0.6879612625085172,6.48171630859375,0.8925002533752835,6.712001953125,0.6119485617858436,1,0.7161484958791503,1.5457962074648828,8.014299665178571,0.07635708512931035,36.73709738901983,0,SHORT,-1.0
4060.5,4064.39990234375,4057.800048828125,4062.5,802,6.599853515625,7.964285714285714,6.819921875,7.27498779296875,0.19604395604395608,0.07143320213792033,0.5096637263160514,0.6765476099938172,4059.059405850992,5.376876665533018,4052.6827409787343,5.850904368976899,4046.268070720144,3.4187151732203347,4052.04133210148,0.4960608759815841,0.24224099562490872,0.40115802997123695,14,15,4,0,False,1,1,6.599853515625,2.0,0.3030370288166315,1.89990234375,2.699951171875,0.11335049050481519,0.11794330712318062,1.222614098986275,2.89990234375,20.60009765625,67.76438829134545,6.639677962310088,5.406604548489534,1.233073413820554,4074.818190572817,4023.3218240756205,1.2718072644841052,0.7607949567958816,76.33139513886381,76.34880431401172,1053.8,0.7610552286961473,4060.199951171875,-0.12790749487835545,4063.10009765625,0.07635708512931035,4058.60009765625,-0.05417531386481013,4059.60009765625,0.43791770553833614,4089.39990234375,4037.5,51.89990234375,-26.89990234375,25.0,4041.89990234375,8.2071533203125,8.014299665178571,8.135707310267858,7.7071533203125,5.228550502232143,0.19831924920476812,0.12874948796632685,0.1422860855554718,0.1319792717167864,0.17263775871261386,0.10486352715262748,0.00014333960702477276,0.001133504905048152,-0.6307458459722675,8.034287806919643,0.14091911418514982,6.819921875,0.0005094180770234602,0.0014298790249669775,0.11945234366373883,7.5357142857142865,0.6283786407312728,8.839990234375,0.0003378517845384732,0.0011794330712318062,0.4975636266347022,6.335346330915178,1.3125623292643664,7.27498779296875,9.283345858434488e-05,0.0010649329391919052,0.7418882358818686,6.514145159040179,0.9354323790803212,6.7399951171875,0.5689144313127227,1,0.8054294495091056,1.2356463341853525,7.964285714285714,0.07143320213792033,39.60316408611732,0,SHORT,-1.0
4063.89990234375,4068.0,4062.800048828125,4065.89990234375,1482,5.199951171875,8.114275251116071,6.399951171875,7.51497802734375,0.19956898708791806,0.17986016143141256,0.1255874077596292,0.8808058966892123,4061.314015838385,4.965185440941241,4054.9684106637146,5.519215057782276,4047.7286572120106,3.4571816856955593,4052.3029477527807,0.5628149435633532,0.2695826594182054,0.44892448754841596,14,25,4,0,False,1,1,5.199951171875,2.0,0.38461899619700457,2.10009765625,1.099853515625,0.06675550010481615,0.11318387478740403,1.240362436780315,7.2998046875,5.099853515625,70.59794466659636,6.859890103016369,5.9119061109404605,0.9479839920759083,4076.9958953145187,4027.754129099544,1.2151334974340455,0.7746629777184066,84.56345597692957,80.81921876385817,1149.0,1.2898172323759791,4064.60009765625,0.009845639712180533,4062.5,0.07143320213792033,4060.199951171875,-0.12790749487835545,4058.60009765625,-0.05417531386481013,4089.39990234375,4037.5,51.89990234375,-23.5,28.39990234375,4060.800048828125,8.007132393973214,7.964285714285714,8.2071533203125,8.135707310267858,6.785714285714286,0.47008757906044457,0.10275462337956569,0.11335049050481519,0.12874948796632685,0.1319792717167864,0.14706171179162106,0.0003596400457739124,0.0006675550010481616,-1.125768306772379,8.061429268973214,0.09827819871860244,6.399951171875,0.00012598135569216184,0.0010163056089671193,-0.5161174130211273,7.825,0.4105498412830822,7.1399658203125,0.00043917895170484945,0.0011318387478740403,0.3494295799418762,6.644989885602679,1.318199202047664,7.51497802734375,3.148388273918501e-05,0.0009805140112925776,0.6583077776706321,6.541858258928571,0.9706794992348353,6.519990234375,1.4594348565646522,1,0.8922242871546948,1.3508244109063074,8.114275251116071,0.17986016143141256,42.81387868981359,0,SHORT,-1.0
4065.699951171875,4070.39990234375,4064.60009765625,4068.0,1228,5.7998046875,8.007114955357142,6.439892578125,7.58497314453125,0.19683173439914312,0.12059516689181371,0.19704433497536944,0.9654737137550464,4062.651212670708,4.952128821502811,4056.2095144100276,5.46023289454115,4048.5236118311477,3.513758966403657,4052.45913732738,0.6059700420728404,0.2906774304454856,0.48107384410296444,14,30,4,0,False,1,1,5.7998046875,2.300048828125,0.3965734972217545,2.39990234375,1.099853515625,0.05421721583758484,0.11175807637189092,1.222060431787943,4.89990234375,8.0,69.94909928954546,7.036803351916205,6.136885559135609,0.8999177927805961,4077.2897857745947,4031.3502288738428,1.1331014033860467,0.7977824254016112,91.61075200104865,85.91233771791978,1176.9,1.0434191520095164,4065.89990234375,0.17986016143141256,4064.60009765625,0.009845639712180533,4062.5,0.07143320213792033,4063.10009765625,0.07635708512931035,4089.39990234375,4037.5,51.89990234375,-21.39990234375,30.5,4060.0,8.114275251116071,8.007132393973214,7.964285714285714,8.014299665178571,6.892857142857143,0.4676920117547083,0.06675550010481615,0.10275462337956569,0.11335049050481519,0.1422860855554718,0.1475157119011081,0.00024119167720357826,0.0005421721583758484,-2.076253717812952,8.05999232700893,0.09918787535807212,6.439892578125,0.000197334593957732,0.001016156653051078,-0.7678007520410021,7.93642578125,0.24879242869165083,7.1699462890625,0.0004811297028548767,0.0011175807637189093,0.25632198973379317,6.794989013671875,1.2924506783552747,7.58497314453125,6.398385098689063e-05,0.0009688189258128031,0.6148656337864333,6.552143205915179,0.9836000641431653,6.4719873046875,0.965619364363232,1,0.9598841307676829,1.4767813296611942,8.007114955357142,0.12059516689181371,44.44977131750393,0,SHORT,-1.0
4067.800048828125,4069.39990234375,4064.10009765625,4065.800048828125,1611,5.2998046875,7.992815290178571,6.019873046875,7.48497314453125,0.1965865314129828,0.13792664705179536,0.009842733654426245,0.7857998166751534,4063.2809799021916,5.081722588452067,4057.122898640323,5.473553348037967,4049.2011191643624,3.5955761699269715,4052.5918827154474,0.6556628541538885,0.21387447224509765,0.4099309758955165,14,35,4,0,False,1,1,5.2998046875,2.0,0.3773723972728948,1.599853515625,1.699951171875,0.04661961275654488,0.11248153638337345,1.2163510445269297,5.60009765625,0.400146484375,70.42756087890992,6.919724426637458,6.29345333263598,0.6262710940014786,4077.3224261759074,4034.487583589718,1.056110597625478,0.7310045595569128,84.22837761447146,86.80086186414985,1228.1,1.3117824281410309,4068.0,0.12059516689181371,4065.89990234375,0.17986016143141256,4064.60009765625,0.009845639712180533,4060.199951171875,-0.12790749487835545,4089.39990234375,4037.5,51.89990234375,-23.599853515625,28.300048828125,4065.39990234375,8.007114955357142,8.114275251116071,8.007132393973214,8.2071533203125,7.357142857142857,0.5167487289838051,0.05421721583758484,0.06675550010481615,0.10275462337956569,0.12874948796632685,0.14836055073249366,0.00027578817420421676,0.0004661961275654488,-2.0227357594084494,8.017124720982142,0.05705518505593859,6.019873046875,1.0252644171915292e-05,0.0009548134637578892,-0.4763281061172259,7.999993024553572,0.14309366765689935,6.5999267578125,0.000392041393396142,0.0011248153638337346,0.4541157120062294,6.9428449358258915,1.2490121939196843,7.48497314453125,6.253960306739082e-05,0.000969682479843946,0.6162431464788247,6.571141880580358,1.002269360371315,6.4659814453125,1.102422213478653,1,0.9911125414964598,1.0879406168258643,7.992815290178571,0.13792664705179536,45.77125594236192,0,SHORT,-1.0
4065.5,4071.0,4064.800048828125,4070.800048828125,675,6.199951171875,6.899954659598214,5.939892578125,7.55997314453125,0.1694987367798752,0.2043088942307692,0.2758880407540912,0.9147511682909018,4064.7847936873786,5.725387836386744,4058.425484372495,5.74274339376052,4050.048136013922,3.7800652937780796,4052.773058497663,0.7317263961831486,0.3049104758305926,0.5123868190521598,14,40,4,0,False,1,1,6.199951171875,5.300048828125,0.8548533175822012,0.199951171875,0.699951171875,0.06338261847088345,0.11347121017070169,1.0496968257621748,8.300048828125,11.199951171875,66.21112562823654,7.14799906436383,6.46436247898155,0.6836365853822803,4077.4766169852883,4038.0234074287746,0.9722927592341963,0.8307724965290947,98.86392009987516,91.56768323846505,1237.65,0.5453884377651194,4065.800048828125,0.13792664705179536,4068.0,0.12059516689181371,4065.89990234375,0.17986016143141256,4062.5,0.07143320213792033,4089.39990234375,4037.5,51.89990234375,-18.599853515625,33.300048828125,4059.60009765625,7.992815290178571,8.007114955357142,8.114275251116071,7.964285714285714,7.7071533203125,0.43791770553833614,0.04661961275654488,0.05421721583758484,0.06675550010481615,0.11335049050481519,0.17263775871261386,0.00040844490888172216,0.0006338261847088345,-0.489971789735622,7.804258510044643,0.507872534007436,5.939892578125,0.00027589225795324743,0.0008769884112654348,-0.8048648950797594,7.919273158482143,0.3717009735615304,6.3799072265625,0.00045601119496567754,0.001134712101707017,0.2811899300819163,7.038201032366071,1.1620769522467207,7.55997314453125,7.627962890498719e-05,0.0009814222211035448,0.5839113524007421,6.573283342633929,1.002867009849844,6.47998046875,1.4097221067449548,1,1.2141164358115697,1.7988952698011789,6.899954659598214,0.2043088942307692,47.142289834386354,0,SHORT,-1.0
4070.60009765625,4076.199951171875,4070.60009765625,4075.199951171875,2351,5.599853515625,6.735648018973214,5.619873046875,7.3399658203125,0.16528386581464044,0.26078465927649663,0.2706559749066541,0.821374348636195,4066.8678251842784,6.70028097223485,4060.0230526391024,6.205325310128501,4051.0344817063906,4.04750796914459,4052.9962116586007,0.8299167157797456,0.37381311229026887,0.5965258892416379,14,45,4,0,False,1,1,5.599853515625,4.599853515625,0.8214239002485068,1.0,0.0,0.07042185556540403,0.10858565648136778,1.0246119184440226,10.599853515625,11.0,64.69392432561708,7.596377396962453,6.690765462577731,0.905611934384722,4079.1436870649623,4039.676332466288,0.9722436143116525,0.9000760012119049,95.09801574953924,92.73010448796192,1318.0,1.7837632776934749,4070.800048828125,0.2043088942307692,4065.800048828125,0.13792664705179536,4068.0,0.12059516689181371,4064.60009765625,0.009845639712180533,4089.39990234375,4037.5,51.89990234375,-14.199951171875,37.699951171875,4064.199951171875,6.899954659598214,7.992815290178571,8.007114955357142,8.007132393973214,7.849993024553571,0.24665778995704143,0.06338261847088345,0.04661961275654488,0.05421721583758484,0.10275462337956569,0.12805806683329773,0.0005212244103884212,0.0007042185556540403,-0.8053614266393314,7.549961635044643,0.6725277148323276,5.619873046875,0.00027066867499495604,0.000871453569378712,-0.8205418833896023,7.807838657924107,0.5286720027571711,6.3299072265625,0.00040965309575702324,0.0010858565648136779,0.3036710448441885,7.1006992885044635,1.1064675688713115,7.3399658203125,0.0001220613507845747,0.0009736387388506088,0.5231407441543272,6.573852887834822,1.002952681261247,6.4299755859375,1.7565536736343392,1,1.3344775302083007,2.261643085656564,6.735648018973214,0.26078465927649663,48.81557355432206,1,SHORT,2.0
4075.39990234375,4077.39990234375,4072.60009765625,4076.89990234375,1295,4.7998046875,6.685634068080357,5.53984375,7.249951171875,0.1639881828895746,0.27054281374854194,0.4508895739215037,0.8684213244492837,4068.874240616173,7.560224777788335,4061.630371658593,6.661960994878427,4052.0488119274637,4.3201547154531,4053.23405932711,0.9311115743294067,0.37594584656706564,0.6132969164422583,14,50,4,0,False,1,1,4.7998046875,1.5,0.31251271617497456,0.5,2.7998046875,0.06985797354585908,0.1080472174915244,1.0172916306236408,11.0,18.2998046875,66.9339687261483,7.996711199496531,6.951954609961492,1.044756589535039,4080.544433893427,4041.785570989385,0.9543779403383443,0.905969079673463,97.51241968200756,97.15811851047395,1353.65,0.956672699737746,4075.199951171875,0.26078465927649663,4070.800048828125,0.2043088942307692,4065.800048828125,0.13792664705179536,4065.89990234375,0.17986016143141256,4089.39990234375,4037.5,51.89990234375,-12.5,39.39990234375,4058.60009765625,6.735648018973214,6.899954659598214,7.992815290178571,8.114275251116071,8.135707310267858,-0.05417531386481013,0.07042185556540403,0.06338261847088345,0.04661961275654488,0.06675550010481615,0.1319792717167864,0.0005406961809961474,0.0006985797354585909,-0.9558214398592215,7.2642333984375,0.6763104443648696,5.53984375,0.0004501681133850299,0.0006511977524467535,-0.7744295136280835,7.662831333705357,0.6197688481289155,5.9698974609375,0.0004329837876760667,0.001080472174915244,0.24073191892792412,7.162125069754465,1.042683727292045,7.249951171875,0.00014966065972445318,0.0009617444644142227,0.48421590005186504,6.571993582589285,1.0026514953712382,6.3959716796875,1.8087502524715708,1,1.4331564715567053,2.2925179116120695,6.685634068080357,0.27054281374854194,50.44969015360852,1,SHORT,2.0
4076.89990234375,4080.300048828125,4075.60009765625,4078.199951171875,1722,4.699951171875,6.235630580357143,5.319873046875,7.299951171875,0.15290154124408067,0.25073626282878564,0.37163380553521597,0.9180632159332581,4070.739382727314,8.088170056606032,4063.208426850334,6.9989124403064125,4053.074346799794,4.5507349686463385,4053.4824761613863,1.0233388340061538,0.3689577975492117,0.6199147171311943,14,55,4,0,False,1,1,4.699951171875,1.300048828125,0.27660900732429483,2.10009765625,1.2998046875,0.07058434205081272,0.10715081163836038,0.9509688405954357,10.199951171875,15.099853515625,63.973986513499824,8.322940025953812,7.226151693159957,1.0967883327938557,4081.3886775260908,4044.6513127082844,0.9041886296881673,0.9132020935625136,90.869140625,94.4931920188489,1417.0,1.215243472124206,4076.89990234375,0.27054281374854194,4075.199951171875,0.26078465927649663,4070.800048828125,0.2043088942307692,4068.0,0.12059516689181371,4089.39990234375,4037.5,51.89990234375,-11.199951171875,40.699951171875,4063.10009765625,6.685634068080357,6.735648018973214,6.899954659598214,8.007114955357142,8.014299665178571,0.07635708512931035,0.06985797354585908,0.07042185556540403,0.06338261847088345,0.05421721583758484,0.1422860855554718,0.0005011695548480466,0.0007058434205081273,-0.6591683150652566,6.9099365234375,0.6534720040303386,5.319873046875,0.0003711806160258124,0.000608973049625491,-0.6345890539023109,7.484964425223214,0.7493720672817126,5.8798828125,0.0004575867773654096,0.0010715081163836038,0.18078990194633354,7.223550851004464,0.9401975901434184,7.299951171875,0.00013626861128807066,0.0009544601200765738,0.5249253768133305,6.5571344866071435,1.0020079288114854,6.3479736328125,1.5634987080996419,1,1.6251892923970415,2.413041716566054,6.235630580357143,0.25073626282878564,52.15003292408349,1,SHORT,2.0
4078.199951171875,4082.89990234375,4076.39990234375,4077.10009765625,1939,6.5,6.099905831473214,5.559912109375,7.25994873046875,0.14961383545573945,0.27792928064384237,0.41623926623360497,0.8060352987081222,4072.0115257131015,8.730545810909916,4064.5314431175643,7.408544477241321,4054.01653310789,4.815413943527801,4053.717477370291,1.1255946548435531,0.30922763704948253,0.5693998620835303,15,0,4,0,False,1,1,6.5,1.099853515625,0.16920823317307693,4.699951171875,0.7001953125,0.060965103848625524,0.10793374689035673,0.9324847783075707,11.300048828125,16.900146484375,71.28974005607566,8.39594648958473,7.460110652444912,0.9358358371398188,4081.847374915018,4047.452625084982,0.8461921648859271,0.8619766888194558,77.34438330297452,88.57531453666066,1461.5,1.3267191241874787,4078.199951171875,0.25073626282878564,4076.89990234375,0.27054281374854194,4075.199951171875,0.26078465927649663,4065.800048828125,0.13792664705179536,4089.39990234375,4037.5,51.89990234375,-12.2998046875,39.60009765625,4060.199951171875,6.235630580357143,6.685634068080357,6.735648018973214,7.992815290178571,8.2071533203125,-0.12790749487835545,0.07058434205081272,0.06985797354585908,0.07042185556540403,0.04661961275654488,0.12874948796632685,0.0005553902279312517,0.0006096510384862552,-0.23127764184721963,6.531354631696429,0.34460292181725205,5.559912109375,0.00041558920106773425,0.0005324467780871596,-0.3300750298435933,7.2742396763392865,0.8169596594832669,5.789892578125,0.0004020356866094421,0.0010793374689035673,0.3280836615820731,7.268190220424108,0.8569279178021364,7.25994873046875,0.00013926957515631556,0.0009529109021088372,0.5202275693889009,6.541560756138393,1.0029606215294535,6.3879736328125,1.6953424397365295,1,1.7237823501177996,2.0668385120102206,6.099905831473214,0.27792928064384237,53.87665757878488,1,SHORT,2.0
4077.0,4079.0,4071.89990234375,4073.0,1497,7.10009765625,6.171351841517857,5.73994140625,7.33995361328125,0.15151858191794393,0.05404223114589741,0.25846153846153846,0.7694425494856068,4072.209220570481,7.424426883102569,4065.337972344463,6.912487971968403,4054.7609827899337,4.712846776011702,4053.9093432671043,1.1362847694413176,0.18847209525160696,0.4498173206134759,15,5,4,0,False,1,1,7.10009765625,4.0,0.5633725328381817,2.0,1.10009765625,0.0785702578499361,0.11006590778488026,0.94483058674169,2.199951171875,10.5,60.83753765852661,8.030391666693504,7.574166855294631,0.45622481139887316,4080.0356028968017,4052.374406868823,0.6802705715713415,0.7456508066503945,61.32828518839944,76.51393637212462,1495.15,1.001237334046751,4077.10009765625,0.27792928064384237,4078.199951171875,0.25073626282878564,4076.89990234375,0.27054281374854194,4070.800048828125,0.2043088942307692,4089.39990234375,4037.5,51.89990234375,-16.39990234375,35.5,4062.5,6.099905831473214,6.235630580357143,6.685634068080357,6.899954659598214,7.964285714285714,0.07143320213792033,0.060965103848625524,0.07058434205081272,0.06985797354585908,0.06338261847088345,0.11335049050481519,0.00010830804196668709,0.0007857025784993609,-0.41031468808316157,6.385634068080357,0.30106822730246,5.73994140625,0.0002583764754242046,0.0006913322118551184,-0.48983571059600123,7.0949462890625,0.8449552665021102,5.8399169921875,0.0003838972762238324,0.0011006590778488026,0.2920210296142443,7.315330287388392,0.7591776784269488,7.33995361328125,0.0001250840566675704,0.000964734297096751,0.5137125574508419,6.531702008928571,1.0041516170665394,6.4639794921875,0.33351362270196766,1,1.7138853570740646,1.2438876662248297,6.171351841517857,0.05404223114589741,53.8396032585603,1,SHORT,2.0
4066.10009765625,4074.199951171875,4065.699951171875,4073.0,1678,8.5,6.599993024553571,8.360009765625,6.4349609375,0.16204254909289395,0.1844791538556143,-0.10056406656797488,0.31525661253285286,4067.696284666122,-2.041071454547364,4066.304318038102,-0.07452816052455091,4058.483397845331,1.655989351947028,4055.049512173633,0.5539978560877898,0.16466258888190222,0.35768538963041596,15,50,4,0,False,1,1,8.5,6.89990234375,0.8117532169117647,1.199951171875,0.400146484375,0.11117829986944311,0.08485854083122565,1.0348329127778062,7.5,-4.10009765625,52.570033483734434,3.0627435837732264,4.479493404915981,-1.416749821142755,4079.9186418918716,4058.3513532253155,0.5300214586022853,0.6792066912610948,56.768801040533916,28.38826468274844,1650.25,1.0168156339948493,4066.300048828125,0.02214164672597289,4060.5,-0.22115739034279397,4063.5,-0.28710127876082575,4065.5,-0.2845183433911372,4089.39990234375,4037.5,51.89990234375,-16.39990234375,35.5,4077.10009765625,6.435703822544643,6.214268275669643,5.964250837053571,5.735665457589286,6.099905831473214,0.27792928064384237,0.08516968216064669,0.04760997653287124,0.06415060661209429,0.08145396772674195,0.060965103848625524,0.0003691805187629349,0.0011117829986944312,0.3265599123104612,6.177120535714286,0.3701846211211035,8.360009765625,-0.00010011969798688903,0.0010435288540188983,0.6282092207273081,6.0578125,0.29829983082997363,7.080029296875,0.0001577347515404226,0.0008485854083122565,-0.0790977391864895,6.666026088169643,0.8646912514195451,6.4349609375,0.0002092656151572325,0.0009566236087525083,0.5708518427619009,6.37783447265625,1.0027817456420574,6.5119775390625,1.2175611286225996,0,1.184989160393804,1.016168838392602,6.599993024553571,0.1844791538556143,38.346131626778025,1,SHORT,2.0
4073.10009765625,4073.800048828125,4069.5,4070.300048828125,1675,4.300048828125,6.507149832589286,7.960009765625,6.319970703125,0.15986904539046823,0.11067932377287033,-0.06628900495642033,0.1920012019230769,4068.217037498523,-0.732857163638073,4066.684863827628,0.3611411880965534,4058.946795923088,1.767519181282296,4055.201258807011,0.5932615590122623,0.08889759402439854,0.2797093304213954,15,55,4,0,False,1,1,4.300048828125,2.800048828125,0.6511667518310339,0.699951171875,0.800048828125,0.1205572933633689,0.08618409109741774,1.019933009239984,4.5,-2.699951171875,44.0390624071852,3.0444728277652757,4.192489289485841,-1.148016461720565,4079.8528396684187,4059.1971603315815,0.5075697860766856,0.5375223112000336,44.978570971662506,43.08620652892382,1693.9,0.988842316547612,4073.0,0.1844791538556143,4066.300048828125,0.02214164672597289,4060.5,-0.22115739034279397,4065.800048828125,-0.17677267792474835,4089.39990234375,4037.5,51.89990234375,-19.099853515625,32.800048828125,4073.0,6.599993024553571,6.435703822544643,6.214268275669643,5.67138671875,6.171351841517857,0.05404223114589741,0.11117829986944311,0.08516968216064669,0.04760997653287124,0.08130663513270088,0.0785702578499361,0.0002218417744693113,0.001205572933633689,0.6157056484161053,6.344273158482143,0.25573387610070797,7.960009765625,-6.5844636375334e-05,0.0010157409265997913,0.6293804684630112,6.091392299107143,0.3297443334470742,6.8000244140625,9.62659195244353e-05,0.0008618409109741774,0.10593968542140536,6.593169294084821,0.8091493130132472,6.319970703125,0.00016474749261165877,0.0009440493516500549,0.6619958019693954,6.379977678571429,1.0029445646584654,6.45998046875,0.7202069431597286,0,1.1891639356121784,0.5560650831890113,6.507149832589286,0.11067932377287033,37.63919296105495,1,SHORT,2.0
4070.10009765625,4075.89990234375,4067.10009765625,4069.199951171875,1966,8.7998046875,6.792864118303571,7.8599609375,6.39996337890625,0.16693365280188105,0.14027196190168575,-0.14723203945550264,0.11316866124855408,4068.4136202331933,0.553704503463905,4066.9243959556516,0.8695992817897604,4059.3488804426484,1.9217322005210917,4055.3405492783036,0.6440743909811317,0.055952729745513866,0.2426761290877873,16,0,4,0,False,1,1,8.7998046875,0.900146484375,0.10229164354677617,5.7998046875,2.099853515625,0.1163842196334813,0.08595904340706033,1.063120997705473,5.699951171875,-6.0,40.4939447461857,2.9077062078554263,3.9355326731597584,-1.027826465304332,4079.8226412702766,4059.6873440812856,0.4947545300694488,0.47243440219946004,40.17463058913836,47.30733420044489,1724.75,1.1398753442527902,4070.300048828125,0.11067932377287033,4073.0,0.1844791538556143,4066.300048828125,0.02214164672597289,4063.5,-0.28710127876082575,4089.39990234375,4037.5,51.89990234375,-20.199951171875,31.699951171875,4075.199951171875,6.507149832589286,6.599993024553571,6.435703822544643,5.964250837053571,5.928501674107143,0.0,0.1205572933633689,0.11117829986944311,0.08516968216064669,0.06415060661209429,0.06425501838075227,0.0002809281728153312,0.001163842196334813,0.5278279656634731,6.509995814732143,0.2127769677495293,7.8599609375,-0.00014688511159368644,0.0009941203161324761,0.9451312615682805,6.177828543526785,0.39007108225214193,7.1800048828125,5.690484679266583e-05,0.0008595904340706033,0.24813239189308106,6.532455880301339,0.740078004670892,6.39996337890625,0.0001662773654687033,0.0009432651565983177,0.6598846189808325,6.389549386160715,1.004587133909859,6.5299755859375,0.9528483768060068,0,1.11521670109531,0.33517944887912604,6.792864118303571,0.14027196190168575,36.292116560895956,0,SHORT,-1.0
4069.199951171875,4073.300048828125,4065.199951171875,4070.800048828125,1544,8.10009765625,7.035731724330357,7.619970703125,6.544970703125,0.17283412695142708,0.2536645444680458,0.031946156238481384,0.12051812887843984,4068.8909059521798,2.502973368395942,4067.29350575303,1.7677373338215148,4059.79794586953,2.2502936368978226,4055.494375144471,0.740153738614481,0.08621318009470558,0.27100124452717367,16,5,4,0,False,1,1,8.10009765625,1.60009765625,0.19754053891132678,2.5,4.0,0.10168432070675246,0.08609282362135938,1.0976707311565486,10.300048828125,1.300048828125,40.93155734271593,2.895059737964857,3.7274380861207783,-0.8323783481559213,4079.9098908929227,4060.0901091070773,0.4869725254507471,0.5403661774266539,47.16198639629843,44.10506265236639,1727.85,0.893596087623347,4069.199951171875,0.14027196190168575,4070.300048828125,0.11067932377287033,4073.0,0.1844791538556143,4060.5,-0.22115739034279397,4089.39990234375,4037.5,51.89990234375,-18.599853515625,33.300048828125,4069.5,6.792864118303571,6.507149832589286,6.599993024553571,6.214268275669643,6.014212472098214,-0.18150807037219394,0.1163842196334813,0.1205572933633689,0.11117829986944311,0.04760997653287124,0.0832910492820798,0.0005072284711715724,0.0010168432070675245,0.07584867836089444,6.674288504464284,0.24242482432845172,7.619970703125,3.230629608502733e-05,0.0009004983250716182,0.9175400469524914,6.279980468749999,0.4683631702736753,7.310009765625,6.0576600463796426e-05,0.0008609282362135938,0.2345824015544094,6.478528703962054,0.6529110866079224,6.544970703125,0.00018157563779786612,0.00094056105192974,0.6190360694215766,6.4096923828125,1.0072951985864773,6.6319775390625,1.7847156828516384,0,1.0653561245917667,0.49882035229613386,7.035731724330357,0.2536645444680458,34.52955177101781,1,SHORT,2.0
4070.89990234375,4074.800048828125,4069.199951171875,4071.60009765625,1227,5.60009765625,6.971452985491071,7.060009765625,6.5349853515625,0.17122145638772515,0.13034082002021546,0.15251132635009698,0.08849797581735497,4069.4327442929944,3.0623884603419356,4067.70365736286,2.104147952326457,4060.260775351362,2.36989187969084,4055.6546310898625,0.7855258290574056,0.09578967942605472,0.2792757148438731,16,10,4,0,False,1,1,5.60009765625,0.7001953125,0.1250326968349464,3.199951171875,1.699951171875,0.08775446106244411,0.08549618748569891,1.0850547001693327,5.300048828125,6.2001953125,43.20995840617277,2.915980960231991,3.565146660943021,-0.6491657007110301,4080.067695055565,4060.2923147100605,0.4858600927177842,0.571811148439436,61.05314555921053,49.46325418154907,1727.8,0.7101516379210557,4070.800048828125,0.2536645444680458,4069.199951171875,0.14027196190168575,4070.300048828125,0.11067932377287033,4066.300048828125,0.02214164672597289,4089.39990234375,4037.5,51.89990234375,-17.7998046875,34.10009765625,4065.39990234375,7.035731724330357,6.792864118303571,6.507149832589286,6.435703822544643,5.842790876116071,-0.3138651606438986,0.10168432070675246,0.1163842196334813,0.1205572933633689,0.08516968216064669,0.0770312825106434,0.00026085367470458644,0.000877544610624441,1.0674287277002512,6.7814383370535705,0.22861420943391922,7.060009765625,0.00015271152968006075,0.0008231940039725589,0.9292513487915123,6.3928466796875,0.4869278088412167,7.37001953125,4.45775362638734e-05,0.0008549618748569892,0.29327884503138013,6.42674560546875,0.5597148468955438,6.5349853515625,0.00018154108916850875,0.0009405604582622566,0.6191519958002725,6.424978376116072,1.0099546065874445,6.6039794921875,0.9086648988612854,0,1.067622779209467,0.5594490401316425,6.971452985491071,0.13034082002021546,33.20079474878957,1,SHORT,2.0
4069.800048828125,4074.0,4066.5,4072.60009765625,1769,7.5,7.007149832589286,7.019970703125,6.589990234375,0.17205592654731425,0.05650809032585213,0.16724995687097205,0.04421855179654884,4070.1409602537665,1.9239227552434386,4068.35923060911,1.6743667814821492,4061.1078515990953,2.161055676007436,4055.9635763020788,0.7623174950676912,0.10424023068643971,0.28298303017560955,16,20,4,0,False,1,1,7.5,2.800048828125,0.37333984375,1.39990234375,3.300048828125,0.04519156272233385,0.08184604042942867,1.0884085081670323,2.300048828125,6.800048828125,46.63238651816152,2.8279662131130863,3.289449275688226,-0.4614830625751396,4080.1976471928037,4060.752352807196,0.47771560777569366,0.6092859595801733,78.7506103515625,67.2260485197368,1804.45,0.9803541245254787,4069.89990234375,-0.07611337236066781,4071.60009765625,0.13034082002021546,4070.800048828125,0.2536645444680458,4070.300048828125,0.11067932377287033,4089.39990234375,4037.5,51.89990234375,-16.7998046875,35.10009765625,4065.800048828125,6.828578404017857,6.971452985491071,7.035731724330357,6.507149832589286,5.67138671875,-0.17677267792474835,0.04371124776280813,0.08775446106244411,0.10168432070675246,0.1205572933633689,0.08130663513270088,0.00011307232695698666,0.00045191562722333853,-0.07433740469970049,6.927155412946429,0.1094323718186803,7.019970703125,0.000167457050713149,0.0008602397799796944,0.7391757887783702,6.635714285714286,0.35883768289248796,7.489990234375,2.2422774043251437e-05,0.0008184604042942867,0.2831218116034727,6.373893519810268,0.4423801786195441,6.589990234375,0.00017405496831605528,0.0009315953509400522,0.6455179764989915,6.437977818080356,1.0141865903916485,6.5659765625,0.39596065566673494,0,1.0348542821632776,0.6058508577893964,7.007149832589286,0.05650809032585213,30.035800395424904,1,SHORT,2.0
4068.39990234375,4071.10009765625,4067.39990234375,4068.699951171875,1629,5.900146484375,6.885724748883929,7.140087890625,6.9900146484375,0.1692364841723138,0.06640312768999015,-0.05158930998968034,-0.01965963455277061,4066.4152817796867,-2.5869249702245725,4066.76143716908,-1.3593800518269745,4062.084850804043,0.5179354236997824,4056.5798595643632,0.3958748683144222,0.04766726626935462,0.1628498815459885,16,55,4,0,False,1,1,3.7001953125,0.300048828125,0.08108999736078121,2.400146484375,1.0,0.09642234952320859,0.08343660775475328,1.0321468974373438,2.699951171875,-2.10009765625,53.09259538910702,0.502250636925055,1.3303858027083149,-0.8281351657832599,4074.5735129720374,4059.4165016764005,0.37268330224996116,0.6124854903385107,68.00021701388889,57.77813946759255,1981.2,0.822228952150212,4065.199951171875,-0.07374268806860951,4065.300048828125,-0.17924786753126393,4062.10009765625,-0.19164610616119315,4066.0,-0.11791413900338354,4089.39990234375,4037.5,51.89990234375,-20.699951171875,31.199951171875,4070.800048828125,7.064278738839286,7.464268275669643,7.449986049107143,7.078560965401786,7.035731724330357,0.2536645444680458,0.09014384755506515,0.0985304513464383,0.09500958232580682,0.06773133481604597,0.10168432070675246,0.00013314306559879529,0.0009642234952320859,-1.6012449549930443,7.224278041294643,0.24991845393273815,6.70009765625,-5.130649392517395e-05,0.0008092615070751284,-0.5848699574070626,7.109284319196428,0.21748029059276097,6.4500244140625,-9.500098920073308e-06,0.0008343660775475329,0.278701754903438,6.6946323939732135,0.5543455129302074,6.88001708984375,0.00018964092208242355,0.0009739054767448067,0.4056745956357172,6.671264299665179,0.9499295355454112,6.913984375,0.4572336597382649,0,0.679171261644624,0.28166069806094884,6.885724748883929,0.06640312768999015,21.6623923681333,0,SHORT,-1.0
4068.5,4071.800048828125,4065.89990234375,4066.699951171875,1106,5.900146484375,6.700020926339286,6.80009765625,7.03502197265625,0.1647532644843538,0.1650234278786946,-0.12034940482479331,0.03197837505175092,4066.4722156581242,-0.7295497418049308,4066.7555813598224,-0.5918246971887129,4062.2658351321934,0.7603674138244969,4056.6805569932935,0.45860199571279736,-0.0013679255326372681,0.10915376343255286,17,0,4,0,False,1,0,5.900146484375,1.800048828125,0.3050854470972814,3.300048828125,0.800048828125,0.05760315871923923,0.08094896228123552,0.9992392168375577,6.699951171875,-4.900146484375,40.76261660831776,0.4662592035324451,1.157560482873141,-0.6913012793406959,4074.603127844805,4059.5168916864454,0.37093714186992977,0.47613330522135117,59.111328125,59.852068865740705,1968.15,0.561949038437111,4068.699951171875,0.06640312768999015,4065.199951171875,-0.07374268806860951,4065.300048828125,-0.17924786753126393,4060.0,-0.2849026765405425,4089.39990234375,4037.5,51.89990234375,-22.699951171875,29.199951171875,4071.60009765625,6.885724748883929,7.064278738839286,7.464268275669643,7.257132393973214,6.971452985491071,0.13034082002021546,0.09642234952320859,0.09014384755506515,0.0985304513464383,0.08102838645778605,0.08775446106244411,0.0003299619136688303,0.0005760315871923923,-0.7559709628541913,7.112855747767857,0.3396794117554312,6.360107421875,-0.00012011560056988114,0.0008150792061571217,-0.28081507850140347,7.08214111328125,0.25095608360278154,6.480029296875,1.6297964555089805e-05,0.0008094896228123552,0.2961680061765722,6.737493896484375,0.5168901391569846,6.9250244140625,0.0001862597755335238,0.0009760109691990716,0.4097245513112365,6.7051220703125,0.9190735632096138,6.9439892578125,1.1056604201234956,0,0.6701092842827975,-0.008302873614787624,6.700020926339286,0.1650234278786946,20.586818543251105,0,SHORT,-1.0
4079.800048828125,4081.60009765625,4074.699951171875,4075.60009765625,961,6.900146484375,3.7571498325892856,4.72001953125,3.5449951171875,0.09218642022189333,0.19667616795981485,0.16466847239571025,0.300245991182482,4072.7222461713577,6.24945521644122,4069.7776584337234,3.6916874308394654,4066.002531637787,2.0578783183273117,4060.4232146054287,0.7581065807003142,0.14306529032269916,0.23604427060199615,13,50,0,0,False,0,0,6.900146484375,4.199951171875,0.6086756536814917,1.800048828125,0.900146484375,0.08363583673422247,0.049586505085297,0.9617573666284256,8.0,6.7001953125,67.58918835461117,2.733617737399072,1.5747453091916768,1.1588724282073954,4077.077073776149,4060.0329604035383,0.4189230156902763,0.9133439160131085,68.42105263157895,85.30053018773854,624.35,1.5392007687995515,4079.5,0.3172159060140865,4076.60009765625,0.2755004570655634,4072.39990234375,0.1672521773949182,4067.60009765625,-0.03194486762260463,4074.800048828125,4036.39990234375,38.400146484375,0.800048828125,39.2001953125,4068.89990234375,3.5142822265625,3.435703822544643,3.1214076450892856,3.1142752511160716,3.085693359375,0.08116402519279459,0.04213676109031067,0.0442748918608119,0.041198985842266125,0.0393152646332566,0.029333741957336283,0.0003933230645192909,0.0008363583673422247,-1.3662564696640196,3.418565150669643,0.2430025119807653,4.72001953125,0.00016474350331708855,0.0006615422591490784,-0.2835593502115464,3.2957083565848215,0.21039782007165336,4.05,0.00015002609552106083,0.00049586505085297,-0.20606393804888018,3.369987269810268,0.2541133945255666,3.52498779296875,7.437431651565074e-05,0.0005228740272651017,0.014825172427154813,3.906546456473214,0.4986003873465641,3.9359765625,0.7389418315245205,0,1.0047847342129774,1.5519128520051007,3.7571498325892856,0.19667616795981485,21.111486380124074,0,SHORT,-1.0
4075.60009765625,4078.0,4074.699951171875,4077.89990234375,506,3.300048828125,3.800013950892857,4.480029296875,3.525,0.09318556222306537,0.14980729511461532,0.29019956233496447,0.30500313230229986,4073.7577774058364,6.219534876277976,4070.5512054727737,3.9210365817716593,4066.4690951948833,2.2163871495931744,4060.59711199586,0.8112582914955055,0.1805332128262158,0.28109907837179615,13,55,0,0,False,0,0,3.300048828125,2.2998046875,0.6969001997484648,0.10009765625,0.900146484375,0.07705131630342443,0.049782223586523476,0.9762281274015607,6.099853515625,11.7998046875,72.38822286193201,3.0329842375094813,1.8663930948552379,1.1665911426542435,4078.525236075612,4059.82478833845,0.45956361378075217,0.9665604941308716,80.52528782894737,81.83907033208017,623.1,0.8120686888139945,4075.60009765625,0.19667616795981485,4079.5,0.3172159060140865,4076.60009765625,0.2755004570655634,4071.800048828125,0.14018226396247654,4074.800048828125,4036.39990234375,38.400146484375,3.099853515625,41.5,4066.10009765625,3.7571498325892856,3.5142822265625,3.435703822544643,3.2642822265625,3.2285679408482144,-0.014750375558249484,0.08363583673422247,0.04213676109031067,0.0442748918608119,0.04578454839572865,0.046687217027952636,0.0002996727189668258,0.0007705131630342443,-1.3691979622441706,3.525711495535714,0.2740890155340631,4.480029296875,0.0002899819871797327,0.0005976055173386393,-0.7381370718100935,3.3528529575892856,0.2615268048729776,3.8699951171875,0.00015239877153921944,0.0004978222358652348,-0.2092258705859813,3.3660600934709826,0.24632771967234,3.50499267578125,7.777875565014636e-05,0.0005255453464576583,0.0067923000653255785,3.8925470842633927,0.49137247623916785,3.9119775390625,0.5692698113810616,0,1.0742356029854416,1.9373517583556528,3.800013950892857,0.14980729511461532,22.514010629601035,0,SHORT,-1.0
4078.0,4079.60009765625,4074.300048828125,4077.60009765625,1460,5.300048828125,4.014299665178571,5.180078125,3.67000732421875,0.09844760567584686,0.12769363120520605,0.29515937897870964,0.27296440812123446,4074.5262414559193,6.015666963522563,4071.2225285378668,4.042861222793363,4066.905605095329,2.333399234412809,4060.7662959327795,0.8549293066303107,0.1566499761110741,0.26296387473370564,14,0,0,0,False,1,1,5.300048828125,0.39990234375,0.07545257727209913,1.60009765625,3.300048828125,0.0787570458643218,0.049978373604714715,1.031126865657602,5.2001953125,12.0,71.48205081833801,3.2090506743479636,2.1349246107537834,1.0741260635941803,4079.7083359703483,4059.7516982093393,0.4903676085933452,0.8943590428735751,78.94736842105263,75.96456962719296,686.8,2.1258008153756554,4077.89990234375,0.14980729511461532,4075.60009765625,0.19667616795981485,4079.5,0.3172159060140865,4072.39990234375,0.1672521773949182,4074.800048828125,4036.39990234375,38.400146484375,2.800048828125,41.2001953125,4065.60009765625,3.800013950892857,3.7571498325892856,3.5142822265625,3.1214076450892856,3.2285679408482144,-0.007373636702841121,0.07705131630342443,0.08363583673422247,0.04213676109031067,0.041198985842266125,0.04613966821150368,0.00025550504202440647,0.000787570458643218,-1.0426917116687378,3.7042898995535714,0.23254285511870976,5.180078125,0.0002949268439722208,0.0005940026438185327,-0.7680316851201009,3.4314261300223214,0.32929115356340294,4.0800048828125,0.0001364241920985332,0.0004997837360471471,-0.10597587585915393,3.377490234375,0.2709025984421661,3.65,7.975582272013116e-05,0.0005247704564441438,-0.00315782371918548,3.8931190708705357,0.4914997542777888,3.9639794921875,0.5126005009924945,0,1.0753864441123298,1.5912014826126606,4.014299665178571,0.12769363120520605,24.12501465298676,0,SHORT,-1.0
4076.60009765625,4079.39990234375,4075.10009765625,4079.10009765625,806,4.2998046875,4.142822265625,4.459912109375,3.91998291015625,0.10156216239962738,0.08587692403905722,0.28272199144223387,0.33205430135104835,4076.031861406681,3.3096152353232355,4072.8582490689937,3.080590635270255,4068.1027589414393,2.1002273036524457,4061.260050028277,0.8368354228482531,0.1532547465574848,0.27033089787712944,14,15,0,0,False,1,1,4.2998046875,2.5,0.5814217578923462,0.2998046875,1.5,0.04641747237929132,0.052037508056877596,1.0595519523254695,3.5,11.5,75.0,3.3537026914636954,2.697452286786996,0.6562504046766993,4082.2576728003196,4060.652361379368,0.5306533249234946,0.8538519032404436,86.84210526315789,78.24535704495611,796.15,1.01237204044464,4076.0,-0.0857948277975242,4077.300048828125,0.01716997387792394,4077.60009765625,0.12769363120520605,4075.60009765625,0.19667616795981485,4074.800048828125,4036.39990234375,38.400146484375,4.300048828125,42.7001953125,4067.60009765625,4.199986049107143,4.299996512276786,4.014299665178571,3.7571498325892856,3.1142752511160716,-0.03194486762260463,0.05471935070800134,0.06601507209347418,0.0787570458643218,0.08363583673422247,0.0393152646332566,0.00017178104037114396,0.0004641747237929132,0.4872551469037106,4.091423688616072,0.1928717014203546,4.459912109375,0.00028255205244521743,0.0006482897279668114,-0.5902728472387267,3.754994419642857,0.41053425711304137,4.5899658203125,0.0001658944583400823,0.0005203750805687759,-0.18491726690199484,3.4735621861049113,0.4091361204997998,3.8999755859375,6.742362752836462e-05,0.0005262164861213246,0.07192914548528041,3.9099755859375,0.49674088773196606,3.9619677734375,0.3557728330123931,0,1.1478865909872524,1.508974828189037,4.142822265625,0.08587692403905722,27.561992072434066,1,SHORT,2.0
4078.60009765625,4083.800048828125,4078.39990234375,4081.39990234375,2019,5.5,4.599958147321429,4.59990234375,4.2499755859375,0.11270540151382608,0.10055314709554812,0.1177403859225618,0.3787482130779636,4077.6818950714714,2.600892141111217,4074.51811337246,2.716773378378093,4069.3558479639355,2.0426176241830944,4061.7886536650226,0.8578427780603306,0.16889822992083797,0.2959695546370227,14,30,0,0,False,1,1,5.400146484375,2.7998046875,0.5184682851846828,2.400146484375,0.2001953125,0.05465911512923053,0.054214054113119366,1.1724409092537493,4.099853515625,4.7998046875,75.34238557883647,3.499293710799975,3.0342951368743445,0.4649985739256306,4084.450549804103,4062.339489258397,0.5428165066164035,0.8620307038621232,87.23329653918577,77.69172657084395,925.85,2.1806988173030186,4078.300048828125,0.017165763074150468,4077.699951171875,-0.004903287885023347,4079.10009765625,0.08587692403905722,4077.300048828125,0.01716997387792394,4074.800048828125,4036.39990234375,38.400146484375,6.599853515625,45.0,4076.60009765625,4.385672433035714,4.314243861607143,4.142822265625,4.299996512276786,3.435703822544643,0.2755004570655634,0.04525232857459503,0.04495287197608986,0.04641747237929132,0.06601507209347418,0.0442748918608119,0.00020114493303506896,0.0005465911512923053,0.12144990840712903,4.328536551339286,0.1789926676328431,4.579931640625,0.00011782843527767817,0.0005780868669895821,-0.43488978024320735,4.102842494419643,0.331187058321301,4.77998046875,0.00018917384441297092,0.0005421405411311937,-0.26008688590419693,3.6457022530691967,0.5264894212997483,4.2249755859375,7.573344164367502e-05,0.000503143154473723,0.14565946653990142,3.923402971540179,0.5084553017783153,3.959970703125,0.46254026822097666,0,1.122241821163198,1.498581502325942,4.599958147321429,0.10055314709554812,32.26770221308622,1,SHORT,2.0
4081.5,4083.699951171875,4078.39990234375,4078.89990234375,745,5.300048828125,4.735682896205357,4.93994140625,4.4249755859375,0.11610196399975928,0.07114578861015701,-0.014710078594190466,0.3049281284581335,4077.9254965259274,2.6606941816394283,4074.9354266078212,2.7342142322231666,4069.730124606281,2.0762366327930977,4061.958914845906,0.8781617787144569,0.09728928978953169,0.22531660470621406,14,35,0,0,False,1,1,5.300048828125,2.60009765625,0.49057994380210973,2.199951171875,0.5,0.0626393881785685,0.0571043212097998,1.2037910221303425,2.89990234375,-0.60009765625,68.4037663225868,3.4139577028950043,3.110227650078477,0.30373005281652743,4084.830618602208,4063.199410694667,0.5309555274038968,0.7258259324302295,69.93784168351681,77.0682324204174,891.4,0.8357639667938075,4081.39990234375,0.10055314709554812,4078.300048828125,0.017165763074150468,4077.699951171875,-0.004903287885023347,4076.0,-0.0857948277975242,4074.800048828125,4036.39990234375,38.400146484375,4.099853515625,42.5,4079.5,4.599958147321429,4.385672433035714,4.314243861607143,4.199986049107143,3.5142822265625,0.3172159060140865,0.05465911512923053,0.04525232857459503,0.04495287197608986,0.05471935070800134,0.04213676109031067,0.0001424080309649467,0.000626393881785685,-0.1236586050702521,4.4356759207589285,0.23452195653112817,4.919970703125,-1.4560373200955822e-05,0.0005786527375800742,0.011823552480092333,4.2249825613839285,0.31483075418873663,4.9499755859375,0.0001523985490131996,0.000571043212097998,-0.16931467427569763,3.726772635323661,0.5638601035204227,4.40498046875,6.397510733152867e-05,0.0005123222167506147,0.15832058119456477,3.933974260602678,0.5198416065871844,3.9959716796875,0.33692389425816244,1,1.0991660792387554,0.8379642035145366,4.735682896205357,0.07114578861015701,33.88287245024411,1,SHORT,2.0
4076.300048828125,4077.699951171875,4073.0,4077.0,1038,4.699951171875,4.857090541294643,4.219970703125,4.744970703125,0.11913393527825959,0.05153740476034987,-0.05148433737766485,0.23109209652065407,4076.265435423794,-1.0549422656981733,4075.1792151248487,0.24717178027231057,4070.935612392004,1.0027514038611116,4062.7377161571953,0.6500352665348146,0.04467987244324157,0.14896790775899493,15,5,0,0,False,1,1,4.699951171875,0.699951171875,0.1489273284504701,0.699951171875,3.300048828125,0.019815238218274526,0.05883941905654883,1.2063533120716585,2.10009765625,-2.10009765625,47.826343350474126,1.818358789512331,2.364346875207186,-0.5459880856948551,4081.3868246677985,4071.8131753322014,0.23484397133878995,0.541781350661424,48.48428801302088,42.423906141145835,1189.2,0.8728557013118062,4076.300048828125,-0.06373908597588078,4075.300048828125,-0.149454933639856,4074.5,-0.09317727441895603,4074.89990234375,-0.1029686747553297,4074.800048828125,4036.39990234375,38.400146484375,2.199951171875,40.60009765625,4079.10009765625,4.757097516741071,4.928536551339286,5.007114955357143,4.949968610491071,4.142822265625,0.08587692403905722,0.05150768055552742,0.05025921088992694,0.06751123833514328,0.06786468653595168,0.04641747237929132,0.00010306927393193277,0.00019815238218274525,-2.046438688827231,4.944248744419643,0.1568604073003478,4.219970703125,-5.138435657893181e-05,0.0004986496184126708,-0.45801585449516563,4.770676967075893,0.2724643144377058,4.889990234375,0.0001155838479331428,0.0005883941905654883,-0.2276859195109312,4.262835693359375,0.6216714226032182,4.73997802734375,4.186494197472079e-05,0.0005014678643640721,-0.050126008732306625,4.026258719308036,0.6158870698517566,4.0659765625,0.25032184118436884,1,0.873692326047066,0.37503900411652963,4.857090541294643,0.05153740476034987,26.504500944537618,0,SHORT,-1.0
4076.89990234375,4080.699951171875,4076.5,4077.5,880,4.199951171875,4.778512137276786,4.07998046875,4.72996826171875,0.11719220447030743,0.08836981129994953,-0.004903528319133358,0.13998602837866414,4076.5123483390353,-0.12393428130872053,4075.4002422558156,0.5664980541750992,4071.1930393570233,1.1046081196409432,4062.8846045536416,0.6793891211591472,0.051522736893743384,0.154916767198364,15,10,0,0,False,1,1,4.199951171875,0.60009765625,0.14288205545544383,3.199951171875,0.39990234375,0.004720961353903867,0.0547520537999779,1.1853648905767775,3.60009765625,-0.199951171875,49.76053639846743,1.7933994853842705,2.250157397242603,-0.4567579118583325,4081.11486693522,4072.655128181967,0.2075049641655116,0.572697568960973,52.27218081269536,47.97935894353299,1206.3,0.7295034402719058,4077.0,0.05153740476034987,4076.300048828125,-0.06373908597588078,4075.300048828125,-0.149454933639856,4073.89990234375,-0.0931909869197933,4074.800048828125,4036.39990234375,38.400146484375,2.699951171875,41.10009765625,4077.699951171875,4.857090541294643,4.757097516741071,4.928536551339286,5.171404157366071,4.314243861607143,-0.004903287885023347,0.019815238218274526,0.05150768055552742,0.05025921088992694,0.06750954307076397,0.04495287197608986,0.00017667807324750484,4.7209613539038674e-05,0.5885549136183826,4.865670340401786,0.1041836874708833,4.07998046875,-4.7955503921448536e-06,0.0004900404873817947,-0.804729168002901,4.817103794642857,0.22068250968377587,4.7199951171875,7.008891382607186e-05,0.000547520537999779,-0.2796240522840914,4.33854718889509,0.584771676251903,4.7249755859375,3.252024600858494e-05,0.0004953637155300528,-0.02173385379774674,4.031258370535714,0.6210407102165875,4.0319775390625,0.42227621586566805,0,0.8804420241966587,0.43964303877223776,4.778512137276786,0.08836981129994953,26.109046478548972,1,SHORT,2.0
4087.39990234375,4091.89990234375,4086.199951171875,4090.60009765625,2254,5.699951171875,6.135689871651786,6.6400390625,5.75498046875,0.14999485956027064,0.3729743258755641,0.42471825352277126,0.22541763935498638,4081.34391969566,7.577288067519476,4078.161542817016,3.950675481823964,4073.8626270253685,2.213020974776555,4064.553648604739,0.9798140466796212,0.3050039756552113,0.41085014796148805,16,10,0,0,False,1,1,5.699951171875,3.2001953125,0.5614425836295884,1.2998046875,1.199951171875,0.056273382101203084,0.06688192222275204,1.4414223601644762,15.2001953125,17.300048828125,71.60074051673907,2.901411713511152,1.4716776456194856,1.4297340678916663,4087.0395955930567,4066.7503946413185,0.4976630738843684,1.1754875449093671,94.98143016043588,90.67182440518975,1681.2,1.3407090173685463,4087.800048828125,0.4028134518285482,4081.60009765625,0.29240844846432323,4078.89990234375,0.11289923325475347,4075.39990234375,0.05155165321614648,4074.800048828125,4036.39990234375,38.400146484375,15.800048828125,54.2001953125,4073.300048828125,6.049979073660714,5.671421595982143,5.642839704241071,5.471383231026786,4.828526088169643,-0.04907614104573996,0.057047889499977134,0.041780060891122274,0.08639817477856661,0.07888149878402474,0.040749677303445246,0.0007449648326354863,0.0005627338210120309,-0.07799795188995033,5.8114083426339285,0.2620844708713111,6.520068359375,0.0004241479140532411,0.0007291417104982629,-0.8474103300917485,5.47139892578125,0.44574791877567815,6.6300048828125,0.00011280076722997579,0.0006688192222275203,0.00665680688692801,5.174965122767857,0.44219490125699695,5.72498779296875,0.0001370386207454044,0.0005549858880969742,-0.06928869044908088,4.2566911969866075,0.8810387102767934,4.5759814453125,2.288454793660851,1,0.7006409844000766,2.033429522514105,6.135689871651786,0.3729743258755641,20.558319089033706,0,SHORT,-1.0
4090.60009765625,4092.60009765625,4088.39990234375,4089.300048828125,2105,4.2001953125,6.099993024553571,5.7400390625,5.69998779296875,0.149169612200544,0.25005395620802834,0.4026651004837496,0.25497430026167206,4082.935145522153,8.101820688390035,4079.222352913312,4.545844595161725,4074.468016115673,2.5262339236828666,4064.799881442783,1.0715567046418073,0.24704943842091864,0.3640237855294761,16,15,0,0,False,1,1,4.2001953125,1.300048828125,0.3095210416182283,2.0,0.900146484375,0.07192226676824601,0.0655102957827154,1.4203564473506831,10.199951171875,16.400146484375,68.24882822970321,3.422700861102385,1.8618822887160653,1.5608185723863195,4088.9616484945223,4065.86835638829,0.5663709014756841,1.0146536202827239,87.59384694458211,91.9127559119405,1749.2,1.2034072718957238,4090.60009765625,0.3729743258755641,4087.800048828125,0.4028134518285482,4081.60009765625,0.29240844846432323,4079.10009765625,0.1522304859231158,4074.800048828125,4036.39990234375,38.400146484375,14.5,52.900146484375,4072.89990234375,6.135689871651786,6.049979073660714,5.671421595982143,5.557111467633929,4.728533063616071,-0.08341256638731712,0.056273382101203084,0.057047889499977134,0.041780060891122274,0.08504700853210745,0.03614614224775967,0.0004998152311371573,0.00071922266768246,0.4001669002516904,5.919984654017857,0.2420863588281948,5.620068359375,0.00040219018591686195,0.0007496390940149482,-0.7575719765029904,5.608544921875,0.40047353543178354,6.7600341796875,0.00012753682775994423,0.000655102957827154,-0.005142778980314071,5.243180629185268,0.4748867411481912,5.6699951171875,0.00011985235056716893,0.000555510261520066,0.007744393261577395,4.294691685267857,0.9187122038485864,4.585986328125,1.525327388630997,1,0.7794003662794426,1.656164648928528,6.099993024553571,0.25005395620802834,21.69827319822082,0,SHORT,-1.0
4089.39990234375,4091.39990234375,4087.199951171875,4088.5,2031,4.199951171875,6.099993024553571,5.360009765625,5.5349853515625,0.14919880211700065,0.23535997171035627,0.3485249245685594,0.33375292601488604,4084.0481164177227,8.401476081961846,4080.1059383501392,5.027202029550608,4075.01828999349,2.803640344568066,4065.0357035179795,1.1564178086382526,0.20573146326820727,0.3308380244480258,16,20,0,0,False,1,1,4.199951171875,0.89990234375,0.21426495378713015,2.0,1.300048828125,0.07495346392063257,0.060695873176792585,1.4064614931318609,9.60009765625,14.199951171875,66.17600597409312,3.728291587471631,2.2351641484671787,1.4931274390044522,4090.581608363318,4065.6084062851196,0.6123742098540337,0.9166463172483869,84.58615562530976,89.05381091010922,1781.4,1.1401145166722801,4089.300048828125,0.25005395620802834,4090.60009765625,0.3729743258755641,4087.800048828125,0.4028134518285482,4078.89990234375,0.11289923325475347,4074.800048828125,4036.39990234375,38.400146484375,13.699951171875,52.10009765625,4074.300048828125,6.099993024553571,6.135689871651786,6.049979073660714,5.642839704241071,4.942818777901786,-0.06622396791452048,0.07192226676824601,0.056273382101203084,0.057047889499977134,0.08639817477856661,0.04070623176979734,0.0004705020033392682,0.0007495346392063257,0.3800220631371114,6.011415318080357,0.19249615525015584,5.2400390625,0.00034824860209055065,0.0007733423479845712,-0.49209184846400167,5.724262346540179,0.3508459915969071,6.2900390625,0.0001667874342886233,0.0006069587317679259,0.12476750547377019,5.300681849888393,0.5061130156060745,5.50499267578125,0.0001233197172520084,0.0005529316831295056,-0.0010004993904817537,4.337120535714286,0.9521911451909378,4.613984375,1.4356941856922991,1,0.8340416679446555,1.3789082777412254,6.099993024553571,0.23535997171035627,22.375504112976664,0,SHORT,-1.0
4088.800048828125,4090.39990234375,4085.39990234375,4086.699951171875,1345,5.0,6.049996512276786,5.37998046875,5.539990234375,0.14804112326724472,0.12494740772260994,0.41772121296325126,0.3141964489790488,4084.5784833685534,7.741151568694477,4080.733939571257,5.034121218700875,4075.4763943534263,2.8936879199031864,4065.251268171252,1.1956559748768996,0.1461994751180672,0.2753925120017621,16,25,0,0,False,1,1,5.0,2.10009765625,0.42001953125,1.599853515625,1.300048828125,0.08362194767406526,0.06154287443499303,1.381104531712048,5.099853515625,17.0,68.38820744566387,3.7816332291072285,2.544457964595189,1.2371752645120395,4091.6219784304185,4065.8480411008313,0.6319100718207288,0.809030836243508,77.8190796115792,83.33302739382366,1698.95,0.7916654404190824,4088.5,0.23535997171035627,4089.300048828125,0.25005395620802834,4090.60009765625,0.3729743258755641,4081.60009765625,0.29240844846432323,4074.800048828125,4036.39990234375,38.400146484375,11.89990234375,50.300048828125,4069.699951171875,6.099993024553571,6.099993024553571,6.135689871651786,5.671421595982143,5.178536551339286,-0.19129488235744943,0.07495346392063257,0.07192226676824601,0.056273382101203084,0.041780060891122274,0.056517285876188816,0.0002500495479375919,0.0008362194767406526,1.0866428855402628,6.087130301339285,0.036905498148285094,5.260009765625,0.0004171267068969975,0.000647596343652394,0.15952427849094267,5.8114083426339285,0.30553742182246624,6.0900390625,0.0001570441140138934,0.0006154287443499303,0.13390794312288207,5.3446114676339285,0.5317805652479187,5.50999755859375,0.00010417764053024082,0.0005555912501785962,0.07698105879187639,4.38054931640625,0.9799634724064239,4.6399853515625,0.7559313809398156,1,0.8690162394576613,0.9875598880329152,6.049996512276786,0.12494740772260994,22.447631790249527,0,SHORT,-1.0
4086.39990234375,4091.60009765625,4085.39990234375,4090.5,1551,6.2001953125,6.1785888671875,5.06005859375,5.625,0.15104727703673146,0.06604900287745268,0.4691285089743899,0.39268621916799606,4085.762786694843,6.73291148933049,4081.6640405644707,4.811819309479233,4076.0655553591746,2.886090400372723,4065.502499333727,1.2106240862894992,0.21647934145768924,0.35412690116936724,16,30,0,0,False,1,1,6.2001953125,4.10009765625,0.6612852417703575,1.10009765625,1.0,0.06283982700801587,0.06391945751249525,1.3952169817287041,2.699951171875,19.10009765625,74.29294566319318,4.0834673764602485,2.852259846968201,1.2312075294920475,4093.2734001102817,4065.7966194209685,0.6735272677778013,0.8990638626249107,92.10492501422618,84.83672008370502,1727.8,0.8976733418219701,4086.699951171875,0.12494740772260994,4088.5,0.23535997171035627,4089.300048828125,0.25005395620802834,4087.800048828125,0.4028134518285482,4074.800048828125,4036.39990234375,38.400146484375,15.699951171875,54.10009765625,4071.39990234375,6.049996512276786,6.099993024553571,6.099993024553571,6.049979073660714,5.335675920758929,-0.07854010788299896,0.08362194767406526,0.07495346392063257,0.07192226676824601,0.057047889499977134,0.06236315830452674,0.0001322210285558567,0.0006283982700801586,0.6084169395085522,6.112852260044642,0.04776092263838231,5.06005859375,0.0004683415409832303,0.00066759037762389,-0.07977324676817313,5.8956996372767865,0.2743938819507336,5.9400634765625,0.00019617184206536243,0.0006391945751249525,0.01855916893440568,5.403185163225446,0.5565881815411613,5.59500732421875,0.00011785534754459758,0.0005674448254584859,0.062078504219722226,4.428407156808036,1.0083394115648023,4.7159912109375,0.4080896338674643,1,0.9061106549794702,1.4331893014201513,6.1785888671875,0.06604900287745268,22.738530404893922,0,SHORT,-1.0
4089.39990234375,4091.89990234375,4088.60009765625,4091.5,726,3.2998046875,5.835745675223214,4.480029296875,5.625,0.14263095870031076,0.05379774400524712,0.3039862236005112,0.37288597477618846,4087.4601756721995,4.525030150046405,4083.250151447404,4.027798534091744,4077.1657030496817,2.6976869340087433,4065.9946302487897,1.194748806006828,0.20204122320724888,0.35157503997437134,16,40,0,0,False,1,1,3.2998046875,2.10009765625,0.6364308967150044,0.39990234375,0.7998046875,0.06033483371584802,0.06552148514763753,1.289713776769235,2.199951171875,12.39990234375,73.11763740771124,4.3732304901341195,3.3672450851992872,1.0059854049348322,4095.94511526225,4066.034889620563,0.7329159253954014,0.8513847633414475,95.8643097086844,91.7289253568784,1691.25,0.4292682926829268,4089.199951171875,-0.03422838827919717,4090.5,0.06604900287745268,4086.699951171875,0.12494740772260994,4089.300048828125,0.25005395620802834,4074.800048828125,4036.39990234375,38.400146484375,16.699951171875,55.10009765625,4079.10009765625,6.235752650669643,6.1785888671875,6.049996512276786,6.099993024553571,5.557111467633929,0.1522304859231158,0.05646715321660147,0.06283982700801587,0.08362194767406526,0.07192226676824601,0.08504700853210745,0.00010771791258579189,0.0006033483371584801,0.7212757008945646,6.080015345982143,0.15406066761602283,4.480029296875,0.0003037665718614746,0.0006590896596129746,0.5326675353201565,6.0,0.20906844537785685,5.050048828125,0.0001863174349391483,0.0006552148514763753,0.049330049260111725,5.522478376116071,0.5543586586480325,5.59500732421875,0.00012766606327512474,0.0005708389338343595,0.01744020393638076,4.524837820870536,1.0429607840910802,4.7319921875,0.3139499519153865,1,1.042617128356844,1.4165313410798008,5.835745675223214,0.05379774400524712,23.42036832140111,0,SHORT,-1.0
4091.60009765625,4092.0,4089.800048828125,4091.300048828125,1121,2.199951171875,5.492885044642857,4.080029296875,5.5,0.13425769264261586,0.06848596864681424,0.3040071289136032,0.35074929674086336,4088.2281503033846,4.180033885661942,4084.0168083408057,3.9108699906664697,4077.719991119425,2.70170112593496,4066.2464254585343,1.2107219405547767,0.1783352231177084,0.33303065777628826,16,45,0,0,False,1,1,2.199951171875,0.300048828125,0.13638885806236822,0.39990234375,1.5,0.058828125351607106,0.06573267422489205,1.2031901820805704,2.800048828125,12.400146484375,82.92619387876623,4.466900440208519,3.5871761562011337,0.8797242840073856,4097.214021036341,4066.1959887292837,0.7599283208843306,0.8093376088569377,95.11261633349854,92.73148912996919,1695.4,0.6612008965435885,4091.5,0.05379774400524712,4089.199951171875,-0.03422838827919717,4090.5,0.06604900287745268,4088.5,0.23535997171035627,4074.800048828125,4036.39990234375,38.400146484375,16.5,54.900146484375,4078.89990234375,5.835745675223214,6.235752650669643,6.1785888671875,6.099993024553571,5.642839704241071,0.11289923325475347,0.06033483371584802,0.05646715321660147,0.06283982700801587,0.07495346392063257,0.08639817477856661,0.0001370728222507278,0.000588281253516071,0.5776504399393748,5.95859375,0.30230184438760294,4.080029296875,0.00030378741279499797,0.0006590772658664457,0.5326167461879014,5.985004534040179,0.24054105557660854,4.6600341796875,0.00017528832136832207,0.0006573267422489205,0.10211283795741856,5.554268101283482,0.53197150635793,5.47000732421875,0.00012619624056757538,0.0005712041705931684,0.02494528191379081,4.565267508370535,1.0404693826438214,4.7259912109375,0.3761855529479655,1,1.1463588205841195,1.328305437159744,5.492885044642857,0.06848596864681424,23.82361142486829,0,SHORT,-1.0
4091.39990234375,4091.800048828125,4088.39990234375,4088.89990234375,1207,3.400146484375,5.185756138392857,3.76005859375,5.460009765625,0.126825216127702,0.053831971961733005,0.1788466413378351,0.2795806828632741,4088.362500711458,3.7840173429044626,4084.4818649125145,3.7479253412575417,4078.158419010575,2.6820246571487587,4066.4718331887357,1.2205650174837501,0.10816641075550697,0.2633905363534415,16,50,0,0,False,1,1,3.400146484375,2.5,0.7352624398650104,0.400146484375,0.5,0.06265894971800494,0.0679090288385247,1.1269224382288687,2.199951171875,7.2998046875,76.11864159743477,4.2979190525938975,3.7293247354796866,0.5685943171142109,4097.970135749828,4066.5798642501722,0.7689406397083901,0.7110495394671109,83.77110794633201,91.58267799617163,1711.75,0.7051263327004528,4091.300048828125,0.06848596864681424,4091.5,0.05379774400524712,4089.199951171875,-0.03422838827919717,4086.699951171875,0.12494740772260994,4074.800048828125,4036.39990234375,38.400146484375,14.099853515625,52.5,4081.60009765625,5.492885044642857,5.835745675223214,6.235752650669643,6.049996512276786,5.671421595982143,0.29240844846432323,0.058828125351607106,0.06033483371584802,0.05646715321660147,0.08362194767406526,0.041780060891122274,0.0001077977816412945,0.0006265894971800494,0.3957884829221193,5.785745675223215,0.44863315879267984,3.76005859375,0.00017892366478944322,0.0007006424478499995,0.8158479379179184,5.93643798828125,0.3395448980286158,4.5100341796875,0.0001398240411123408,0.000679090288385247,0.18427880137930566,5.574630301339285,0.5079676406621237,5.43001708984375,0.0001090527776975958,0.0005795856094842174,0.07646038926885082,4.601697474888393,1.029389307785069,4.723994140625,0.2791594790423491,1,1.219387439976931,0.8528777955843794,5.185756138392857,0.053831971961733005,23.659993911956185,0,SHORT,-1.0
4162.39990234375,4163.2998046875,4117.39990234375,4160.5,1304,45.89990234375,7.614327566964286,12.4798828125,6.395068359375,0.18301472339777156,0.738498789346247,0.6434625483110717,0.5073076458509481,4138.3183210887455,6.145454759568565,4136.888633894567,1.846651139709138,4137.889418813648,0.24472314662307326,4123.194377743817,0.7917817313718842,0.5707517942827712,0.5464278741608879,9,35,1,0,True,0,0,45.89990234375,1.89990234375,0.041392295990553496,0.89990234375,43.10009765625,0.2898544544657299,0.16040788016615104,2.025753057771978,30.5,26.60009765625,72.22227803843951,0.21173423135951452,-1.8365740971960771,2.0483083285555916,4149.705432372582,4121.864538330543,0.6731707315696658,1.3877234549694366,93.90019467463804,63.953578033998205,554.15,2.3531534783000994,4133.2001953125,0.07748656930992737,4133.7998046875,0.10655064774067338,4134.39990234375,0.0629289360365477,4130.0,-0.09433954464013308,4152.0,4120.5,31.5,8.5,40.0,4133.89990234375,4.564348493303571,4.528669084821429,4.764404296875,4.550153459821429,4.035749162946429,-0.11838945044407546,0.04338587995364525,0.040191218816185675,0.05268162937340379,0.028451873100964583,0.07361183889355662,0.0014760012279307455,0.0028985445446572987,2.121312911311402,5.197237723214286,1.3549367833923547,12.43994140625,0.0006436416432562209,0.002130682476073681,2.973236067949361,4.7779610770089285,1.015565626197864,8.31005859375,0.00025426241164678843,0.0016040788016615103,3.490207567483316,4.275411551339286,0.8826523807753093,6.300048828125,8.200829198354409e-05,0.0011080404767535522,4.201555102425313,3.7587639508928574,0.8016997085308254,4.56001953125,5.6231716898888795,1,-0.13143444516670857,3.118611353701179,7.614327566964286,0.738498789346247,31.285959152784137,1,SHORT,2.0
4160.0,4163.2998046875,4121.7001953125,4161.39990234375,380,41.599609375,9.892857142857142,19.97978515625,8.38505859375,0.23772906654045356,0.7432083080269997,0.6993321801270418,0.5509062037767762,4142.934637339747,11.056305213905034,4139.223040413537,4.594561224617792,4138.811398559927,1.439036240137284,4123.574532217449,1.0893730278885414,0.5357735428530395,0.5457727257560692,9,40,1,0,True,0,0,41.599609375,1.39990234375,0.033651814639184936,1.89990234375,38.2998046875,0.28933465123313445,0.16002941261058257,2.545644220803907,30.69970703125,28.89990234375,81.81818181818181,2.1153397062935255,-1.0461913364981568,3.1615310427916823,4154.94634930277,4118.903601869105,0.8712448895344017,1.1790527498731278,95.86077040094465,78.9005914055392,568.85,0.6680144150479036,4160.5,0.738498789346247,4133.2001953125,0.07748656930992737,4133.7998046875,0.10655064774067338,4130.7001953125,-0.043552442528735635,4152.0,4120.5,31.5,9.39990234375,40.89990234375,4132.5,7.614327566964286,4.564348493303571,4.528669084821429,4.514439174107143,4.071498325892857,-0.1546281015427772,0.2898544544657299,0.04338587995364525,0.040191218816185675,0.030741907762600135,0.07217170571487613,0.0014853528009313387,0.0028933465123313446,2.1205790524843837,6.272921316964286,2.405232143375569,19.93984375,0.0006991352746657964,0.0021093764772480016,2.9784335419295322,5.360096958705357,1.872509076321631,12.1,0.00027594694428583757,0.0016002941261058258,3.4713547778880347,4.572914341517857,1.530004067722458,8.2900390625,9.212723306881054e-05,0.0011068867424339015,4.186980696854569,3.8861900111607137,1.1802140886453658,5.35201171875,7.352453618695675,1,0.04161000686315425,2.2537149144186315,9.892857142857142,0.7432083080269997,32.31247362075445,1,SHORT,2.0
4124.60009765625,4162.0,4119.7001953125,4157.2001953125,416,42.2998046875,12.685721261160714,27.37978515625,10.2700439453125,0.30515059812285794,0.5514776873863784,0.6147536624640774,0.3887879374218029,4145.787748934297,13.405102764873845,4140.935150403915,6.328440438345751,4139.5325278443415,2.276732582436125,4123.909115929838,1.3054020820263759,0.39278675752742576,0.4268034457832584,9,45,1,0,True,0,0,42.2998046875,32.60009765625,0.7706914463811613,4.7998046875,4.89990234375,0.3107860877280449,0.16233769892787062,3.1119348573151453,22.80029296875,25.400390625,74.53057146934698,3.2476426974817514,-0.18742452970217505,3.4350672271839264,4157.852496315327,4117.607464622173,0.9726355243846616,0.9837917632218499,86.71106241290171,92.15734249616143,581.6,0.7152682255845942,4161.39990234375,0.7432083080269997,4160.5,0.738498789346247,4133.2001953125,0.07748656930992737,4134.39990234375,0.0629289360365477,4152.0,4120.5,31.5,5.2001953125,36.7001953125,4131.7998046875,9.892857142857142,7.614327566964286,4.564348493303571,4.764404296875,4.192940848214286,-0.038711416607493054,0.28933465123313445,0.2898544544657299,0.04338587995364525,0.05268162937340379,0.044569577976168874,0.0011043795333506746,0.003107860877280449,2.115216702099135,7.857184709821428,3.5156611643031863,27.37978515625,0.0006151583652215132,0.002163811248518918,2.845508224413422,6.209375,2.918264291747121,15.9099609375,0.00019528322722078272,0.0016233769892787062,3.4616482490581033,5.012559291294642,2.361608436550301,10.1750244140625,6.663172365203751e-05,0.0011174411798703,4.120338063517832,4.076473911830357,1.7104896494948216,6.166015625,6.995892223933121,1,0.11056703286299109,1.2871898660650314,12.685721261160714,0.5514776873863784,32.79934458754703,1,SHORT,2.0
4145.89990234375,4151.60009765625,4109.5,4113.0,28581,47.7001953125,15.607142857142858,36.31982421875,12.5650390625,0.3794588586711125,-0.5031642960530932,-0.3971497731290642,-0.716928426201491,4139.230199147438,6.564121274398531,4138.274659889256,3.7447980454080607,4138.4920365563285,1.3717703365564375,4123.800567512626,1.0854497758627986,-0.6107535619671194,-0.6159740391222446,9,55,1,0,True,0,0,42.10009765625,32.89990234375,0.7814685517449346,5.7001953125,3.5,0.6181132117618088,0.29127592180905315,3.606526513153738,-20.7998046875,-16.39990234375,39.75498752100224,0.571822991033514,-0.03557502555503725,0.6073980165885512,4159.030529967902,4113.459411438347,1.1017509565398944,-0.01008119732784727,6.505599825742862,63.02581087986303,2005.1,14.254151912622813,4157.2001953125,0.5514776873863784,4161.39990234375,0.7432083080269997,4160.5,0.738498789346247,4133.7998046875,0.10655064774067338,4152.0,4120.5,31.5,-39.0,-7.5,4129.39990234375,12.685721261160714,9.892857142857142,7.614327566964286,4.528669084821429,4.478690011160714,-0.10403011262467489,0.3107860877280449,0.28933465123313445,0.2898544544657299,0.040191218816185675,0.048480971089779216,-0.0009930315223272146,0.006181132117618088,-0.8020667288273361,10.072879464285714,4.297551991637806,35.1998046875,-0.00038997820550010773,0.004178096904348431,-1.3894638970602777,7.322220284598214,4.076830497934579,19.43994140625,-0.0003556466270483782,0.0029127592180905318,-1.7661607861888429,5.6132742745535715,3.3164592013719796,12.1900146484375,-0.00015132232348006536,0.0018802701546496805,-2.6876189695802686,4.327472098214286,2.3566252164026444,6.96201171875,-7.852957049114348,1,-0.013928024434827593,-1.6095382885670786,15.607142857142858,-0.5031642960530932,31.288287415454427,1,LONG,2.0
4119.89990234375,4159.60009765625,4118.60009765625,4157.7001953125,547,46.60009765625,18.678571428571427,44.819921875,14.580029296875,0.44925248457380684,0.5927610287976294,0.6707069082929782,0.5027990393716234,4142.92419838045,10.151297019519006,4140.124710881946,5.721483945845648,4139.245297684021,2.2787597351225486,4124.1378772419785,1.3184303751077096,0.4245158215731584,0.44585175077216316,10,5,1,0,True,0,0,41.0,37.80029296875,0.9219583650914634,1.89990234375,1.2998046875,0.8193498043163775,0.3828932113004762,4.026385866991052,24.5,27.7001953125,59.01529583664712,2.034694095058512,0.3784787985676727,1.6562152964908394,4162.0124609947325,4112.557509708393,1.1953479506835851,0.912804166821137,89.59176635022054,60.936142862955,1972.35,0.2773341445483814,4113.0,-0.5031642960530932,4157.2001953125,0.5514776873863784,4161.39990234375,0.7432083080269997,4133.2001953125,0.07748656930992737,4152.0,4120.5,31.5,5.7001953125,37.2001953125,4130.0,15.607142857142858,12.685721261160714,9.892857142857142,4.564348493303571,4.500139508928571,-0.033884455071895435,0.6181132117618088,0.3107860877280449,0.28933465123313445,0.04338587995364525,0.0459656442598629,0.0012095839732822577,0.008193498043163775,-0.46540256364183125,12.895724051339286,4.408729278259612,42.5798828125,0.0006822921796866277,0.005498150607461753,-0.15914815584138572,8.7400634765625,5.275569483854882,23.169921875,0.0002577609140670345,0.003828932113004762,0.15775740117466147,6.363274274553571,4.381108041012523,13.985009765625,7.568932985480004e-05,0.0024410394564103855,0.4358632666195688,4.639041573660714,3.1027448847956354,7.6880078125,11.071929216470005,1,0.047081394917580385,0.9449381720746288,18.678571428571427,0.5927610287976294,30.78760842990677,1,SHORT,2.0
4158.2998046875,4160.7998046875,4120.89990234375,4159.7998046875,938,39.89990234375,29.378452845982142,42.95986328125,22.00498046875,0.7062467961289104,1.1378508312059323,0.6289612760278676,0.6313861224042377,4152.474831344134,13.24463219669633,4146.396076441164,8.121416551907714,4142.18977807596,3.6977415196315633,4125.511531698702,1.7109641860761258,0.32326212931014364,0.42513809253133267,10,35,1,0,True,0,0,39.89990234375,1.5,0.03759407697485162,1.0,37.39990234375,0.4832561742869736,0.38182541272889325,4.564077867593361,46.7998046875,26.0,61.020781115693815,5.3533199827634235,2.8868534430711454,2.466466539692278,4172.217505449545,4111.542455487955,1.4649156964399355,0.7953409058598946,93.49440017425714,91.3261694287633,3519.85,0.26648862877679447,4157.7001953125,0.0120273255198001,4158.39990234375,-0.07209112487147327,4160.7998046875,0.00720597734647278,4113.0,-0.5031642960530932,4152.0,4120.5,31.5,7.7998046875,39.2998046875,4133.7998046875,26.792759486607142,24.135637555803573,21.499965122767858,15.607142857142858,4.528669084821429,0.10655064774067338,0.7616813068830058,0.7632031044755603,0.7628428936718679,0.6181132117618088,0.040191218816185675,0.0022746956708458834,0.004832561742869736,2.1697411780109275,24.097077287946426,4.2209689214103765,41.83984375,0.0006408320742593343,0.005506917786232349,-0.13149273886949717,17.08497837611607,8.411879420850095,38.51982421875,0.00032167160218150024,0.0038182541272889325,0.10693845774175618,10.725395856584822,8.724857176755958,21.4099609375,9.883399371962031e-05,0.0024430671500141675,0.4057399622980016,6.436886858258929,6.493784461487297,10.86,33.42829699034507,1,0.14317630636493106,0.45771836570730295,29.378452845982142,1.1378508312059323,29.142334379290983,0,SHORT,-0.1418273007265071
4122.60009765625,4164.7998046875,4122.60009765625,4161.0,945,42.19970703125,32.214146205357146,42.07978515625,23.774951171875,0.7741924106069971,0.07936610463689243,0.672597584772884,0.7164665332798651,4154.179865075307,11.2556666948567,4147.78692630391,7.662215421963992,4142.927433837687,3.6821361536658515,4125.864650786278,1.726773544299249,0.31855719521889736,0.43622695427160235,10,40,1,0,True,0,0,42.19970703125,38.39990234375,0.9099566097772636,3.7998046875,0.0,0.0531264538353168,0.38126968416041074,4.587212279872971,3.2998046875,27.7998046875,61.363766538747925,5.8179518092301805,3.4730731163029525,2.344878692927228,4174.424165348257,4112.295805354868,1.49946806970761,0.7839285416565747,93.1287195154255,92.07162867996767,3545.65,0.26652376856147675,4159.7998046875,1.1378508312059323,4157.7001953125,0.0120273255198001,4158.39990234375,-0.07209112487147327,4157.7001953125,0.5927610287976294,4152.0,4120.5,31.5,9.0,40.5,4133.2001953125,29.378452845982142,26.792759486607142,24.135637555803573,18.678571428571427,4.564348493303571,0.07748656930992737,0.4832561742869736,0.7616813068830058,0.7632031044755603,0.8193498043163775,0.04338587995364525,0.00015879473280930868,0.000531264538353168,-0.5206113738530563,26.80419224330357,4.217539558094607,42.07978515625,0.0006841893530457832,0.005501747236024161,-0.16104856339920468,19.849958147321427,8.383262781078262,42.329833984375,0.00036392137593105334,0.003812696841604107,0.0711818409836128,12.135030691964285,9.796405381912901,23.1949462890625,8.914418665003864e-05,0.002441298784369065,0.41858812929477596,7.02259765625,7.424860068837552,11.6319921875,2.5567112985225267,1,0.15084964335993553,0.41147031520127675,32.214146205357146,0.07936610463689243,29.028215719439142,0,SHORT,-0.11381910490766162
4159.7001953125,4163.5,4123.2998046875,4161.89990234375,635,40.2001953125,39.99989536830357,40.7,29.2699462890625,0.96109700634025,0.10101033826308255,0.1130498126250742,0.7284984529526729,4157.6304463873075,6.986858379015757,4151.275855779082,6.290698100690861,4144.997893854337,3.526892374767158,4126.9099694913875,1.743043551367009,0.255922442491455,0.40776880766267365,10,55,1,0,True,0,0,40.2001953125,2.19970703125,0.05471881452690392,1.60009765625,36.400390625,0.037643050549258,0.3811560302903873,4.396551016923592,4.19970703125,4.69970703125,60.33867612344109,6.383340114351995,4.845652272960112,1.5376878413918833,4179.548465070794,4115.72150563233,1.5388760019597925,0.723493600786997,94.7560351069278,93.55048533973779,3547.3,0.17900938742141909,4160.0,0.03847868636559355,4161.7998046875,0.024033840774396638,4161.0,0.07936610463689243,4157.7001953125,0.0120273255198001,4152.0,4120.5,31.5,9.89990234375,41.39990234375,4157.2001953125,37.342738560267854,34.77842494419643,32.214146205357146,26.792759486607142,12.685721261160714,0.5514776873863784,0.0374464951554297,0.04256237103057432,0.0531264538353168,0.7616813068830058,0.3107860877280449,0.0002019957838047981,0.00037643050549258,-1.6435283915228935,34.74273158482143,4.170381030068839,40.7,0.0001246261560807316,0.005084726864693312,-0.005137490514538237,28.0427734375,8.137603258515712,41.48994140625,0.00036989226065112235,0.003811560302903873,0.06599752986248966,17.12607421875,12.682599177568903,28.699951171875,8.86365521953203e-05,0.0024388669388034924,0.4206365196005679,9.098016880580357,10.310689021586587,13.859990234375,4.040402961640252,1,0.15694945866582502,0.2662815936405619,39.99989536830357,0.10101033826308255,28.732480373154,0,SHORT,-0.09792099181807015
4165.89990234375,4166.5,4126.7001953125,4164.7001953125,432,39.7998046875,42.228480747767854,40.52001953125,32.8049072265625,1.0139620805189609,0.0889256263518385,0.16836230779439035,0.840198433716707,4154.975556000378,0.7956909250706303,4150.910656601471,3.1237302975605417,4145.288343793451,2.360909955763418,4127.338106929988,1.4734561437098819,0.33220514368573273,0.4682871228515104,11,25,1,0,True,0,0,39.7998046875,1.19970703125,0.03014354066985646,0.60009765625,38.0,0.5315937623421123,0.451621104716752,3.9542379280253743,3.7001953125,7.0,51.23391265929551,4.762739795882226,4.7012612852025475,0.061478510679678244,4180.80945396733,4118.21056556392,1.5085850680221928,0.7426590301250049,89.61056461393343,73.73916923881796,3560.1,0.12134490604196511,4132.2001953125,-0.6634840778611313,4161.89990234375,0.10101033826308255,4160.0,0.03847868636559355,4161.0,0.07936610463689243,4152.0,4120.5,31.5,12.7001953125,44.2001953125,4157.7001953125,42.66420200892857,39.99989536830357,37.342738560267854,32.214146205357146,18.678571428571427,0.5927610287976294,0.32651687086245057,0.037643050549258,0.0374464951554297,0.0531264538353168,0.8193498043163775,0.00018908588627231104,0.0053159376234211235,0.16363177250938718,39.40274832589286,3.339402469374421,40.52001953125,0.00017394030954080985,0.0035616480765106625,0.196411338234179,33.10347028459822,7.546640411626803,41.29990234375,0.0004281162446137188,0.00451621104716752,-0.003908353062120961,20.921766880580357,14.013017801882448,32.234912109375,0.00011962669143463112,0.00286956178662965,0.30864972927397655,10.679296875,12.148750881020552,15.3259765625,3.75519410038181,1,0.133140305037312,0.3276307369558684,42.228480747767854,0.0889256263518385,29.621539535200867,0,SHORT,-0.05525111326767277
4163.7998046875,4165.2001953125,4126.60009765625,4164.39990234375,32285,38.60009765625,41.842808314732146,39.97998046875,36.39990234375,1.0047740201699351,0.10576688326322116,0.14428626733610422,0.8158352201278678,4158.240351933991,1.6772695357949488,4153.288767896839,3.131232808774257,4146.727763574568,2.419747617757821,4128.064106634584,1.5057947598033934,0.2675261718567528,0.4261707007731936,11,35,1,0,True,0,0,38.60009765625,0.60009765625,0.015546532073419099,0.80029296875,37.19970703125,0.5311549135425093,0.45178532062344373,3.420524246004199,4.39990234375,6.0,52.155619815621044,5.5145006057964565,4.940761652435485,0.5737389533609711,4182.299976595202,4123.450023404798,1.4170894426247729,0.6958353697659241,89.12307680112875,88.85277868053295,5130.75,6.292452370511134,4163.60009765625,0.043257558105565336,4164.7001953125,0.0889256263518385,4132.2001953125,-0.6634840778611313,4160.0,0.03847868636559355,4152.0,4120.5,31.5,12.39990234375,43.89990234375,4158.39990234375,42.10707310267857,42.228480747767854,42.66420200892857,37.342738560267854,24.135637555803573,-0.07209112487147327,0.5319786864932078,0.5315937623421123,0.32651687086245057,0.0374464951554297,0.7632031044755603,0.00022272391002702284,0.0053115491354250935,0.13278094172402935,41.76849190848214,1.0322281956453407,39.97998046875,0.00014986276487086725,0.003550652527457225,0.22414406472874973,36.93489815848214,5.851354781513481,40.719970703125,0.0004160366237358548,0.004517853206234437,0.004850436052207664,24.666031319754463,14.141792137862206,35.8299072265625,0.0001061106459118255,0.0028692865633133126,0.3233219011511891,12.23286411830357,13.519739153624482,16.757978515625,4.4255834224296144,1,0.15680124223309796,0.2662550648070167,41.842808314732146,0.10576688326322116,29.181811298540367,0,SHORT,-0.06572800085353503
4164.39990234375,4168.0,4128.0,4166.5,278,40.0,41.292794363839285,39.93994140625,38.134912109375,0.9910667074004389,0.11052879127774029,0.2116507750467706,0.7764149190805847,4159.892281547193,2.261835159885777,4154.546980478092,3.2711246990102154,4147.503145395173,2.5052515408360705,4128.4465533347375,1.5365838433499448,0.28770933577292573,0.4580311078466145,11,40,1,0,True,0,0,40.0,2.10009765625,0.05250244140625,1.5,36.39990234375,0.5312115857298503,0.45165138309019554,3.1776596873654834,4.60009765625,8.7998046875,71.41740163883155,5.88001429635915,5.128612181220219,0.751402115138931,4183.154143255952,4125.805866509674,1.3803960225798475,0.7095964482135443,91.59034509845928,89.51270550870822,5105.65,0.05444948243612469,4164.39990234375,0.10576688326322116,4163.60009765625,0.043257558105565336,4164.7001953125,0.0889256263518385,4161.89990234375,0.10101033826308255,4152.0,4120.5,31.5,14.5,46.0,4157.7001953125,41.842808314732146,42.10707310267857,42.228480747767854,39.99989536830357,26.792759486607142,0.0120273255198001,0.5311549135425093,0.5319786864932078,0.5315937623421123,0.037643050549258,0.7616813068830058,0.00023224200865605836,0.005312115857298502,0.12380602446419196,42.027071707589286,0.5064625013407061,39.93994140625,0.00021711889623042823,0.0035503268443061076,0.15339575486082282,38.38490164620536,4.752173261493623,40.319970703125,0.000396468463542049,0.0045165138309019555,0.01922718722891556,26.49245082310268,13.79067904068703,37.57490234375,0.00012150697819989897,0.0028693171196406643,0.30664612091670834,12.99471888950893,14.062724485300896,17.5159765625,4.564042649515443,1,0.17058266923895618,0.2903026946870058,41.292794363839285,0.11052879127774029,29.366122698072996,0,SHORT,-0.006050383449033949
4166.7001953125,4169.7998046875,4128.60009765625,4167.2998046875,338,41.19970703125,40.907052176339285,39.89990234375,40.0448974609375,0.9816200919916019,0.8494169622956899,0.18029713813507495,0.8103924133435987,4161.373786175254,8.82939000290753,4155.761535164703,6.3024089538666885,4148.2794849752645,3.783461651979451,4128.833152850686,1.8705442964019312,0.27764513014435865,0.4585110473179442,11,45,1,0,True,0,0,41.19970703125,0.599609375,0.014553729096791779,2.5,38.10009765625,0.3458448971337306,0.45150149500364606,2.9754906557040353,35.099609375,7.5,55.92582768681729,6.1631787948472265,5.335525503945621,0.8276532909016057,4183.631477464443,4128.678532301181,1.3222063445348315,0.7028062330704427,93.052505668327,91.25530918930497,5021.55,0.06730989435532853,4166.5,0.11052879127774029,4164.39990234375,0.10576688326322116,4163.60009765625,0.043257558105565336,4132.2001953125,-0.6634840778611313,4152.0,4120.5,31.5,15.2998046875,46.7998046875,4159.7998046875,41.292794363839285,41.842808314732146,42.10707310267857,42.66420200892857,29.378452845982142,1.1378508312059323,0.5312115857298503,0.5311549135425093,0.5319786864932078,0.32651687086245057,0.4832561742869736,0.00169785287849622,0.003458448971337306,2.2007209367704257,41.67564174107143,0.560582439013254,39.89990234375,0.00018581567945340493,0.003548886348723301,0.1865865486079289,39.53776157924107,3.577749438759814,40.449951171875,0.00041332387685636963,0.0045150149500364604,0.0068978258057611035,28.311369977678574,13.124259228759414,39.4848876953125,0.00010796323600402947,0.002867313615266064,0.3216738517056952,13.748002232142856,14.530670640581164,18.24197265625,34.74714399609741,1,0.1829036753170374,0.2828437726667212,40.907052176339285,0.8494169622956899,29.770164772840822,0,SHORT,-0.020371385592417298
4167.0,4172.5,4129.7001953125,4172.39990234375,921,54.39990234375,43.257114955357146,47.3,42.4349609375,1.0367442231761737,0.07195280064916791,0.09596008285459692,0.18488022354925476,4159.981867549298,-3.6643084625020492,4160.0577866738495,-0.6523209118195155,4154.6121576869,1.0974100541734515,4133.724214327338,1.33925623671621,0.29668135162537224,0.42814452906124983,14,5,1,0,False,1,1,42.7998046875,5.39990234375,0.1261665183562644,0.10009765625,37.2998046875,0.9094400270160843,0.5071795177576577,1.6859689238670577,3.0,4.0,51.73089421797292,1.3697812171139958,3.011817660963748,-1.6420364438497521,4189.885679737755,4135.474330027871,1.30712304683665,0.6786373157946425,99.17355371900827,67.61148691130863,3789.1,0.24306563563906997,4118.10009765625,-1.187733919764459,4170.10009765625,0.07680038847825432,4167.5,0.06722704051185407,4169.39990234375,0.02399002071364923,4152.0,4120.5,31.5,20.39990234375,51.89990234375,4168.39990234375,42.328543526785715,41.207101004464285,41.228515625,40.87852260044643,40.957101004464285,0.09605225467776943,0.5681967548441665,0.06577058261310315,0.06417998502189448,0.6209449162814709,0.08143479827182284,0.00017693194014920533,0.009094400270160842,0.09822148391351794,41.81138392857143,0.9571124772025396,42.419921875,0.00012017208745888076,0.007341614396535092,-0.0029846039378359284,41.309943498883925,0.8303999994818165,41.2599609375,0.00010457675692485124,0.005071795177576576,0.006038292233541234,41.22780238560268,0.6594836670829318,41.1699462890625,0.00017972313030491626,0.004241909048946982,0.050647601095335726,25.657124720982143,16.74171834062987,30.321962890625,3.1124705690409527,1,0.12588978697653708,0.2861663899283259,43.257114955357146,0.07195280064916791,25.183623436361184,0,SHORT,-0.09247598099765525
4177.60009765625,4185.60009765625,4139.7001953125,4179.39990234375,2545,47.2001953125,43.921421595982146,46.27998046875,43.2999755859375,1.050902584635455,1.4885457670732138,0.2831318843220083,0.29035822291065927,4158.911225291942,2.033866441257487,4159.208711451758,0.4500948484246692,4155.001683582199,1.1155562894564355,4134.642855662767,1.307341717503732,0.4854575062895622,0.5872011763065375,14,35,1,0,False,1,1,45.89990234375,1.7998046875,0.03921151452613215,6.2001953125,37.89990234375,0.856396888340376,0.5858905006510612,1.5228222051702351,61.2998046875,11.7998046875,52.05530942771018,0.5426860316110833,1.3519099992793893,-0.809223967668306,4193.367209086054,4128.662771382696,1.5550157318638618,0.7841368036248496,91.52981042464346,55.34268835711348,2402.7,1.0592250384983561,4138.39990234375,-0.7601782827783122,4138.39990234375,-0.6982626912117577,4172.2998046875,0.016773108995829195,4118.10009765625,-1.187733919764459,4152.0,4120.5,31.5,27.39990234375,58.89990234375,4167.60009765625,43.449951171875,43.328543526785715,43.1142578125,42.328543526785715,40.84995814732143,-0.031178601500344287,0.9802056486980392,0.9829644400640433,0.909242711733208,0.5681967548441665,0.6206166411378088,0.002988774611786038,0.00856396888340376,-0.02347665332058743,43.4142578125,0.3084355424981778,43.69990234375,0.00030747444482520647,0.007411694804558312,0.11350457328531902,42.37496163504464,1.178261633548256,42.809912109375,0.00016127792585884926,0.005858905006510612,0.08348185113097552,41.61102469308035,1.1293494134351543,41.9699462890625,0.00023034294710682078,0.00461329978474083,0.08110194365145018,28.842120535714283,16.00698522044028,33.441953125,65.37904620053726,1,0.09578533018029683,0.46194339360004655,43.921421595982146,1.4885457670732138,23.576914807753727,1,SHORT,0.0018991806392099455
4145.60009765625,4184.2001953125,4140.7998046875,4181.7998046875,2582,43.400390625,44.350062779017854,44.1201171875,43.385009765625,1.0605496401167889,0.2276921708580704,0.24450347090989258,0.3961299491919263,4161.199160749344,-1.2462942275942623,4160.101452022443,-1.122241128897258,4155.660681249249,0.35489034663896746,4135.210170229767,1.1021191824274865,0.5215822958959023,0.6290004272050691,14,55,1,0,False,1,1,43.400390625,36.19970703125,0.8340871247918635,2.400390625,4.80029296875,0.8844148770313164,0.6493476680159364,1.4565233053694024,9.5,10.19970703125,53.20338083825762,1.3740561154800162,1.0345520942364352,0.3395040212435809,4195.316640826184,4126.383359173817,1.6567115289512344,0.8039142223512601,94.80835679122697,76.77579590076084,2538.3,1.017216247094512,4144.60009765625,-0.6662785288601915,4179.39990234375,1.4885457670732138,4138.39990234375,-0.7601782827783122,4172.2998046875,0.016773108995829195,4152.0,4120.5,31.5,29.7998046875,61.2998046875,4171.60009765625,44.06431361607143,43.921421595982146,43.449951171875,43.1142578125,41.03564453125,1.0023703546074136,0.749785242291269,0.856396888340376,0.9802056486980392,0.909242711733208,0.3553555383554512,0.00048623496290034485,0.008844148770313164,0.07519733782886506,43.82285853794643,0.4270148641713619,43.86005859375,0.0002764143372314787,0.00845908479664366,0.09186606223271453,43.024982561383936,1.1051026499819065,43.210009765625,0.0002177145617987042,0.0064934766801593635,0.048137850192664026,41.94853515625,1.3428589528147985,42.05498046875,0.00024234909421894324,0.0049317262948114175,0.06634598455611912,30.449264090401783,15.430290485972575,34.945966796875,10.098162071846282,1,0.10012997716193486,0.49180375549273214,44.350062779017854,0.2276921708580704,24.20171654947375,1,SHORT,0.037579804000980294
4284.2998046875,4294.7998046875,4250.89990234375,4294.2001953125,1634,43.89990234375,6.571428571428571,12.72001953125,7.5599853515625,0.1530303263131949,0.2264020378690629,0.2264020378690629,0.15861111917814227,4284.983150020571,1.3346142293412413,4282.773585877285,1.3707556811486938,4278.19905372893,1.4040225410044513,4255.464801436748,1.4822240293888171,0.2668039579046416,0.374015827281878,11,0,0,0,True,0,0,43.89990234375,9.900390625,0.22552192821471076,0.599609375,33.39990234375,0.12340889947749414,0.07797823880879261,0.745652707312633,9.7001953125,9.7001953125,76.50400134310817,2.6093396085234417,2.3466092847828928,0.26273032374054894,4290.975797845176,4273.464241217323,0.4089364056022899,1.184129688516398,98.63414417119913,75.27146948932723,579.0,2.8221070811744386,4284.2998046875,-0.023335590170520722,4279.5,-0.16796591747595044,4281.39990234375,-0.058358039566522864,4284.5,0.0,4291.7998046875,4214.89990234375,76.89990234375,2.400390625,79.30029296875,4284.5,3.671421595982143,3.449986049107143,3.535679408482143,5.971400669642857,8.771344866071429,0.23394549070066675,0.06711820808045685,0.015536342642711226,0.0453832290189079,0.039750546356887274,0.031155306340492482,0.00045300316680174646,0.0012340889947749414,1.0549457027723605,4.134270368303571,1.3655224683268607,12.62001953125,0.00022653317799060658,0.0008967119889839669,1.6746715296951902,5.605681501116071,2.0199020425034395,7.900048828125,7.953451354034136e-05,0.0007797823880879261,1.2188060937771665,10.293184988839284,5.491101123440411,7.5300048828125,0.00013855759165783078,0.000654584225177937,0.6515008031779704,8.81298828125,4.7011095156361105,8.86400390625,1.4877848202824133,1,0.6961244573583075,1.7434711428282217,6.571428571428571,0.2264020378690629,62.16860188778672,1,SHORT,2.0
4294.10009765625,4295.7001953125,4258.89990234375,4295.60009765625,1314,36.80029296875,8.921456473214286,19.46005859375,9.2,0.20768824542307787,0.31292096895465493,0.2824815607855725,0.27312018439316815,4287.106539547707,3.747671852222993,4283.995158427662,2.516388696634749,4278.8814476084335,1.874449199936862,4255.864157618037,1.6008078932145509,0.2708905775898915,0.3907247782515901,11,5,0,0,True,0,0,36.80029296875,1.5,0.04076054506614301,0.10009765625,35.2001953125,0.11157397356029126,0.07520514637146161,1.011913950049279,13.39990234375,12.10009765625,74.99962783773725,3.3171389055496547,2.5407152089362453,0.7764236966134095,4293.403063988495,4272.206994605254,0.494910910915796,1.1036528814862332,99.77656919270635,92.4383718639075,621.85,2.113049770845059,4294.2001953125,0.2264020378690629,4284.2998046875,-0.023335590170520722,4279.5,-0.16796591747595044,4282.2001953125,-0.030344454009571614,4291.7998046875,4214.89990234375,76.89990234375,3.80029296875,80.7001953125,4283.5,6.571428571428571,3.671421595982143,3.449986049107143,3.442836216517857,8.585623604910714,0.18242169308435183,0.12340889947749414,0.06711820808045685,0.015536342642711226,0.04602509447552547,0.044490820197234056,0.0006255574804070685,0.0011157397356029127,0.9367997836771534,5.229994419642857,2.4441061801505204,19.46005859375,0.0002824729631629719,0.0008821623823015641,1.5406404426313336,5.639264787946429,2.0769386848026468,11.230078125,0.00013665171243428808,0.0007520514637146162,1.2059064318124968,9.927115304129465,5.314798716351619,9.17001953125,0.00015023676606497948,0.0006525715586329944,0.6068856864377451,8.81641810825893,4.701125155088988,9.520009765625,2.791710804084993,1,0.573192374426997,1.3043134773374647,8.921456473214286,0.31292096895465493,62.744036279450754,1,SHORT,2.0
4295.60009765625,4297.7998046875,4293.7001953125,4293.7001953125,1836,4.099609375,8.94287109375,19.3400390625,7.47998046875,0.2082788896978199,0.28729605384483003,0.22877035393353132,0.33884836740948737,4288.425270700666,5.458196075528576,4284.919447654789,3.4481891035020453,4279.462574969378,2.2833058183214234,4256.240635605047,1.707270431280449,0.2049221173228063,0.3326964564755913,11,10,0,0,True,0,0,4.099609375,1.89990234375,0.4634349690328728,2.19970703125,0.0,0.11669067468775807,0.070850965968033,1.0140306470505,12.30029296875,9.80029296875,67.73161942498791,3.6823212002364016,2.769036407196277,0.9132847930401247,4295.034805661923,4272.025252931827,0.5371633342762705,0.9419975535779305,91.25881042362911,96.55650792917817,679.45,2.70218559128707,4295.60009765625,0.31292096895465493,4294.2001953125,0.2264020378690629,4284.2998046875,-0.023335590170520722,4281.39990234375,-0.058358039566522864,4291.7998046875,4214.89990234375,76.89990234375,1.900390625,78.80029296875,4283.89990234375,8.921456473214286,6.571428571428571,3.671421595982143,3.535679408482143,8.585658482142858,0.10982676240289319,0.11157397356029126,0.12340889947749414,0.06711820808045685,0.0453832290189079,0.037220319730985385,0.000574477069496071,0.0011669067468775807,0.8592568410997217,6.311432756696428,2.6908096149318386,19.3400390625,0.00022890805289262905,0.0009107213176908833,1.5522866645030378,5.674986049107143,2.135490769548024,11.32001953125,0.000169390334187558,0.0007085096596803301,1.5648837597943328,9.448186383928572,4.916210140325517,7.45,0.00012966350568608399,0.0006547525340637216,0.6770279504220231,8.819132952008928,4.701158875834741,9.52599609375,2.569251575277374,1,0.6101924793733222,0.9838832808265697,8.94287109375,0.28729605384483003,62.88367274272288,1,SHORT,2.0
4293.89990234375,4294.5,4257.10009765625,4292.5,725,37.39990234375,11.44287109375,25.93994140625,9.17998046875,0.26657824330227137,0.30377380535109244,0.13529765141593242,0.3131476721259547,4289.240216560533,6.966556860422315,4285.641405021,4.357885379358777,4279.973846539206,2.7035683352496562,4256.60142530052,1.819635899626519,0.16003660434503306,0.29266892532352845,11,15,0,0,True,0,0,37.39990234375,1.39990234375,0.03743064168679418,0.60009765625,35.39990234375,0.1132895496609478,0.07144675024498136,1.290107401863914,13.0,5.7998046875,64.35315681653651,3.8307268341050076,2.981374492578023,0.8493523415269846,4296.169878101602,4272.230170726523,0.5587906082502055,0.8467033015857822,88.6997532560827,93.245044290806,680.0,1.0661764705882353,4293.7001953125,0.28729605384483003,4295.60009765625,0.31292096895465493,4294.2001953125,0.2264020378690629,4279.5,-0.16796591747595044,4291.7998046875,4214.89990234375,76.89990234375,0.7001953125,77.60009765625,4286.7001953125,8.94287109375,8.921456473214286,6.571428571428571,3.449986049107143,6.192801339285714,0.09573851311715682,0.11669067468775807,0.11157397356029126,0.12340889947749414,0.015536342642711226,0.03194019427802926,0.0006073235815315492,0.001132895496609478,0.9180175030519353,7.910009765625,2.9295206696008025,25.93994140625,0.00013558773849899896,0.0009101713549322749,1.9027607752789237,6.199993024553571,2.814386244759473,14.660009765625,0.00015658368226788012,0.0007144675024498136,1.5724599670587833,9.099972098214286,4.475099957654617,9.15,0.00013391875759831916,0.0006513102960762626,0.6806419304509611,8.869704241071428,4.715780964296194,10.19798828125,3.476044496290455,1,0.49529164799292164,0.6003363303867547,11.44287109375,0.30377380535109244,63.968094952347286,1,SHORT,2.0
4247.60009765625,4253.2001953125,4245.89990234375,4251.5,1849,7.30029296875,12.314278738839286,18.26005859375,12.7050048828125,0.28964550720544013,0.35406585624926235,0.41569470375308487,0.38013170013392744,4242.369436712578,6.0508584881636125,4238.869104108807,3.600043160973655,4235.419370762845,1.8914487659585575,4244.171153881961,-0.022352362749188615,0.2979779648998795,0.37967029541773667,15,5,1,0,False,1,1,7.30029296875,3.89990234375,0.5342117584108086,1.7001953125,1.7001953125,0.03914078586738081,0.06958588697762891,1.218256411204833,15.0,17.60009765625,65.35435089068307,3.5258930933523516,2.4732753208479012,1.0526177725044503,4247.692190911167,4229.387789557583,0.4318562853189338,1.2080269665900591,96.39025098226226,95.09545319255564,837.55,2.2076293952599846,4247.5,0.26911314843710465,4243.2001953125,0.18416898400629275,4239.2998046875,0.11098349130656224,4236.5,0.06141141066681029,4268.7998046875,4199.7001953125,69.099609375,-17.2998046875,51.7998046875,4233.89990234375,14.278529575892858,11.842808314732142,9.299979073660714,9.157121930803571,12.992850167410714,-0.1250304945402391,0.044432806569701146,0.037361780427489125,0.021150430014567973,0.07944494158041049,0.08369481256726793,0.0007071921873479159,0.0003914078586738081,-1.4463028940219809,11.359974888392859,2.189497030614395,18.26005859375,0.0004151186489407377,0.0006658719815891744,-1.0268538107217293,11.7328369140625,1.969821905073835,11.8,0.0001899535488756654,0.000695858869776289,-0.8355559972981292,10.93356410435268,2.163372739286936,12.7050048828125,0.0001351800839114814,0.0005979685851492879,-0.0699378734789411,10.108117327008928,2.108931441391074,10.522001953125,4.360065645759218,1,0.28014091763910504,1.0287677781534836,12.314278738839286,0.35406585624926235,67.48909892850313,1,SHORT,2.0
4251.5,4255.39990234375,4250.60009765625,4254.7001953125,1698,4.7998046875,12.157121930803571,18.6,11.214990234375,0.2857339265454555,0.4224979099837432,0.3703749778839349,0.49127975267520213,4244.835588432563,8.420764915530526,4240.376827080588,4.961981014691446,4236.175481529498,2.5192504074893804,4244.275920463359,0.15598338837207848,0.3377852680553794,0.437298073787857,15,10,1,0,False,1,1,4.7998046875,3.2001953125,0.666734486266531,0.69970703125,0.89990234375,0.017089768229240864,0.06943214493031148,1.1983392003086943,17.900390625,15.7001953125,65.62484105589746,4.346873878338556,2.8479950323460326,1.4988788459925235,4250.9666304167695,4228.193379348855,0.5371581864638925,1.163945186596165,98.58071033813363,97.39326981028695,903.55,1.8792540534558133,4251.5,0.35406585624926235,4247.5,0.26911314843710465,4243.2001953125,0.18416898400629275,4236.7998046875,-0.05190364030431705,4268.7998046875,4199.7001953125,69.099609375,-14.099609375,55.0,4239.0,12.314278738839286,14.278529575892858,11.842808314732142,9.064278738839286,13.285679408482142,-0.018864208791550496,0.03914078586738081,0.044432806569701146,0.037361780427489125,0.05245216955426894,0.10651604155428923,0.000843583066753606,0.00017089768229240865,-0.8981489816618172,11.978543526785714,1.7767720578629553,18.6,0.0003699321693548696,0.0006201046357670447,-1.2618012720171323,11.619981166294641,1.9021367752051714,11.57001953125,0.00024529751321769047,0.0006943214493031148,-1.048125797200704,11.00927734375,2.179103918894839,11.214990234375,0.00015260255420505687,0.0006030979774435998,-0.13406710417750778,10.1449755859375,2.12861945742783,10.573994140625,5.1363586071820375,1,0.3455871854377225,1.182167172583349,12.157121930803571,0.4224979099837432,66.0910261939901,1,SHORT,2.0
4255.0,4256.89990234375,4253.2001953125,4255.60009765625,1776,3.69970703125,9.785679408482142,18.3599609375,11.17998046875,0.2299482842354373,0.3845043691112942,0.4959145967909224,0.4413650485855356,4246.988490277301,9.996670526174967,4241.826662373508,6.041820248411568,4236.937231181528,3.059683449107979,4244.3885988433885,0.31662328469519707,0.32470528333741605,0.4404801264784811,15,15,1,0,False,1,1,3.69970703125,0.60009765625,0.16220139897056882,1.2998046875,1.7998046875,0.0325350481747153,0.06857087521576387,0.965589929933773,16.30029296875,21.0,79.81633567268926,5.012342499372608,3.2808645257513476,1.73147797362126,4253.875111973991,4227.154917322884,0.6301167324913257,1.0645573770993337,97.44131951786846,97.47076027942141,961.85,1.8464417528720694,4254.7001953125,0.4224979099837432,4251.5,0.35406585624926235,4247.5,0.26911314843710465,4239.2998046875,0.11098349130656224,4268.7998046875,4199.7001953125,69.099609375,-13.19970703125,55.89990234375,4234.60009765625,12.157121930803571,12.314278738839286,14.278529575892858,9.299979073660714,13.421421595982142,-0.19091845483683487,0.017089768229240864,0.03914078586738081,0.044432806569701146,0.021150430014567973,0.10519237720707411,0.000767871029239231,0.00032535048174715304,-1.798448447195213,12.07568359375,1.5980019032497743,18.3599609375,0.0004948787127256437,0.00038695335184942974,0.2295015855840697,11.256406947544644,1.866688452131665,11.339990234375,0.00022044457468208822,0.0006857087521576386,-0.9852893448972526,11.0928466796875,2.092567838044248,11.17998046875,0.00016488361554723997,0.0005977913578673971,-0.18483242959027263,10.134404994419643,2.1290741777427273,10.58798828125,3.762636487283809,1,0.49965168363702744,1.4120796091914294,9.785679408482142,0.3845043691112942,64.59365213476592,1,SHORT,2.0
4255.60009765625,4256.89990234375,4253.60009765625,4256.5,1433,3.2998046875,9.599958147321429,11.519921875,11.2649658203125,0.22553643010270008,0.31343806738584734,0.49818430709633355,0.4791984266929223,4248.890792221841,10.657297358439791,4243.224123099841,6.733056861658042,4237.704398586174,3.4612568310058123,4244.509110297684,0.44580916930044623,0.312872394080867,0.4435326215791985,15,20,1,0,False,1,1,3.2998046875,0.89990234375,0.2727138206569991,0.39990234375,2.0,0.03903270588520726,0.0679707453559089,0.9485610750648329,13.2998046875,21.10009765625,81.08155664388985,5.548387417925369,3.734369104186152,1.8140183137392167,4256.497590490422,4226.562419275202,0.7057635141271916,1.0000804909235512,99.2127876352871,98.41160583042968,1024.35,1.3989359105774395,4255.60009765625,0.3845043691112942,4254.7001953125,0.4224979099837432,4251.5,0.35406585624926235,4243.2001953125,0.18416898400629275,4268.7998046875,4199.7001953125,69.099609375,-12.2998046875,56.7998046875,4235.39990234375,9.785679408482142,12.157121930803571,12.314278738839286,11.842808314732142,13.435721261160714,-0.016529243794012424,0.0325350481747153,0.017089768229240864,0.03914078586738081,0.037361780427489125,0.08313981873557603,0.000626152569589955,0.0003903270588520726,-0.3580500809405286,11.627113560267857,1.954696302944843,11.519921875,0.0004971376493233537,0.00038502963849659013,0.22528646589903048,10.872830636160714,1.760171578744363,11.249951171875,0.00023927502867799878,0.000679707453559089,-1.0933131822218474,11.176416015625,1.9904292661395313,11.2649658203125,0.00018285652407930674,0.0005850235100270634,-0.22754556796213463,10.120548270089287,2.1302765541542326,10.565986328125,3.0089923286814484,1,0.5749738101938521,1.387236616002114,9.599958147321429,0.31343806738584734,63.20323336548631,1,SHORT,2.0
4256.5,4262.2001953125,4227.10009765625,4259.2001953125,2335,35.10009765625,11.778529575892858,10.83994140625,12.924951171875,0.2765432249194537,0.27546074896998235,0.5453151985013486,0.5381997331303862,4250.952672839973,10.865876949251287,4244.74565378676,7.206117666500177,4238.5473710068145,3.7843524577310745,4244.655290248081,0.5577931110246936,0.3405278597280586,0.4872618493533476,15,25,1,0,False,1,1,35.10009765625,2.7001953125,0.07692842734923837,3.0,29.39990234375,0.03281960358631615,0.0683642937370456,1.1598285297061088,11.7001953125,23.10009765625,87.09709752709881,6.120536340091348,4.211602551367192,1.9089337887241564,4259.365817613801,4225.974221448699,0.7870420280479681,0.9950400004695293,94.65241572593631,97.10217429303059,1130.7,2.0650924206243917,4256.5,0.31343806738584734,4255.60009765625,0.3845043691112942,4254.7001953125,0.4224979099837432,4247.5,0.26911314843710465,4268.7998046875,4199.7001953125,69.099609375,-9.599609375,59.5,4236.10009765625,9.599958147321429,9.785679408482142,12.157121930803571,14.278529575892858,11.228550502232142,0.007089404188028059,0.03903270588520726,0.0325350481747153,0.017089768229240864,0.044432806569701146,0.08353930338090271,0.0005503585322487847,0.0003281960358631615,-0.10610180635352152,11.127113560267858,1.3253556568766578,10.83994140625,0.0005440426589987668,0.000368323404728723,-0.11433425061889721,10.927828543526786,1.7809904275662176,14.37998046875,0.0002686363735423081,0.0006836429373704559,-1.2052079146916883,11.375697544642858,1.826622643665242,12.924951171875,0.00020312896301884597,0.0005827052055367507,-0.3100634138038702,10.155405970982143,2.1430798553870853,11.201982421875,3.244522578740535,1,0.5262357020040682,1.2313729972131522,11.778529575892858,0.27546074896998235,63.00416295680087,1,SHORT,2.0
4259.10009765625,4261.5,4224.7001953125,4258.0,1535,36.7998046875,13.899972098214286,16.73984375,14.5449462890625,0.32644368478662017,0.15288721627660826,0.5074943939572761,0.4434752741398697,4252.362138271979,9.992701559401212,4246.007972473735,7.138868364928385,4239.310219202625,3.8908484397807115,4244.788073429692,0.6169195477314133,0.2824306408279824,0.4408684392266532,15,30,1,0,False,1,1,36.7998046875,1.10009765625,0.02989411671045299,2.39990234375,33.2998046875,0.04094960383547252,0.06876563973030496,1.3587490153893822,6.5,21.5,81.45675020210186,6.403309387057561,4.649943918505266,1.7533654685522952,4261.553534842716,4225.666484688535,0.8456726718900964,0.9009800240630343,92.51303386629299,95.45941240917209,1176.6,1.3046064932857386,4259.2001953125,0.27546074896998235,4256.5,0.31343806738584734,4255.60009765625,0.3845043691112942,4251.5,0.35406585624926235,4268.7998046875,4199.7001953125,69.099609375,-10.7998046875,58.2998046875,4236.5,11.778529575892858,9.599958147321429,9.785679408482142,12.314278738839286,9.157121930803571,0.06141141066681029,0.03281960358631615,0.03903270588520726,0.0325350481747153,0.03914078586738081,0.07944494158041049,0.00030565466750935854,0.0004094960383547252,-0.48250537540387,11.444252232142857,1.7890478677998378,16.73984375,0.0005064234274286372,0.00043290099184131243,-0.5522225082560214,11.402113560267857,1.8855036096497815,17.499951171875,0.00022149654368699422,0.0006876563973030495,-0.9962012918298485,11.67355259486607,1.7199719600782215,14.5449462890625,0.00018658381375655564,0.0005845281420823152,-0.2351017164985675,10.229977678571428,2.2075484841325794,11.823974609375,2.125128040418508,1,0.4818537205531718,0.8651741601697491,13.899972098214286,0.15288721627660826,62.89410965633434,1,SHORT,2.0
4240.39990234375,4243.89990234375,4240.2998046875,4243.0,622,3.60009765625,2.878627232142857,3.2400390625,4.455029296875,0.06784414876603483,0.11798017932987258,0.21256495040151155,0.2907274001860932,4238.942177270864,2.3528968879809327,4236.744580857334,1.9400290936246165,4235.583435907469,0.8797433749268748,4238.58136140501,0.045509030713219545,0.1476468317426942,0.17510135745778785,13,35,2,0,False,0,0,3.60009765625,2.60009765625,0.7222297572222975,0.89990234375,0.10009765625,0.044170959607560886,0.0368715298343384,0.4396574703096971,5.0,9.0,70.68975193624425,2.1154343897133003,1.4779810301620442,0.6374533595512561,4243.369634743978,4228.190326193522,0.3583592306599495,0.9756487759142979,91.8928430035631,85.83022604570347,383.85,1.6204246450436368,4240.39990234375,0.05190191425319885,4238.39990234375,0.007074035076844874,4238.89990234375,-0.002361350701816466,4238.0,0.0944733112895607,4260.10009765625,4215.7001953125,44.39990234375,-17.10009765625,27.2998046875,4234.0,2.8143484933035716,2.8072335379464284,2.8929268973214284,4.928606305803571,4.985770089285714,0.014175312280745464,0.03971991282519134,0.03398055605346637,0.035139846896644795,0.03762481771188102,0.0317485292483611,0.00023592711715296754,0.0004417095960756089,-0.7088613280591952,3.27578125,0.956664484962977,3.2400390625,0.00021242949488756713,0.0003876140140115691,-0.20151150160405265,4.127912248883929,1.1023423217074926,3.12001953125,0.00014522790493338712,0.00036871529834338394,0.019799944957870824,4.6328805106026785,1.0874155601768334,4.455029296875,2.9363016892574033e-05,0.0004858570027338995,-0.6845962936822304,6.547431640625,2.3165479358802665,5.709990234375,0.339620957072069,0,0.40336759720038085,2.176264783745233,2.878627232142857,0.11798017932987258,53.28086852146207,0,SHORT,-1.0
4242.7001953125,4245.0,4242.2998046875,4244.7001953125,399,2.7001953125,2.8929268973214284,3.16005859375,4.3950439453125,0.06815385690881397,0.19356061164876667,0.19356061164876667,0.3831191985928816,4240.093780879191,3.522356572884746,4237.5022584244925,2.536235400183614,4235.940955884136,1.1668199214973356,4238.642245324488,0.12665018774623604,0.16986272688580611,0.20678379419326792,13,40,2,0,False,0,0,2.7001953125,2.0,0.7406871609403255,0.2998046875,0.400390625,0.029399805171435693,0.03374319891353091,0.44815811370095415,8.2001953125,8.2001953125,73.01591402294099,2.477381249274913,1.677861073984618,0.799520175290295,4244.363946050649,4228.8160344181015,0.36699118084088256,1.021626651205481,97.54262386936685,94.03912569298525,376.85,1.0587767016054133,4243.0,0.11798017932987258,4240.39990234375,0.05190191425319885,4238.39990234375,0.007074035076844874,4236.5,0.0,4260.10009765625,4215.7001953125,44.39990234375,-15.39990234375,29.0,4236.5,2.878627232142857,2.8143484933035716,2.8072335379464284,4.985770089285714,4.935756138392857,0.016530415618914208,0.044170959607560886,0.03971991282519134,0.03398055605346637,0.036102632720710764,0.03274932654773943,0.00038685641317890427,0.00029399805171435693,-1.8141077834872452,2.857212611607143,0.04285104085879646,3.16005859375,0.00019345426954558986,0.00037135537711555566,-0.1657665275199042,3.9236293247767855,1.1250525561050344,3.130029296875,0.0001912659345778722,0.0003374319891353091,0.04164677784998721,4.5943115234375,1.1361646310730802,4.3950439453125,4.3985436378710666e-05,0.00048581005136041824,-0.7607546018287278,6.455147879464286,2.3688536831990525,5.707998046875,0.5599566997007045,0,0.5396965066078762,2.492342100507575,2.8929268973214284,0.19356061164876667,50.72111577666094,0,SHORT,-1.0
4244.7001953125,4244.89990234375,4241.5,4242.7998046875,469,3.39990234375,2.9786202566964284,2.880078125,4.450048828125,0.07020411977500353,0.09200269960594462,0.08963917639773532,0.3263136601442421,4240.634985640853,3.597865727057979,4238.006786640017,2.666108442427685,4236.209930347013,1.273999624330827,4238.683614074369,0.16419498531831778,0.11309604464515757,0.15556061783621386,13,45,2,0,False,0,0,3.39990234375,1.900390625,0.5589544736464168,0.19970703125,1.2998046875,0.0448401777855082,0.03663682627809728,0.4679156470865275,3.89990234375,3.7998046875,69.69569934898402,2.5811274711613805,1.8585143534199706,0.7226131177414099,4244.65697830659,4229.902982630911,0.3481949680853268,0.874124023084055,81.96590090450653,90.46712259247879,382.4,1.2264644351464435,4244.7001953125,0.19356061164876667,4243.0,0.11798017932987258,4240.39990234375,0.05190191425319885,4238.89990234375,-0.002361350701816466,4260.10009765625,4215.7001953125,44.39990234375,-17.30029296875,27.099609375,4239.0,2.8929268973214284,2.878627232142857,2.8143484933035716,2.8929268973214284,4.978620256696429,0.0708215297450425,0.029399805171435693,0.044170959607560886,0.03971991282519134,0.035139846896644795,0.041234948561387236,0.00018401814256749916,0.000448401777855082,-0.76985471634455,2.874351283482143,0.06953503168293121,2.880078125,8.967239008196292e-05,0.00039259696093562756,0.12845905868201205,3.7236293247767853,1.0940102354948433,3.139990234375,0.00016296822083538553,0.00036636826278097276,-0.019241831732586995,4.5614571707589295,1.1742069971562958,4.450048828125,3.6919636262697785e-05,0.0004904115363467221,-0.7154606903561352,6.365720563616071,2.4144911152480604,5.72599609375,0.27404110471702314,0,0.6032512163858512,1.610960225804667,2.9786202566964284,0.09200269960594462,48.51099665251518,0,SHORT,-1.0
4242.7998046875,4243.60009765625,4241.39990234375,4242.7998046875,450,2.2001953125,2.9786202566964284,2.86005859375,2.855078125,0.07020411977500353,0.1038104578408692,0.11089183650591516,0.30734315098301557,4241.067949450183,3.758273050396383,4238.463264549301,2.8312316711253516,4236.468356791738,1.396584044699921,4238.724571194898,0.20634132719351328,0.10231397248313767,0.14945108431204226,13,50,2,0,False,0,0,2.2001953125,0.0,0.0,0.80029296875,1.39990234375,0.043132028492778474,0.036809427491451004,0.4749069960129232,4.39990234375,4.69970703125,71.50121432908318,2.6329955655601225,2.013410595848001,0.6195849697121214,4244.8057333027145,4231.054227634785,0.32448638206165975,0.8541302557222759,80.8678668478261,86.79213054056645,393.7,1.143002286004572,4242.7998046875,0.09200269960594462,4244.7001953125,0.19356061164876667,4243.0,0.11798017932987258,4238.39990234375,0.007074035076844874,4260.10009765625,4215.7001953125,44.39990234375,-17.30029296875,27.099609375,4238.10009765625,2.9786202566964284,2.8929268973214284,2.878627232142857,2.8072335379464284,4.978620256696429,0.07320183367768596,0.0448401777855082,0.029399805171435693,0.044170959607560886,0.03398055605346637,0.04070058124501105,0.00020760916908471038,0.0004313202849277847,-1.0281763255357164,2.908628627232143,0.0704148919994623,2.86005859375,0.00011090150883048544,0.0003799917753730502,-0.00020207561938156976,3.523629324776786,1.0193550156091866,2.960009765625,0.00015351202921207174,0.00036809427491451006,0.06158340612574731,4.414676339285714,1.1796731674850949,2.855078125,1.6613592874268334e-05,0.0004696543275636211,-0.8715766347492282,6.272007533482143,2.4536757374576506,5.632001953125,0.30921193258174356,0,0.6697422248029304,1.4573784674039456,2.9786202566964284,0.1038104578408692,46.48050482209705,0,SHORT,-1.0
4242.7001953125,4244.7998046875,4242.0,4244.5,374,2.7998046875,3.021449497767857,2.9400390625,2.820068359375,0.07118505119019572,0.09669129682754209,0.14864339571471066,0.2811487518119046,4241.754359560146,3.8266379715669245,4239.038191735082,2.9520760506611623,4236.783323192062,1.5026041863293358,4238.782038148182,0.24508517126287188,0.12884546016987075,0.18213527148525335,13,55,2,0,False,0,0,2.7998046875,1.7998046875,0.6428322288106034,0.2998046875,0.7001953125,0.04214833500292255,0.035343983492049154,0.48882795835683024,4.10009765625,6.2998046875,75.60853617872624,2.77925543008314,2.166579562695029,0.612675867388111,4245.517272294191,4231.532678877685,0.3299400970162436,0.9272576424717519,95.49553512514846,86.10976762582698,398.7,0.9380486581389517,4242.7998046875,0.1038104578408692,4242.7998046875,0.09200269960594462,4244.7001953125,0.19356061164876667,4240.39990234375,0.05190191425319885,4260.10009765625,4215.7001953125,44.39990234375,-15.60009765625,28.7998046875,4238.2001953125,2.9786202566964284,2.9786202566964284,2.8929268973214284,2.8143484933035716,5.07861328125,0.08738210680127524,0.043132028492778474,0.0448401777855082,0.029399805171435693,0.03971991282519134,0.038849925910273454,0.0001933789008395248,0.00042148335002922555,-0.995590920119439,2.950048828125,0.06143017993222659,2.9400390625,0.00014861214166197456,0.0003889733030851164,-0.3059916669905035,3.3179129464285717,0.8668447907457045,2.910009765625,0.00014044631534463893,0.00035343983492049156,0.03867948002365482,4.267538016183035,1.1595816199549194,2.820068359375,2.9345850085911173e-05,0.00047129571853444174,-0.9321682768857721,6.181007952008929,2.488624293858295,5.642001953125,0.29214787023809985,0,0.7462870204138725,1.810007270004135,3.021449497767857,0.09669129682754209,44.19423315878853,0,SHORT,-1.0
4242.60009765625,4252.10009765625,4242.60009765625,4252.10009765625,2473,9.7001953125,3.5214146205357144,4.59990234375,3.34501953125,0.08281589190425484,0.21920178648247593,0.32323979870148795,0.4037803460743802,4244.682314582086,3.614365131903469,4241.455342156809,2.992077607507781,4238.176358030752,1.7080012390142656,4239.069989566139,0.3454183712410668,0.2509694112216718,0.32853138824942957,14,15,2,0,False,1,1,9.5,9.5,1.0,0.0,0.0,0.1135910810993236,0.06283439408581347,0.6241895939880564,9.30029296875,13.7001953125,73.7189421586762,3.3705895308266918,2.6772625082915047,0.6933270225351871,4249.50157301683,4231.968446514421,0.41344546315752434,1.148206575653421,100.0,80.1594068103136,540.05,4.579205629108416,4242.39990234375,-0.00942543514092234,4245.7001953125,0.023558789878830977,4244.2001953125,0.028286479201037003,4242.7998046875,0.1038104578408692,4260.10009765625,4215.7001953125,44.39990234375,-8.0,36.39990234375,4238.39990234375,3.064243861607143,3.0785435267857144,3.021449497767857,2.9786202566964284,2.8072335379464284,0.007074035076844874,0.0472481007486632,0.034633805773669826,0.035726404208996136,0.043132028492778474,0.03398055605346637,0.00043853528226007744,0.001135910810993236,1.2453223480852915,3.141420200892857,0.21394588197526845,4.55986328125,0.0003230722256723939,0.0008191214405454888,1.443612591247291,3.0250244140625,0.19390839234130755,3.7099609375,0.00020169134092722917,0.0006283439408581346,1.8230342887707867,3.800038364955357,1.0219212272385432,3.335009765625,0.00010767571619385574,0.0005324865781607134,0.961215934313871,5.641578543526785,2.344705748337574,5.04,0.7719003757669387,1,0.9311553677702468,3.030449898575297,3.5214146205357144,0.21920178648247593,35.101792253656974,0,SHORT,-1.0
4251.7998046875,4254.60009765625,4249.39990234375,4251.39990234375,1341,5.2001953125,3.7642996651785716,5.07998046875,3.49501953125,0.08854259189081118,0.16256101646248086,0.25940949564497656,0.39910030331207935,4246.025832134419,4.271472574272593,4242.402443126994,3.364251391911239,4238.6949283959675,1.9116052039053102,4239.192675265419,0.41063711723654706,0.21208405702605954,0.29973787126478535,14,20,2,0,False,1,1,5.2001953125,0.39990234375,0.07690140845070423,2.80029296875,2.0,0.11682964796372253,0.06296772396654224,0.6832636057959595,6.89990234375,11.0,72.48209984762342,3.739594050050073,2.8897288166432182,0.8498652334068546,4251.046113407349,4232.113896358275,0.4463482246540145,1.0186871371421307,83.50406483602225,80.21545611828546,586.8,2.2852760736196323,4252.10009765625,0.21920178648247593,4242.39990234375,-0.00942543514092234,4245.7001953125,0.023558789878830977,4244.5,0.09669129682754209,4260.10009765625,4215.7001953125,44.39990234375,-8.7001953125,35.69970703125,4240.39990234375,3.5214146205357144,3.064243861607143,3.0785435267857144,3.021449497767857,2.8143484933035716,0.05190191425319885,0.1135910810993236,0.0472481007486632,0.034633805773669826,0.04214833500292255,0.03971991282519134,0.00032545621881920896,0.0011682964796372252,1.5731067051770244,3.289990234375,0.3340329118638176,5.03994140625,0.00025941755982936685,0.0008309212129752463,1.641994049475331,3.12001953125,0.288734213039164,3.989990234375,0.0001993610052552275,0.0006296772396654224,1.819954215542779,3.729323032924107,0.9690731171799162,3.485009765625,0.00010012443595205366,0.0005336399153047594,0.9962316255816962,5.509293387276785,2.256938714567501,5.06400390625,0.611928379840805,1,0.9849148741589936,2.395277261451721,3.7642996651785716,0.16256101646248086,34.2055272468592,0,SHORT,-1.0
4251.39990234375,4253.60009765625,4249.10009765625,4251.5,811,4.5,3.864292689732143,5.4599609375,3.610009765625,0.0908924541863376,0.1719948247389993,0.20032995522036295,0.413320736891828,4247.120665707535,4.877138996917893,4243.268877114899,3.739065991490861,4239.197088066714,2.1229071444386136,4239.315136208052,0.47918604828373645,0.19398070505251191,0.29021797471786537,14,25,2,0,False,1,1,4.5,0.10009765625,0.022243923611111112,2.10009765625,2.2998046875,0.11610508318792617,0.06267088772839752,0.7122359143498981,7.2998046875,8.5,76.40717945191349,3.9940686966629073,3.110596792647156,0.8834719040157513,4252.2020322779135,4232.707977487711,0.4594993881553472,0.963987365098288,84.02003473358334,89.17469985653516,612.2,1.3247304802352171,4251.39990234375,0.16256101646248086,4252.10009765625,0.21920178648247593,4242.39990234375,-0.00942543514092234,4244.2001953125,0.028286479201037003,4260.10009765625,4215.7001953125,44.39990234375,-8.60009765625,35.7998046875,4243.0,3.7642996651785716,3.5214146205357144,3.064243861607143,3.021449497767857,2.878627232142857,0.11798017932987258,0.11682964796372253,0.1135910810993236,0.0472481007486632,0.035726404208996136,0.044170959607560886,0.0003442918832353703,0.0011610508318792617,1.5308355776717733,3.458558872767857,0.37481468707768545,5.419921875,0.00020045474857195434,0.0008239200158722194,1.9388301866693103,3.2185860770089283,0.35727761769534516,4.07998046875,0.00020644212172976072,0.0006267088772839752,1.8145808290681067,3.6732491629464286,0.9239396040670721,3.6,9.255926910191503e-05,0.0005319544122250917,1.0462356411491767,5.425579659598214,2.2383274998479403,5.1080078125,0.6646383439106761,1,1.053695818384527,2.134178318640558,3.864292689732143,0.1719948247389993,33.278631497219536,0,SHORT,-1.0
4251.7998046875,4254.0,4250.0,4250.2998046875,848,4.0,3.807163783482143,5.4400390625,3.6800048828125,0.08957400556269846,0.10833570820846551,0.13192002066915706,0.32573597751681815,4247.756493503529,4.821633072534496,4243.93848926467,3.8210225042057573,4239.63248871851,2.2200327221080443,4239.424436391927,0.5201852853651872,0.14989179129059071,0.25160944957788656,14,30,2,0,False,1,1,4.0,1.5,0.375,2.2001953125,0.2998046875,0.11941378200742356,0.06289435936849981,0.7071805265213268,4.599609375,5.599609375,70.95442388124002,4.052184891198522,3.2989144123574294,0.7532704788410922,4253.0692201278425,4233.220770106532,0.4677768505236434,0.8604719543657527,74.40346441131165,80.64252132697237,637.9,1.3293619689606522,4251.5,0.1719948247389993,4251.39990234375,0.16256101646248086,4252.10009765625,0.21920178648247593,4245.7001953125,0.023558789878830977,4260.10009765625,4215.7001953125,44.39990234375,-9.80029296875,34.599609375,4244.7001953125,3.864292689732143,3.7642996651785716,3.5214146205357144,3.0785435267857144,2.8929268973214284,0.19356061164876667,0.11610508318792617,0.11682964796372253,0.1135910810993236,0.034633805773669826,0.029399805171435693,0.00021714733496436267,0.0011941378200742356,1.8817670461916214,3.6042829241071432,0.328968244476249,5.4,0.00013215422815543443,0.000833726508336343,2.150299883128843,3.310009765625,0.3808780166048427,4.2099609375,0.00016280424885051215,0.000628943593684998,1.9862212593115145,3.616819545200893,0.8759940721582906,3.6699951171875,9.069316857492903e-05,0.0005331246315088069,1.0460409982115761,5.383581194196427,2.248784782285982,5.110009765625,0.412451784749159,1,1.1310258215951654,1.6733849329275787,3.807163783482143,0.10833570820846551,32.503995283296874,0,SHORT,-1.0
4250.2998046875,4252.89990234375,4247.7998046875,4252.2001953125,943,5.10009765625,4.007149832589286,5.70009765625,3.7699951171875,0.09423709252933692,0.23100823105657117,0.2215610223846604,0.3113988042580797,4248.6452338653235,5.817365051778324,4244.725318412083,4.390476834162655,4240.12533995749,2.5172978298187445,4239.551558371237,0.6125246653000431,0.17609801199606356,0.28477590606157044,14,35,2,0,False,1,1,5.10009765625,1.900390625,0.37261847774054574,0.69970703125,2.5,0.10568724230616837,0.06246284583954412,0.7494786924381278,9.80029296875,9.400390625,74.12465643511959,4.203136889581401,3.479758907802224,0.7233779817791772,4254.307456306288,4233.302553459337,0.494954476531873,0.8996776605375194,85.45513731060606,81.2928788185003,662.45,1.4235036606536342,4250.2998046875,0.10833570820846551,4251.5,0.1719948247389993,4251.39990234375,0.16256101646248086,4242.39990234375,-0.00942543514092234,4260.10009765625,4215.7001953125,44.39990234375,-7.89990234375,36.5,4242.7998046875,3.807163783482143,3.864292689732143,3.7642996651785716,3.064243861607143,2.9786202566964284,0.09200269960594462,0.11941378200742356,0.11610508318792617,0.11682964796372253,0.0472481007486632,0.0448401777855082,0.0004620363653227155,0.0010568724230616837,1.8812792686223352,3.7928641183035716,0.17728906226593263,5.66005859375,0.00022163705102621334,0.000812321008482475,1.9684770566449403,3.4128627232142863,0.4184641932493059,4.37998046875,0.00015565472055408813,0.0006246284583954412,2.0526187400833567,3.5682460239955356,0.8217636838836315,3.7599853515625,0.00010388930360730298,0.0005336276411693117,0.976032328885203,5.346582728794642,2.2560419613567717,5.174013671875,0.9256845944050862,1,1.1479427140912715,1.8686698333911624,4.007149832589286,0.23100823105657117,31.05805219912676,0,SHORT,-1.0
4252.5,4257.2998046875,4251.39990234375,4255.0,1279,5.89990234375,4.257149832589286,4.9400390625,3.864990234375,0.10005052485521236,0.06819929628064074,0.2875505768389323,0.39876128346038753,4249.916187092259,5.2338725101726595,4245.703859515694,4.248517358884783,4240.708659959157,2.5323019284041948,4239.70527420834,0.6352846422005314,0.2189540484193524,0.3370035809293486,14,40,2,0,False,1,1,5.89990234375,2.5,0.42373582719523295,2.2998046875,1.10009765625,0.04024169381463396,0.06279687676454464,0.807652988642266,2.89990234375,12.2001953125,74.82853109690276,4.496851371766752,3.6831774005951297,0.8136739711716223,4255.911800101842,4233.388199898157,0.5306350394893671,0.959518012502586,86.47173713235294,82.1101129514235,700.4,1.82609937178755,4252.2001953125,0.23100823105657117,4250.2998046875,0.10833570820846551,4251.5,0.1719948247389993,4252.10009765625,0.21920178648247593,4260.10009765625,4215.7001953125,44.39990234375,-5.10009765625,39.2998046875,4242.7998046875,4.007149832589286,3.807163783482143,3.864292689732143,3.5214146205357144,2.9786202566964284,0.1038104578408692,0.10568724230616837,0.11941378200742356,0.11610508318792617,0.1135910810993236,0.043132028492778474,0.00013642616088160864,0.0004024169381463396,0.4481132768554049,3.9400111607142856,0.19958756261153945,4.9400390625,0.000287480721570843,0.0008190174230682273,1.6422107636124688,3.5407156808035714,0.4638966533581883,4.749951171875,0.00019919111520066423,0.0006279687676454464,1.8303294719443295,3.5321725027901785,0.7708512892775087,3.85498046875,0.0001085487256061568,0.000537495904186638,0.9468140454716246,5.271013532366072,2.227229469116921,4.624013671875,0.2903346227438368,1,1.1733671007531494,2.188434780689164,4.257149832589286,0.06819929628064074,30.666619416839325,0,SHORT,-1.0
4255.0,4258.2001953125,4253.39990234375,4258.0,1020,4.80029296875,4.342878069196429,4.86005859375,3.9400146484375,0.10199337879747367,0.15524527938694824,0.31805866415361056,0.467174833067084,4251.532949673808,5.507117539388673,4246.874920514199,4.4724773872057995,4241.386751725464,2.691823329496401,4239.887311280894,0.6946360154752256,0.2619591980932089,0.3916937842977313,14,45,2,0,False,1,1,4.80029296875,3.0,0.6249618553555081,0.2001953125,1.60009765625,0.04269516931393292,0.06363714340171717,0.8426436322373737,6.60009765625,13.5,75.16630075040142,4.915039625652753,3.9295498456066547,0.9854897800460982,4257.94706632046,4233.332914148289,0.5797512796371672,1.002150538404474,98.80838201528759,90.24508548608215,740.45,1.3775406847187521,4255.0,0.06819929628064074,4252.2001953125,0.23100823105657117,4250.2998046875,0.10833570820846551,4251.39990234375,0.16256101646248086,4260.10009765625,4215.7001953125,44.39990234375,-2.10009765625,42.2998046875,4244.5,4.257149832589286,4.007149832589286,3.807163783482143,3.7642996651785716,3.021449497767857,0.09669129682754209,0.04024169381463396,0.10568724230616837,0.11941378200742356,0.11682964796372253,0.04214833500292255,0.00031037083024825217,0.0004269516931393292,-0.6722644019216435,4.055726841517857,0.23654671999643923,4.86005859375,0.00031791352453373054,0.0008292825930887554,1.4616718273847658,3.6728585379464285,0.48716991406620214,4.95,0.00023326283309785256,0.0006363714340171716,1.6107336182446508,3.4953857421875,0.7081748822237925,3.9300048828125,0.00012453968084024546,0.0005431952982400343,0.8545617496138782,5.153872767857142,2.113842904206606,4.066015625,0.6742113191958499,1,1.2637169870511653,2.5683941563831936,4.342878069196429,0.15524527938694824,30.47520451483774,0,SHORT,-1.0
4258.2001953125,4267.60009765625,4257.0,4267.60009765625,3147,10.60009765625,4.907156808035714,6.080078125,4.380029296875,0.11498633179642831,0.37869217114547804,0.5513383268205393,0.6984449659332232,4254.7463792702965,7.625713562761121,4248.84874690868,5.579869793781654,4242.414726075691,3.2176380089767918,4240.163060399057,0.8479241910054043,0.44132780111818487,0.5936565189103061,14,50,2,0,False,1,1,10.60009765625,9.39990234375,0.8867750702473628,0.0,1.2001953125,0.09262012228453231,0.07758396170270211,0.971875847899475,16.10009765625,23.39990234375,80.36988590004273,5.952487903974543,4.3341374572802325,1.6183504466943104,4262.334414570166,4231.905575664209,0.7164581867463102,1.1730490966927243,100.0,95.09337304921347,879.95,3.5763395647479967,4258.0,0.15524527938694824,4255.0,0.06819929628064074,4252.2001953125,0.23100823105657117,4251.5,0.1719948247389993,4260.10009765625,4215.7001953125,44.39990234375,7.5,51.89990234375,4244.2001953125,4.342878069196429,4.257149832589286,4.007149832589286,3.864292689732143,3.021449497767857,0.028286479201037003,0.04269516931393292,0.04024169381463396,0.10568724230616837,0.11610508318792617,0.035726404208996136,0.0007565824132972799,0.0009262012228453231,1.1587911502788848,4.264299665178571,0.41671040379682084,6.080078125,0.0005504371482663251,0.0010137120816625608,0.8996260828459541,3.8614292689732137,0.5656441757914419,5.75,0.000348354756898539,0.0007758396170270211,1.4275389427295575,3.494313267299107,0.7059027429203676,4.37001953125,0.0001686878475965492,0.000620923077516199,1.207819108185784,5.04916015625,1.9875717031446396,4.238017578125,1.8583018657863586,1,1.3111504450914402,3.838089225243842,4.907156808035714,0.37869217114547804,31.669865321907402,1,SHORT,2.0
4267.7001953125,4270.10009765625,4233.10009765625,4268.7001953125,2953,37.0,7.307163783482143,12.680078125,6.0750244140625,0.17118006533947286,0.4329198284955542,0.5417245434661953,0.7600659816475864,4257.537142478737,9.78064897520835,4250.739361042377,6.800871777706561,4243.4455287908595,3.813040072349395,4240.447011990236,1.0225755983092313,0.4225343580162178,0.595145297619424,14,55,2,0,False,1,1,37.0,1.0,0.02702702702702703,1.39990234375,34.60009765625,0.07972746755531629,0.0758561324036177,1.463852974553772,18.400390625,23.0,85.09407997459444,6.785225964652454,4.824355158754678,1.9608708058977768,4265.901592627239,4231.558417138387,0.8083162603738762,1.08148933945173,96.21648015202703,98.34162072243817,1011.9,2.9182725565767367,4267.60009765625,0.37869217114547804,4258.0,0.15524527938694824,4255.0,0.06819929628064074,4250.2998046875,0.10833570820846551,4260.10009765625,4215.7001953125,44.39990234375,8.60009765625,53.0,4245.7001953125,4.907156808035714,4.342878069196429,4.257149832589286,3.807163783482143,3.0785435267857144,0.023558789878830977,0.09262012228453231,0.04269516931393292,0.04024169381463396,0.11941378200742356,0.034633805773669826,0.0008645980643280815,0.0007972746755531629,1.9539927961791814,4.964299665178571,1.3504294752647485,12.680078125,0.0005408726996462221,0.001016225548227054,0.9259572805851882,4.284291294642857,1.1714963524429856,9.0400390625,0.00037894073345446364,0.0007585613240361771,1.439154098931582,3.6103829520089286,1.0640443485890545,6.0650146484375,0.00017242420640610102,0.0006208850928611292,1.1893806628963928,4.9917333984375,1.874616514960995,4.918017578125,3.1634160919340144,1,0.9981755531476023,2.4683619390977327,7.307163783482143,0.4329198284955542,30.474911143905643,1,SHORT,2.0
4268.7001953125,4272.2001953125,4263.60009765625,4264.0,2830,8.60009765625,7.764299665178571,13.380078125,6.2650390625,0.18208957938974135,0.2774988040428519,0.5091480801778456,0.5921370693932119,4258.82971398299,10.18448011766668,4252.002279038341,7.276960626258187,4244.251586485336,4.126246527845979,4240.681370079886,1.1298117086489583,0.282166381255387,0.46529790028347184,15,0,2,0,False,1,1,8.60009765625,4.7001953125,0.5465281326293079,3.5,0.39990234375,0.11992515052921028,0.08255508985545552,1.5682673723346188,11.7998046875,21.60009765625,75.48004694835682,6.985387201340018,5.256561567271746,1.7288256340682722,4267.788867193544,4232.181152337706,0.8378315399705745,0.8935942053882424,79.0276858523671,91.748055334798,1137.65,2.4875840548499095,4268.7001953125,0.4329198284955542,4267.60009765625,0.37869217114547804,4258.0,0.15524527938694824,4252.2001953125,0.23100823105657117,4260.10009765625,4215.7001953125,44.39990234375,3.89990234375,48.2998046875,4242.39990234375,7.307163783482143,4.907156808035714,4.342878069196429,4.007149832589286,3.064243861607143,-0.00942543514092234,0.07972746755531629,0.09262012228453231,0.04269516931393292,0.10568724230616837,0.0472481007486632,0.0005549575272581819,0.0011992515052921028,0.08371201811651698,5.715729631696428,1.6878439127867195,13.380078125,0.0005084969462904488,0.001066787483893861,0.6699010665429613,4.754296875,1.5189368869398534,9.520068359375,0.0002955624429695269,0.0008255508985545552,1.1166881355679181,3.853951590401786,1.396713894842831,6.255029296875,0.0001541845500114225,0.0006446626074216689,0.9908737345683258,4.950877511160715,1.7877767081657001,5.056015625,2.1545838713173686,1,0.9982474772020381,1.5496020266565778,7.764299665178571,0.2774988040428519,29.049933669185844,1,SHORT,2.0
4256.39990234375,4271.2998046875,4255.0,4270.5,2830,16.2998046875,11.849993024553571,8.519921875,9.70498046875,0.2774849086653453,0.37843404536043856,0.36427732079905994,0.6528753791752434,4259.380924167359,1.4371725122164207,4254.99614101599,2.7655169009440215,4247.229093322805,2.57953366655056,4241.689932473262,0.8720595847807999,0.3643683441815694,0.5479079693106225,15,30,2,0,False,1,1,16.2998046875,14.10009765625,0.865047031334252,0.7998046875,1.39990234375,0.1619242687233936,0.12568781111133642,2.2167187502242727,16.10009765625,15.5,66.3247335342086,5.333018790072856,5.220121465722711,0.11289732435014521,4270.804779437797,4238.715288921579,0.7542021232322068,0.9905022039024549,96.63327660891089,77.55743347772273,1588.05,1.7820597588237146,4256.10009765625,-0.18526975477837712,4256.0,-0.2975190276057851,4253.2001953125,-0.33742389198224954,4254.39990234375,-0.014103352673325499,4260.10009765625,4215.7001953125,44.39990234375,10.39990234375,54.7998046875,4255.0,11.057163783482142,11.371477399553571,11.257184709821429,10.621442522321429,4.257149832589286,0.06819929628064074,0.12537903987953278,0.12663159803057628,0.11767089733349485,0.17265902089144117,0.04024169381463396,0.0007567721473471289,0.0016192426872339361,1.219701956901083,11.28573521205357,0.36508622545502173,8.519921875,0.0003648781635626652,0.001631224879380301,0.34514747718527466,9.137161690848215,2.8270483529795367,14.639990234375,0.00032617944256675414,0.0012568781111133643,0.5702554252047738,6.338938685825893,3.482797289025872,9.694970703125,0.00019284404513803422,0.000852897979596856,1.0337988418789856,5.345735909598215,2.5786822082030594,6.357998046875,4.484440797774787,1,0.6554474485420986,1.3131104892663117,11.849993024553571,0.37843404536043856,33.09383767120738,1,SHORT,2.0
4270.7001953125,4273.2998046875,4260.2001953125,4266.0,2980,13.099609375,12.464250837053571,9.85986328125,10.219970703125,0.2921765315765019,0.20200351983649792,0.18788163457022078,0.5065378725409353,4260.704739333887,2.869757541022409,4256.044127585897,3.3211912585929895,4247.965207310146,2.8156342151660283,4241.931823692435,0.9489554859901546,0.2339231482487129,0.42455132774671994,15,35,2,0,False,1,1,13.099609375,4.7001953125,0.35880423438198894,2.599609375,5.7998046875,0.18127561184962124,0.12938713518321668,2.2901313681512336,8.60009765625,8.0,61.52616053407856,5.561261492061021,5.288349470990373,0.27291202107064816,4271.866364161372,4239.803704198003,0.7533811744549649,0.8170343892841602,85.85298459442068,83.53495990193555,1718.35,1.734221782523933,4270.5,0.37843404536043856,4256.10009765625,-0.18526975477837712,4256.0,-0.2975190276057851,4257.39990234375,-0.014093416069751057,4260.10009765625,4215.7001953125,44.39990234375,5.89990234375,50.2998046875,4258.0,11.849993024553571,11.057163783482142,11.371477399553571,10.892857142857142,4.342878069196429,0.15524527938694824,0.1619242687233936,0.12537903987953278,0.12663159803057628,0.17266007510878528,0.04269516931393292,0.00040499352557634707,0.0018127561184962124,1.439702707652421,11.600013950892857,0.5643230636678023,9.85986328125,0.00018899879768926597,0.0016844213256242784,0.6224947161253934,9.94929896763393,2.436265783011869,15.469921875,0.00025345616111149827,0.0012938713518321667,0.6393372997108919,6.811078752790179,3.6456394410807587,10.2099609375,0.00015191058128144475,0.0008627716149954962,1.0660112745395296,5.442592075892857,2.7510882928286158,6.467998046875,2.5178225412098367,1,0.6481673372404877,0.8006226475019392,12.464250837053571,0.20200351983649792,31.957487120425963,1,SHORT,2.0
4265.89990234375,4267.0,4258.39990234375,4259.0,1498,8.60009765625,12.792829241071429,9.73984375,10.519970703125,0.30037166567437024,0.13636331282717495,-0.20152070155245197,0.3487065644039511,4260.36379146711,3.455766970318109,4256.325639244383,3.5572496803933973,4248.397944278376,2.932660508198751,4242.101656292511,0.9972226422250969,0.06283261625846949,0.24955420515403612,15,40,2,0,False,1,1,8.60009765625,6.89990234375,0.8023051155396582,1.10009765625,0.60009765625,0.19562831460334754,0.13604982650246972,2.305837037402115,5.7998046875,-8.60009765625,56.33200187635929,5.11830336408002,5.254340249608303,-0.13603688552828253,4271.684886247017,4241.465162581108,0.7099539769081932,0.5802447968335654,72.2869904235588,84.92441720896342,1747.15,0.8573963311679019,4266.0,0.20200351983649792,4270.5,0.37843404536043856,4256.10009765625,-0.18526975477837712,4253.2001953125,-0.33742389198224954,4260.10009765625,4215.7001953125,44.39990234375,-1.10009765625,43.2998046875,4267.60009765625,12.464250837053571,11.849993024553571,11.057163783482142,11.257184709821429,4.907156808035714,0.37869217114547804,0.18127561184962124,0.1619242687233936,0.12537903987953278,0.11767089733349485,0.09262012228453231,0.0002741070083365882,0.0019562831460334753,1.154010117485746,11.907142857142857,0.7258577139199426,9.73984375,-0.0002005495960436532,0.001602072960689245,1.1506441412531612,10.7378662109375,1.8215561898648653,15.269921875,0.00017494377611133595,0.0013604982650246972,0.5854459840101951,7.299647739955357,3.763880330205501,10.5099609375,0.00012050919756948498,0.0008988605415356986,0.8835641645227699,5.548019670758929,2.9277157016960413,6.59,1.7444725757448545,1,0.6196983338568409,0.20918290051560878,12.792829241071429,0.13636331282717495,31.047941765605085,1,SHORT,2.0
4249.60009765625,4256.39990234375,4248.0,4254.10009765625,1109,8.39990234375,13.307094029017858,19.9400390625,14.7999755859375,0.3128063215143728,0.3065242437259182,-0.046991376004087884,0.04468045379999738,4251.376804881535,-3.5080724386652946,4252.303988314907,-2.043783319241811,4248.31136048638,0.13170138836267142,4242.493842952019,0.32237175497175485,0.04223849814780085,0.13625972012576495,16,15,2,0,False,1,1,8.39990234375,4.5,0.535720513863861,2.2998046875,1.60009765625,0.04312893217665304,0.14685705622566117,1.9120934456671508,13.0,-2.0,49.77592876432378,0.27772126948730147,1.7662529542096732,-1.4885316847223717,4272.358242646789,4239.73179641571,0.7665907216994751,0.44038817892624327,70.14033382440047,64.48951799482603,2030.65,0.5461305493314949,4249.2998046875,-0.02118466386578757,4248.0,-0.2582765907490021,4247.7998046875,-0.42663373915846226,4241.10009765625,-0.35243532003065914,4260.10009765625,4215.7001953125,44.39990234375,-6.0,38.39990234375,4256.10009765625,15.764229910714286,15.928536551339286,16.049944196428573,13.599958147321429,11.057163783482142,-0.18526975477837712,0.12163953689663667,0.14807309633196705,0.15122760699288457,0.23252578333663101,0.12537903987953278,0.000612372572637998,0.0004312893217665304,-0.3098354222042947,15.011376953125,1.2648896910146938,19.9400390625,-4.566686367833972e-05,0.0017224497051286597,0.5604241186112695,13.883530970982145,1.5216661176812285,15.98994140625,2.3359678850154442e-05,0.0014685705622566117,0.24245619926887158,11.130704171316964,3.66361968242077,14.794970703125,0.00011885857007945866,0.0010080625562147456,0.23110563428201172,6.959437081473214,4.217480621391142,8.57400390625,4.078946933434381,1,0.3000375453739275,0.13503083295540136,13.307094029017858,0.3065242437259182,36.53978457646435,1,SHORT,2.0
4253.89990234375,4254.5,4249.39990234375,4253.39990234375,848,5.10009765625,13.214250837053571,18.86005859375,14.7599853515625,0.31067501623282884,0.20968081855931206,-0.40042378307575227,-0.037605115305522914,4251.781424373978,-1.0264774821825995,4252.408361079559,-1.0015275418136298,4248.510911147454,0.4755524062211407,4242.602360955917,0.4077203180440847,0.023317169471925615,0.11507540638457744,16,20,2,0,False,1,1,5.10009765625,0.5,0.0980373384394447,0.60009765625,4.0,0.05303682716288799,0.14613516621702802,1.859737855199431,8.89990234375,-17.10009765625,46.90400604686319,0.36921279248508654,1.486844921864756,-1.1176321293796694,4272.315469291862,4239.614560005012,0.7683547485540472,0.4215583798546297,69.05137979739683,67.28885378855757,2009.1,0.42207953810163756,4254.10009765625,0.3065242437259182,4249.2998046875,-0.02118466386578757,4248.0,-0.2582765907490021,4244.5,-0.60882800608828,4260.10009765625,4215.7001953125,44.39990234375,-6.7001953125,37.69970703125,4270.5,13.307094029017858,15.764229910714286,15.928536551339286,14.007080078125,11.849993024553571,0.37843404536043856,0.04312893217665304,0.12163953689663667,0.14807309633196705,0.12099892847799629,0.1619242687233936,0.00041912280949951697,0.0005303682716288799,0.42710454953121113,14.852811104910717,1.4573192979382188,18.86005859375,-0.0004004617814639122,0.001233722790256239,-0.34567040874542376,14.019956752232142,1.3729833430850729,14.869970703125,-1.7791808950623488e-05,0.0014613516621702803,0.3350353037788994,11.578559221540178,3.3095079051570924,14.75498046875,0.0001117842324187479,0.0010088002679112366,0.2520350554508594,7.105437360491071,4.3059864460238915,7.994013671875,2.7707749321614674,1,0.2949429354841746,0.0750532493879426,13.214250837053571,0.20968081855931206,36.96484106778932,1,SHORT,2.0
4254.0,4255.39990234375,4251.60009765625,4253.5,652,3.7998046875,12.828508649553571,11.77998046875,14.7099609375,0.301598886788611,0.13419171275938577,-0.29301453352086265,-0.10568341944574917,4252.125139499182,0.3188570767533747,4252.51232669103,-0.36326822235514555,4248.706561690691,0.6804403633295806,4242.710795175261,0.4603817607749079,0.023225642469541594,0.11282111955035518,16,25,2,0,False,1,1,3.7998046875,0.5,0.131585710614238,1.39990234375,1.89990234375,0.05098029333502473,0.1451521975189541,1.771227240087033,5.7001953125,-12.5,50.24777246900827,0.444671630175435,1.2784102635268917,-0.8337386333514567,4272.096408056764,4239.383621240112,0.7686744656405916,0.4315247991254101,69.20705314156402,69.46625558778706,1990.7,0.32752298186567536,4253.39990234375,0.20968081855931206,4254.10009765625,0.3065242437259182,4249.2998046875,-0.02118466386578757,4247.7998046875,-0.42663373915846226,4260.10009765625,4215.7001953125,44.39990234375,-6.60009765625,37.7998046875,4266.0,13.214250837053571,13.307094029017858,15.764229910714286,16.049944196428573,12.464250837053571,0.20200351983649792,0.05303682716288799,0.04312893217665304,0.12163953689663667,0.15122760699288457,0.18127561184962124,0.0002683433783455369,0.0005098029333502473,1.6742673044826006,14.208523995535714,1.5070054362871619,11.77998046875,-0.00029273434714749413,0.0012172644152895669,-0.665380032801645,14.056382533482141,1.331323846359107,13.939990234375,-5.186777472911408e-05,0.0014515219751895412,0.41293578765618105,12.002840750558036,2.844301823762759,14.7049560546875,9.901412115295605e-05,0.0010057292510167268,0.2905363563739646,7.242723214285714,4.377687472658927,8.000009765625,1.7214795478321887,1,0.29666464780150703,0.07700838261323,12.828508649553571,0.13419171275938577,37.2404641758923,1,SHORT,2.0
4253.2998046875,4261.10009765625,4252.7998046875,4261.10009765625,1479,8.30029296875,13.035679408482142,6.37998046875,14.594970703125,0.3059228628694315,0.3083827131885593,0.04930964208147453,-0.15231042860763302,4253.920131130596,2.8751051926528817,4253.3302096400985,0.9189570994167298,4249.192582708948,1.1674857473653901,4242.893773309401,0.5861500781420546,0.18267775209508094,0.280230060547424,16,30,2,0,False,1,1,8.30029296875,7.80029296875,0.9397611624213189,0.0,0.5,0.08202208694265797,0.1415725730875105,1.7641303794769012,13.10009765625,2.10009765625,53.90511085355367,1.1049999157003185,1.2437281939615772,-0.13872827826125866,4271.020219894771,4239.809809402103,0.7334281235844623,0.6821534199029039,81.02683656577008,73.09508983491027,1907.3,0.7754417239028994,4253.5,0.13419171275938577,4253.39990234375,0.20968081855931206,4254.10009765625,0.3065242437259182,4248.0,-0.2582765907490021,4260.10009765625,4215.7001953125,44.39990234375,1.0,45.39990234375,4259.0,12.828508649553571,13.214250837053571,13.307094029017858,15.928536551339286,12.792829241071429,0.13636331282717495,0.05098029333502473,0.05303682716288799,0.04312893217665304,0.14807309633196705,0.19562831460334754,0.0006162749028891801,0.0008202208694265798,0.7737835805775813,13.629952566964286,1.207027162438676,6.37998046875,5.0032471681793475e-05,0.0012766105623226004,-0.8466920573922481,14.080667550223215,1.3077197704062076,13.910009765625,-7.525856218092985e-05,0.001415725730875105,0.37536416034443765,12.409266880580358,2.30703027980013,14.5899658203125,0.00013097059775396547,0.0010336432494865715,0.2635161263085383,7.389294782366071,4.4473548145385795,8.120009765625,4.019978184243957,1,0.3174078466871553,0.5971366454328985,13.035679408482142,0.3083827131885593,36.752981696886735,1,SHORT,2.0
4260.7001953125,4261.5,4257.5,4257.7998046875,959,4.0,12.942836216517858,5.92001953125,12.944970703125,0.3039794450239023,0.2000329557971752,0.1788059156220812,-0.2553562003949076,4254.6960658419775,4.000084154122305,4253.755885358899,1.6409611851868249,4249.530120825754,1.4550353259000985,4243.042092029581,0.6648948534839292,0.09506702870561844,0.19460231194075697,16,35,2,0,False,1,1,4.0,2.900390625,0.72509765625,0.7998046875,0.2998046875,0.10362881819280985,0.14217497318499117,1.717172586540923,8.5,7.599609375,51.240653222989685,1.3464873109469409,1.26428001735865,0.08220729358829093,4269.2335588054,4240.506431428975,0.6751587571275304,0.6019875580290988,75.89417250125298,75.37602073619564,1807.6,0.5305377295861916,4261.10009765625,0.3083827131885593,4253.5,0.13419171275938577,4253.39990234375,0.20968081855931206,4249.2998046875,-0.02118466386578757,4260.10009765625,4215.7001953125,44.39990234375,-2.30029296875,42.099609375,4250.2001953125,13.035679408482142,12.828508649553571,13.214250837053571,15.764229910714286,13.071393694196429,-0.13627360637922933,0.08202208694265797,0.05098029333502473,0.05303682716288799,0.12163953689663667,0.21882037294287565,0.0004001754955204495,0.0010362881819280985,0.4491789813102961,13.065673828125,0.1953169903866765,5.92001953125,0.00017919749350262527,0.0010904818676135135,-0.8499482409203377,14.067811802455358,1.3193244359729122,13.42001953125,-0.0001268733442880754,0.0014217497318499118,0.483972319649698,12.691050502232143,1.9707143449786613,12.9399658203125,0.00010414232175336436,0.0010394895467057052,0.3241472842338523,7.537294921875,4.507378220874089,8.146005859375,2.5889937847887947,1,0.32649447636150214,0.31274163520544357,12.942836216517858,0.2000329557971752,36.248592265576576,1,SHORT,2.0
4257.7001953125,4260.60009765625,4226.10009765625,4259.60009765625,545,34.5,14.242850167410714,11.1400390625,14.2399658203125,0.3343705944425986,0.12928703776928438,0.43620757760996054,-0.10318720318363038,4255.676872204833,4.300067323298208,4254.312477006266,2.0084886913591617,4249.925021877931,1.6136613915505222,4243.206848304473,0.7130053524542745,0.12428848794165112,0.22765285807428512,16,40,2,0,False,1,1,34.5,1.89990234375,0.05506963315217391,1.0,31.60009765625,0.09570791851020442,0.14075555370428613,1.8472167288299537,5.5,18.5,40.25068786303883,1.6639553667127984,1.3442150872294796,0.31974027948331885,4268.552144798618,4240.747855201381,0.653503568971304,0.6780335958212061,78.69401454976231,78.53834120559507,1693.35,0.3218472259131308,4257.7998046875,0.2000329557971752,4261.10009765625,0.3083827131885593,4253.5,0.13419171275938577,4254.10009765625,0.3065242437259182,4260.10009765625,4215.7001953125,44.39990234375,-0.5,43.89990234375,4241.10009765625,12.942836216517858,13.035679408482142,12.828508649553571,13.307094029017858,13.599958147321429,-0.35243532003065914,0.10362881819280985,0.08202208694265797,0.05098029333502473,0.04312893217665304,0.23252578333663101,0.00025880660520301025,0.0009570791851020443,1.130946072183438,13.252825055803573,0.571167098405074,11.1400390625,0.00043558958892050417,0.0007242288171122642,0.2820119975663459,14.132101004464285,1.3096213650361315,15.5400390625,-5.067805166363848e-05,0.0014075555370428614,0.3410055418264996,13.01497802734375,1.6194088122153034,14.2349609375,0.00011165351509415222,0.0010404266015003405,0.301325774192864,7.710438058035715,4.5962790142983545,8.786005859375,1.8414159075362873,1,0.3080461478401429,0.3717087866199542,14.242850167410714,0.12928703776928438,37.384852859031525,1,SHORT,2.0
4259.2998046875,4260.2001953125,4257.39990234375,4258.2998046875,526,2.80029296875,13.507184709821429,10.680078125,12.239990234375,0.3171966589800191,0.11519966276977645,0.3251220329249617,0.09166750736341317,4256.201458701366,4.420034327388748,4254.692222499717,2.283861420158246,4250.253444733208,1.742533585754245,4243.357026974951,0.7546660190337207,0.08479067342886397,0.18931482696079266,16,45,2,0,False,1,1,2.80029296875,1.0,0.3571054925893636,0.900390625,0.89990234375,0.0974544838321595,0.13113906687797136,1.7148537084257194,4.89990234375,13.7998046875,42.69447429863248,1.7899943716802227,1.4333709441196283,0.3566234275605944,4268.841451856875,4240.8485383775005,0.6579067747826077,0.623417291767706,84.99966325431035,79.86261676844184,1538.2,0.34195813288259,4259.60009765625,0.12928703776928438,4257.7998046875,0.2000329557971752,4261.10009765625,0.3083827131885593,4253.39990234375,0.20968081855931206,4260.10009765625,4215.7001953125,44.39990234375,-1.80029296875,42.599609375,4244.5,14.242850167410714,12.942836216517858,13.035679408482142,13.214250837053571,14.007080078125,-0.60882800608828,0.09570791851020442,0.10362881819280985,0.08202208694265797,0.05303682716288799,0.12099892847799629,0.0002306728658502788,0.000974544838321595,1.1689917641106626,13.311411830357144,0.5811575151537797,10.680078125,0.00032489783767489786,0.0007463165871988415,0.6661786768774427,14.082111467633927,1.324381351725909,14.770068359375,4.663036256739583e-05,0.0013113906687797136,0.4498012715205955,13.15926513671875,1.5204586033646947,12.2349853515625,0.00011026971546383101,0.0010409444089369434,0.3044572114701859,7.8765813337053565,4.65346734069329,8.7980078125,1.5560231235405093,1,0.3286234594305385,0.2673126309133197,13.507184709821429,0.11519966276977645,38.439951981525404,1,SHORT,2.0
4232.60009765625,4240.39990234375,4203.2001953125,4238.60009765625,1298,37.19970703125,7.514334542410714,10.97998046875,7.9100341796875,0.1772834041731324,0.2530853511117496,0.4217279613447078,0.39080077729941537,4230.995606896861,7.846301963357291,4227.60090005652,4.43493807671166,4225.993215115622,1.8246021870354525,4228.153082392302,0.30662321588533814,0.26017587420759003,0.2983176237845268,15,20,3,0,False,1,1,37.19970703125,6.0,0.16129159283323488,1.7998046875,29.39990234375,0.09792533283932221,0.07598660812625545,1.5486125516603104,10.7001953125,17.80029296875,75.11503628283737,2.604852643191407,0.7005261172916524,1.9043265258997546,4237.24733469207,4212.23264577668,0.5921000812644475,1.054078744243271,95.16177725274004,89.9987251262391,874.75,1.483852529294084,4232.60009765625,0.2534450261731663,4234.89990234375,0.29841788217553056,4235.7001953125,0.3411364103778943,4227.89990234375,0.16821687795675203,4246.89990234375,4175.0,71.89990234375,-8.2998046875,63.60009765625,4220.7998046875,5.250069754464286,5.414341517857143,5.46435546875,5.157191685267857,6.607177734375,0.030804708792510963,0.0980090357154447,0.08748929829288166,0.07965462727855879,0.07909286241495352,0.08760204319727698,0.0005060423921706026,0.0009792533283932221,0.33429510847359234,5.7486328125,0.9974310863427861,10.919921875,0.00042125006068907125,0.000843927200220889,0.3313230707863428,6.1486293247767865,0.942954329099033,8.169970703125,0.00019531274165199286,0.0007598660812625545,0.4254178696633695,6.2468209402901795,0.805310175022327,7.82001953125,4.461018185999865e-05,0.0006487079699863098,0.6788880489497768,4.852301199776786,1.5730171960201826,5.6780078125,1.901767996037164,1,0.21394907717037606,1.4675703877702282,7.514334542410714,0.2530853511117496,44.59877851515539,1,SHORT,2.0
4238.89990234375,4239.2998046875,4237.39990234375,4238.60009765625,684,1.89990234375,7.357177734375,10.89990234375,6.4500244140625,0.17357565150916643,0.23411218309408668,0.34564625133167615,0.4003103385340946,4232.516505048739,8.257022039436379,4228.648442685066,4.955410864048645,4226.487602666234,2.141280624553474,4228.257032792939,0.40207872959581437,0.23533890570636612,0.28658536659080314,15,25,3,0,False,1,1,1.89990234375,0.2998046875,0.15780005140066822,0.39990234375,1.2001953125,0.09980391012025308,0.07582568076578332,1.4885705136229834,9.89990234375,14.60009765625,73.78613162042689,3.132228288787701,1.186866551590862,1.9453617371968388,4239.438670403331,4211.731300299794,0.6557049544521643,0.9697346682868939,95.16177725274004,90.41132569690235,892.25,0.766601288876436,4238.60009765625,0.2530853511117496,4232.60009765625,0.2534450261731663,4234.89990234375,0.29841788217553056,4228.7001953125,0.11127356326941287,4246.89990234375,4175.0,71.89990234375,-8.2998046875,63.60009765625,4224.0,7.514334542410714,5.250069754464286,5.414341517857143,5.100062779017857,6.850062779017857,0.170750228751578,0.09792533283932221,0.0980090357154447,0.08748929829288166,0.07552046681923597,0.08171489113710569,0.00046818468563851744,0.0009980391012025308,0.4645522040008317,6.200055803571429,1.132180990503656,10.89990234375,0.00034543041842729496,0.0008443505495507937,0.6424935349855673,6.1993408203125,0.9969581296634652,7.63994140625,0.00020004856428172956,0.0007582568076578332,0.4095861555419537,6.2403948102678575,0.7953552412181433,6.360009765625,3.6572222185573544e-05,0.0006466772929721648,0.72055599181175,4.942444893973215,1.5850297492516876,5.670009765625,1.7224049408057378,1,0.2937050179901785,1.355829021295294,7.357177734375,0.23411218309408668,44.966927988183826,1,SHORT,2.0
4238.60009765625,4244.0,4235.2001953125,4239.7001953125,2468,8.7998046875,7.69287109375,11.03984375,6.735009765625,0.18144846898031605,0.09443539003130247,0.43589395390887586,0.47396732171203104,4233.953243101492,7.4056176315498305,4229.7009905543455,4.864419353187259,4227.005743554323,2.214171580452785,4228.370895106566,0.4378789412412516,0.2364045302607554,0.30031782610029395,15,30,3,0,False,1,1,8.7998046875,1.10009765625,0.12501387193430252,4.2998046875,3.39990234375,0.07464629803118744,0.07415053583432885,1.5263584534875532,4.0,18.400390625,71.80137684854667,3.597476504624865,1.668988542197663,1.928487962427202,4241.497009455255,4211.672961247871,0.7056299189711586,0.9397528420601959,89.46121257090883,93.2615890254629,1000.4,2.467013194722111,4238.60009765625,0.23411218309408668,4238.60009765625,0.2530853511117496,4232.60009765625,0.2534450261731663,4235.7001953125,0.3411364103778943,4246.89990234375,4175.0,71.89990234375,-7.19970703125,64.7001953125,4221.2998046875,7.357177734375,7.514334542410714,5.250069754464286,5.46435546875,6.907191685267857,0.054510658627636877,0.09980391012025308,0.09792533283932221,0.0980090357154447,0.07965462727855879,0.09125228215985062,0.00018902222349264085,0.0007464629803118745,1.4039914392982151,6.645758928571429,1.206370725646993,11.03984375,0.00043530976549597253,0.0007726827231664566,0.6872271109151504,6.277908761160715,1.0859292092787918,7.959912109375,0.0002367128377613048,0.0007415053583432885,0.3169237910908271,6.246466936383929,0.8064381824890084,6.6449951171875,5.1690503671506515e-05,0.0006427879860546253,0.6732051699696044,5.040016043526785,1.6014250100495935,5.802001953125,0.7264792821988136,1,0.35035644913017183,1.3028742076980606,7.69287109375,0.09443539003130247,44.47857481238147,1,SHORT,2.0
4236.39990234375,4239.2001953125,4206.2998046875,4238.89990234375,1029,32.900390625,11.242850167410714,16.50009765625,10.939990234375,0.26523037642843084,0.2601764529454,0.22699023714539776,0.40266231775326083,4234.211629398624,4.007527287194534,4232.111382277946,2.41009610510082,4229.159310370561,1.4379156732820775,4228.829818411281,0.34548484548668057,0.1604050426042871,0.2303198167376588,16,30,3,0,False,1,1,32.900390625,2.5,0.07598693974473138,0.30029296875,30.10009765625,0.04038104320918319,0.09694477340793135,1.7020620741676764,11.0,9.60009765625,50.35104971870284,2.277594915377449,1.8838246005443895,0.3937703148330596,4241.881378985753,4224.618669842373,0.40778855592801766,0.8272880219877654,87.4071662808642,82.15837302670572,1352.65,0.7607289394891509,4236.2998046875,0.30543880859094774,4235.0,0.09217230161749869,4235.0,0.018889156171345636,4227.89990234375,-0.03310009714133846,4246.89990234375,4175.0,71.89990234375,-8.0,63.89990234375,4229.2998046875,11.549944196428571,11.428501674107142,9.28564453125,9.271379743303571,8.142822265625,-0.07797318179379847,0.04744261424001771,0.12051106738461204,0.12756076478726827,0.11972733297795322,0.11897265401055333,0.0005198774043969845,0.00040381043209183193,0.2177902139522079,10.601374162946428,1.1112762549607822,16.50009765625,0.00022712105064828236,0.0008971044774825249,-1.5282631781967984,9.64423130580357,1.2979044456834852,12.56005859375,0.00020139358413148178,0.0009694477340793135,-0.640724032071476,8.077132742745537,2.052075751914604,10.9249755859375,4.703480103006141e-05,0.0007413297976535761,-0.2262363926343484,6.605428989955357,1.9748778912935974,7.936005859375,2.925124877553516,1,0.26257326775930573,0.6047762883131541,11.242850167410714,0.2601764529454,45.40991893101553,1,SHORT,2.0
4238.89990234375,4240.60009765625,4237.0,4237.2001953125,1075,3.60009765625,11.364292689732142,16.1201171875,10.7949951171875,0.26820287373497603,0.11105009598346133,0.10631511310400676,0.21997429417840172,4234.809342581399,4.146060892255264,4232.59603113838,2.6282007915197028,4229.474639191813,1.5658482081535112,4228.913105743632,0.38881529789523483,0.1087787291829508,0.18265994667751137,16,35,3,0,False,1,1,3.60009765625,1.69970703125,0.47212803472128034,1.7001953125,0.2001953125,0.04283671838651037,0.09337462392920588,1.6790504476238002,4.7001953125,4.5,48.423564602509536,2.4005251683556708,1.9871647141066457,0.413360454249025,4242.132209605603,4225.2978685193975,0.39762574785697086,0.7070265911895824,83.21035879629629,83.91480233449563,1370.0,0.7846715328467153,4238.89990234375,0.2601764529454,4236.2998046875,0.30543880859094774,4235.0,0.09217230161749869,4232.5,-0.004729730509184329,4246.89990234375,4175.0,71.89990234375,-9.69970703125,62.2001953125,4232.7001953125,11.242850167410714,11.549944196428571,11.428501674107142,9.499930245535714,8.099958147321429,-0.13919459745712678,0.04038104320918319,0.04744261424001771,0.12051106738461204,0.12542320777009128,0.10040797493574752,0.00022207499321362788,0.00042836718386510367,-0.7529058464032385,10.974246651785714,0.9504520200941964,16.1201171875,0.00010662242296968216,0.0008919192262597022,-1.1311056302421234,9.970664760044643,1.2766817721961603,12.26005859375,0.00011028661123452244,0.0009337462392920589,-0.5368005808556867,8.38748779296875,2.0565971195958683,10.77998046875,3.948862118316132e-05,0.000743979825122449,-0.19675343284087504,6.768285435267857,2.0252310961063795,7.95,1.2620057939789022,1,0.27466662746081233,0.4055837570571306,11.364292689732142,0.11105009598346133,46.61540154790919,0,SHORT,-1.0
4255.2001953125,4258.89990234375,4255.2001953125,4258.89990234375,198,3.69970703125,3.3785574776785716,2.43994140625,3.1049560546875,0.07932934690057614,0.08930000705724805,0.06108821689173516,0.22592187177896728,4255.847111388396,0.49932644684940897,4253.709870351043,1.4006219589591637,4247.925635299451,1.7358297639011653,4239.357491632785,0.8387202041167257,0.12201189434386311,0.2583441422115586,8,5,4,0,True,0,0,3.69970703125,3.69970703125,1.0,0.0,0.0,0.04024515138060358,0.0442633121133767,1.0108590914393893,3.7998046875,2.60009765625,70.29561770322206,2.992322443867124,3.3364898950657227,-0.3441674511985986,4260.655393057963,4247.794606942038,0.3023062042070011,0.8635005124578492,94.33875351236814,68.55374882921053,614.3,0.3223180856259157,4255.2001953125,-0.025834866561537575,4254.39990234375,-0.05872818382747404,4254.89990234375,-0.06107099603640634,4255.10009765625,-0.028186619512299206,4252.0,4204.10009765625,47.89990234375,6.89990234375,54.7998046875,4256.2998046875,3.2428501674107144,3.1642368861607144,3.199951171875,3.285679408482143,3.03564453125,0.13880817050877223,0.017139920576965846,0.01076299232067058,0.010814091197598153,0.039681075137750044,0.07210801995680433,0.00017860100857560734,0.0004024515138060358,1.8318749412976376,3.2456821986607145,0.0812353757106507,2.3798828125,6.114219012971489e-05,0.00039660639791463357,1.2999048392011983,3.2771065848214285,0.09457608130867805,2.849951171875,0.0001129328936056162,0.00044263312113376703,2.0978511279108436,2.8753138950892856,0.47118424880807,3.08994140625,0.0001031912215671249,0.0003979832352644534,1.3023692592225866,3.3422635323660717,1.0456346092736137,3.25798828125,0.30170520660001465,1,1.712042814072964,1.538042340078524,3.3785574776785716,0.08930000705724805,26.735896552508308,1,SHORT,2.0
4258.7998046875,4260.89990234375,4257.10009765625,4257.5,507,3.7998046875,3.442836216517857,2.77998046875,3.099951171875,0.08086520766923916,0.05640060841510848,-0.03521953510213665,0.19532628038226862,4256.1776891107165,0.8794416262289815,4254.070835079515,1.4957915194154339,4248.301100581825,1.7618718258554509,4239.538014104101,0.8542543547600872,0.08060902259097122,0.21653124861876905,8,10,4,0,True,0,0,3.7998046875,1.2998046875,0.3420714469288101,2.10009765625,0.39990234375,0.04614424510127467,0.04527309205194534,1.0292995803680132,2.39990234375,-1.5,65.73986165739862,2.9411722935674334,3.257426374766065,-0.31625408119863163,4260.769211196976,4248.510769271773,0.28811936975490526,0.7333094028650707,67.3083243344758,73.69441879676832,569.9,0.8896297596069487,4258.89990234375,0.08930000705724805,4255.2001953125,-0.025834866561537575,4254.39990234375,-0.05872818382747404,4255.10009765625,-0.09156849832707209,4252.0,4204.10009765625,47.89990234375,5.5,53.39990234375,4259.0,3.3785574776785716,3.2428501674107144,3.1642368861607144,3.2428152901785716,3.17138671875,0.19525735305097944,0.04024515138060358,0.017139920576965846,0.01076299232067058,0.013731807306465683,0.07246831801050703,0.00011286091719757696,0.0004614424510127467,1.4041682998089506,3.2856863839285717,0.11964171353008307,2.719921875,-3.5167825401805075e-05,0.0003568794756875294,2.066746668541102,3.304251534598214,0.09967884772698937,2.829931640625,9.766993886148323e-05,0.00045273092051945334,2.0203225915894127,2.935313197544643,0.4627350169748616,3.0849365234375,0.0001070028405270329,0.0003927785363256915,1.380857425100319,3.344833984375,1.0457224665490739,3.233984375,0.19417805728517729,1,1.6758666793406676,0.9968319492937456,3.442836216517857,0.05640060841510848,27.39423455187114,1,SHORT,2.0
4257.7001953125,4259.10009765625,4257.2001953125,4258.10009765625,369,1.89990234375,3.007114955357143,2.83994140625,3.0599609375,0.07062104897468999,0.07521199995180189,0.014095071197886083,0.18587129972048652,4256.562170819823,1.3435923634824576,4254.4545743725375,1.6581156901856957,4248.685374976901,1.8182766684685703,4239.722711452879,0.8775970508568207,0.08568720666738154,0.22159143001735004,8,15,4,0,True,0,0,1.89990234375,0.39990234375,0.2104857363145721,1.0,0.5,0.04527322297657175,0.04517111098328009,0.900109366106696,3.2001953125,0.60009765625,52.86580625097185,2.915450794616845,3.1890312587362213,-0.2735804641193762,4260.974771848007,4249.095198855119,0.2791886091133136,0.7580153601920158,63.1609380019274,74.9360052829237,560.3,0.6585757629841157,4257.5,0.05640060841510848,4258.89990234375,0.08930000705724805,4255.2001953125,-0.025834866561537575,4254.89990234375,-0.06107099603640634,4252.0,4204.10009765625,47.89990234375,6.10009765625,54.0,4257.5,3.442836216517857,3.3785574776785716,3.2428501674107144,3.199951171875,3.2642299107142856,0.1599690492168455,0.04614424510127467,0.04024515138060358,0.017139920576965846,0.010814091197598153,0.07865914279909911,0.00015046072366262653,0.0004527322297657175,1.0887951909175821,3.247119140625,0.17325624910513218,2.7798828125,1.4146780898227629e-05,0.00034196468706033364,1.9338238295022552,3.2785400390625,0.1372347787453363,2.78994140625,9.295055416913e-05,0.0004517111098328009,2.0672603910990515,2.968886021205357,0.4407754678261659,3.0449462890625,0.00011596053780924986,0.0003882264897112929,1.3836666052451883,3.3408328683035715,1.0466422590950712,3.243974609375,0.22617112987738416,1,1.9185164123370455,1.2133380615472187,3.007114955357143,0.07521199995180189,28.00554840842234,1,SHORT,2.0
4258.2001953125,4258.5,4256.60009765625,4257.60009765625,193,1.89990234375,2.8499581473214284,2.919921875,3.0449462890625,0.06693813608493411,0.0752208392712921,0.01644847961105425,0.16940042061759125,4256.769756187108,1.7149129532854204,4254.7541480186055,1.8049804161200882,4249.034971944719,1.8724695564696958,4239.900595892714,0.900707481320751,0.06688869764589829,0.2015781411093284,8,20,4,0,True,0,0,1.89990234375,0.60009765625,0.31585710614237983,0.2998046875,1.0,0.045271916267855525,0.04540814102999587,0.8545667775007796,3.2001953125,0.7001953125,56.08195044703243,2.8221880727078315,3.1156626215305434,-0.29347454882271196,4261.016171585745,4249.7738186486295,0.2641905851281794,0.6961424402344608,56.582075168647606,62.35044583501685,540.45,0.35710981589416224,4258.10009765625,0.07521199995180189,4257.5,0.05640060841510848,4258.89990234375,0.08930000705724805,4254.39990234375,-0.05872818382747404,4252.0,4204.10009765625,47.89990234375,5.60009765625,53.5,4256.89990234375,3.007114955357143,3.442836216517857,3.3785574776785716,3.1642368861607144,3.442836216517857,-0.007053766676996898,0.04527322297657175,0.04614424510127467,0.04024515138060358,0.01076299232067058,0.04084711514115426,0.00015047838693926785,0.0004527191626785552,1.088779801860629,3.184263392857143,0.2505913370287447,2.85986328125,1.6499525975710583e-05,0.00034085818399290737,1.9319303943725337,3.219252232142857,0.1798268376905184,2.489892578125,8.473000729083968e-05,0.00045408141029995873,2.0896536788940594,2.9992431640625,0.4078126026029461,3.029931640625,0.00011880917973646321,0.0003859283858371559,1.4003947464563558,3.3349741908482144,1.0485909117972858,3.24396484375,0.21437624372957456,1,2.0067579165196516,0.9992614308983284,2.8499581473214284,0.0752208392712921,28.220446870630145,0,SHORT,-1.0
4257.7998046875,4261.10009765625,4257.7001953125,4260.39990234375,276,3.5,2.8499581473214284,2.95986328125,3.1199462890625,0.06689414638643656,0.12219653112861677,0.09633009525631928,0.23763259347284096,4257.495785418437,2.411871768878882,4255.2918389067145,2.1282877127987376,4249.480655489779,2.0029494574419004,4240.1045690912315,0.9434835962447323,0.12004026117155595,0.2569548549389228,8,25,4,0,True,0,0,3.39990234375,2.60009765625,0.7647565704437742,0.7001953125,0.099609375,0.05078119374502492,0.04707702259142071,0.8662558398644757,5.19970703125,4.10009765625,61.98852117301048,2.94030354403003,3.080590806030441,-0.14028726200041097,4261.40743517399,4250.392564826009,0.2588141250494803,0.908529760368469,91.02347417840376,70.25549578299285,520.3,0.5304631943109744,4257.60009765625,0.0752208392712921,4258.10009765625,0.07521199995180189,4257.5,0.05640060841510848,4255.2001953125,-0.025834866561537575,4252.0,4204.10009765625,47.89990234375,8.39990234375,56.2998046875,4256.2998046875,2.8499581473214284,3.007114955357143,3.442836216517857,3.2428501674107144,3.3785226004464284,0.0117486729392036,0.045271916267855525,0.04527322297657175,0.04614424510127467,0.017139920576965846,0.03798925960173829,0.0002443768126163537,0.0005078119374502492,0.2485616505860031,3.1056849888392857,0.2866351478471931,2.93984375,9.635674536468963e-05,0.00038988630954189774,1.1375499963877176,3.1663957868303574,0.20388238895600713,2.54990234375,0.00011878759657919513,0.00047077022591420707,1.7397024615056502,3.031028529575893,0.3660441540477494,3.0999267578125,0.00012534604150098215,0.0003923069774513429,1.3328340665686098,3.289972795758929,1.019165042380125,2.70396484375,0.3482549994644179,1,2.0390416688741686,1.7944807977383095,2.8499581473214284,0.12219653112861677,29.134151816802998,1,SHORT,2.0
4251.5,4254.2998046875,4250.5,4254.2998046875,423,3.7998046875,3.092808314732143,3.36005859375,3.110009765625,0.0726984100021443,0.13651417412027775,0.01644976056013214,0.0,4251.325252142078,0.32320951031033474,4251.980894988017,-0.5527581893857132,4251.325541811399,-0.08193579662747652,4242.995760890432,0.4036611155470382,0.05453716177832065,0.0699608356699532,10,35,4,0,True,0,0,3.7998046875,2.7998046875,0.7368285787715241,0.0,1.0,0.03631931079304566,0.03336341146527833,1.0508633653651303,5.7998046875,0.69970703125,54.476551397441966,-0.7560258155372139,-0.8522753007903728,0.0962494852531589,4256.736730524318,4247.533337835058,0.21644168436046615,0.7352144020039848,85.0,64.12539271309272,397.75,1.0634820867379007,4251.39990234375,0.06825708706013887,4251.39990234375,0.018816276975597082,4248.60009765625,-0.04940592278340172,4248.5,-0.11990073206600155,4252.0,4204.10009765625,47.89990234375,2.2998046875,50.19970703125,4253.60009765625,3.0214146205357144,3.0928431919642856,3.0,3.0714285714285716,2.964320591517857,-0.014106004153523826,0.02922553170786241,0.040982611501537335,0.022158342839443446,0.027893546683472117,0.02182695138431026,0.0002729321259252071,0.00036319310793045655,0.6077149192970871,3.0271275111607143,0.06912734452914235,3.36005859375,1.6523350533514945e-05,0.00040774604217777707,0.41972612493364864,3.0192731584821426,0.05851543880719131,3.27998046875,5.2869561206758676e-08,0.00033363411465278333,0.33174019242381275,3.0360630580357144,0.08566663000090363,3.105029296875,2.3602719061677214e-05,0.0004115930265481734,0.9282996798565345,2.943111746651786,0.32138991280414697,3.0659765625,0.4222121727979865,0,0.21189582732846365,0.7501836942061323,3.092808314732143,0.13651417412027775,24.493760659741856,0,SHORT,-1.0
4254.2998046875,4254.7998046875,4253.2998046875,4253.89990234375,205,1.5,2.9142368861607144,3.0,3.0650146484375,0.06850741562007776,0.12710138504766388,0.06586070953830539,-0.044642662506290245,4251.840182182413,1.3385480769984497,4252.163657593324,0.014161861388856778,4251.426497126393,0.1330382480928165,4243.104259810366,0.4533749586134945,0.040832030237714485,0.05817824250352097,10,40,4,0,True,0,0,1.5,0.39990234375,0.2666015625,0.5,0.60009765625,0.03827586293851562,0.032359153920623974,0.985691855245789,5.39990234375,2.7998046875,47.99999999999999,-0.5040659782307557,-0.7826334362784495,0.2785674580476938,4256.39502118814,4247.68505693686,0.20484200927705093,0.7135328260361813,81.0009765625,74.0006510416666,389.1,0.5268568491390387,4254.2998046875,0.13651417412027775,4251.39990234375,0.06825708706013887,4251.39990234375,0.018816276975597082,4248.5,-0.06116293656984238,4252.0,4204.10009765625,47.89990234375,1.89990234375,49.7998046875,4251.10009765625,3.092808314732143,3.0214146205357144,3.0928431919642856,2.9285714285714284,3.021449497767857,-0.04702452220915603,0.03631931079304566,0.02922553170786241,0.040982611501537335,0.021135096322274147,0.03274540357307323,0.0002541322123267742,0.0003827586293851562,0.5490173928935426,3.0242606026785714,0.07433749898759325,3.0,6.589713697775501e-05,0.0003526121615115452,0.8147766208867808,3.0085518973214285,0.06724328702628943,3.060009765625,-2.2276331846465825e-05,0.00032359153920623974,0.516942973591701,3.0367780412946432,0.08452274905158103,3.0600341796875,2.2191554941983772e-05,0.0004118784677795039,0.936614658220346,2.9565394810267858,0.30515083597933557,3.017978515625,0.370403544588018,0,0.25295145718324924,0.5960235088148278,2.9142368861607144,0.12710138504766388,23.023242613687458,0,SHORT,-1.0
4254.10009765625,4254.39990234375,4253.39990234375,4253.7001953125,193,1.0,2.835693359375,2.4599609375,2.85,0.06666415659711708,0.12004183822957308,0.07057660766826789,0.0,4252.212184808431,2.0908579928491235,4252.309994518961,0.4985366989949398,4251.515661761142,0.32782489154942596,4243.209692004418,0.4996110053571101,0.0326928374302747,0.051382465105471446,10,45,4,0,True,0,0,1.0,0.39990234375,0.39990234375,0.2998046875,0.30029296875,0.039449580778751415,0.030420303103541997,0.9558924500191872,5.10009765625,3.0,48.387477849970466,-0.3168482508881425,-0.6894763992003882,0.37262814831224567,4256.39502118814,4247.68505693686,0.20484200927705093,0.6906042553223987,87.78211805555556,84.59436487268512,365.8,0.5276107162383816,4253.89990234375,0.12710138504766388,4254.2998046875,0.13651417412027775,4251.39990234375,0.06825708706013887,4248.60009765625,-0.04940592278340172,4252.0,4204.10009765625,47.89990234375,1.7001953125,49.60009765625,4250.7001953125,2.9142368861607144,3.092808314732143,3.0214146205357144,3.0,2.9857003348214284,-0.08696190100069884,0.03827586293851562,0.03631931079304566,0.02922553170786241,0.022158342839443446,0.024353910111592363,0.00024003070924050185,0.00039449580778751415,0.578245491417573,2.9913992745535714,0.11365952335484114,2.4599609375,7.060948789392452e-05,0.0003505456278479197,0.7874228279348182,2.993551199776786,0.08679644630135991,2.980029296875,4.395149137970122e-08,0.00030420303103541996,0.5943129248203933,3.0199933733258932,0.08956587070786118,2.84501953125,1.654585062181635e-05,0.0004108305319572594,0.9836771582841043,2.9665401785714285,0.2923111452077156,2.983984375,0.3404018435147684,0,0.2801194124860313,0.49041102594086544,2.835693359375,0.12004183822957308,21.65776157092266,0,SHORT,-1.0
4253.39990234375,4255.2001953125,4253.2998046875,4254.39990234375,153,1.900390625,2.828578404017857,2.0400390625,2.810009765625,0.06648595498649745,0.07056499197702226,0.08939454665695755,0.03056134719745443,4252.649728315495,2.2726863942798445,4252.509033359417,0.736771299090833,4251.62876923497,0.4326160722730492,4243.321037380929,0.5244904978408158,0.04446478466006045,0.06517815310763685,10,50,4,0,True,0,0,1.900390625,1.0,0.526207605344296,0.80029296875,0.10009765625,0.03177170914056768,0.030441576921471578,0.9497433850779005,3.0,3.7998046875,54.032448609907846,-0.11073980388573545,-0.5737290801374576,0.46298927625172215,4256.564168584069,4247.64589000968,0.2097379653828417,0.7573224224533118,91.4865987949304,86.75656447099526,362.75,0.4217780840799449,4253.7001953125,0.12004183822957308,4253.89990234375,0.12710138504766388,4254.2998046875,0.13651417412027775,4251.39990234375,0.018816276975597082,4252.0,4204.10009765625,47.89990234375,2.39990234375,50.2998046875,4250.60009765625,2.835693359375,2.9142368861607144,3.092808314732143,3.0928431919642856,2.9356863839285716,-0.0822735694895446,0.039449580778751415,0.03827586293851562,0.03631931079304566,0.040982611501537335,0.02493582840190067,0.00014113052837765315,0.0003177170914056768,1.7651563740156653,2.9385463169642856,0.11611044404971256,2.0400390625,8.941371236447227e-05,0.0003499766134194735,0.5949529863044439,2.9828404017857144,0.10029018025831146,2.880078125,1.5322469344292157e-05,0.0003044157692147158,0.4406665701211621,3.0049961635044644,0.0953612604795498,2.805029296875,1.889597178777791e-05,0.00041134399655495086,0.9631244074875791,2.978255440848214,0.2738701406732785,2.97798828125,0.19959861238589852,0,0.31120372099180615,0.6687846278073428,2.828578404017857,0.07056499197702226,20.210684000588927,0,SHORT,-1.0
4259.2001953125,4265.5,4259.0,4263.2998046875,1565,6.5,3.7928989955357144,4.6400390625,3.5650634765625,0.08896627423118168,0.18328762043238164,0.21625506734828542,0.24924421868918298,4258.043539833526,1.9907363483434892,4256.558857330645,1.2865452440564695,4254.85744943639,0.7646552147843977,4247.41844575887,0.5526550760014288,0.15836612584942347,0.19841687650964898,14,25,4,0,False,1,1,6.5,4.099609375,0.6307091346153846,2.2001953125,0.2001953125,0.06676137614653356,0.04819990337014597,1.4394871375371388,7.7998046875,9.19970703125,61.08905059563392,1.4002602066084364,0.8585481912381763,0.5417120153702601,4261.084188921334,4251.365762250541,0.22833442138372245,1.2279809110279318,84.39588599923815,61.46529533307932,593.65,2.636233470900362,4259.2001953125,0.004700523890584644,4255.7998046875,-0.023491825922816963,4257.89990234375,0.049346721007338556,4255.5,0.032907132216311995,4252.0,4204.10009765625,47.89990234375,11.2998046875,59.19970703125,4254.10009765625,3.6143275669642856,3.600062779017857,3.628627232142857,3.350062779017857,2.7572195870535716,-0.0352476728446857,0.07420914476217944,0.06747323082412916,0.06314885664083884,0.05250013453053731,0.03247300404831902,0.00036648503032659096,0.0006676137614653356,-0.6543863294653073,3.6372000558035715,0.09193372574331198,4.62001953125,0.00021620045769216167,0.0005879524466788365,-0.5057026693015076,3.2372105189732148,0.4676580231083418,4.239990234375,0.00012458514430919722,0.00048199903370145975,0.06241604897155901,2.8968418666294644,0.500499653774769,3.53505859375,6.963032303654915e-05,0.0003996254309036947,0.17972319975491982,2.6348960658482143,0.46092250545500246,2.798046875,0.6951914314321116,1,0.4485771691408993,1.7800692140698628,3.7928989955357144,0.18328762043238164,24.123919360120027,0,SHORT,-1.0
4263.2001953125,4267.10009765625,4262.10009765625,4264.89990234375,1686,5.0,3.9214564732142856,4.7,3.7550537109375,0.09194721008714116,0.24208631718816298,0.21853098209631633,0.3057456736654145,4259.414812335571,3.6525500161742457,4257.353242569989,2.144950905337282,4255.251271119032,1.138582645086899,4247.59239060051,0.6496416392992614,0.17726177142880775,0.22674645067858962,14,30,4,0,False,1,1,5.0,1.69970703125,0.33994140625,2.2001953125,1.10009765625,0.058737061870390087,0.04792155881518821,1.4779403897200882,10.2998046875,9.2998046875,66.283768614832,1.8870971705682678,1.0642579871041946,0.8228391834640731,4262.6834064518325,4251.066544720042,0.2728964744892884,1.190799885811828,85.9861914536294,78.10596050104517,672.85,2.5057590844913427,4263.2998046875,0.18328762043238164,4259.2001953125,0.004700523890584644,4255.7998046875,-0.023491825922816963,4254.60009765625,-0.0234984485631238,4252.0,4204.10009765625,47.89990234375,12.89990234375,60.7998046875,4255.60009765625,3.7928989955357144,3.6143275669642856,3.600062779017857,3.550083705357143,2.7000906808035716,-0.0469748204182204,0.06676137614653356,0.07420914476217944,0.06747323082412916,0.05083365909255701,0.02765681496275911,0.00048384245411563497,0.0005873706187039009,-1.5795670347280486,3.711474609375,0.14092209328127062,4.67998046875,0.0002184722620380275,0.0005885816021962324,-0.5175414634372263,3.3593470982142852,0.47126986897711814,4.519970703125,0.00015276033042109228,0.0004792155881518821,-0.10807406016224559,2.9818429129464286,0.5235836032829233,3.725048828125,7.666549004270218e-05,0.0004018876957302633,0.1313827361862087,2.6533251953125,0.49311553069750785,2.82404296875,0.9493309556141285,1,0.5360180497512218,1.9278646003593953,3.9214564732142856,0.24208631718816298,26.285800037948707,0,SHORT,-1.0
4264.7998046875,4269.60009765625,4263.10009765625,4266.39990234375,2198,6.5,4.171456473214286,5.0,3.98505859375,0.09777462424285854,0.19962892963550405,0.24907416097379978,0.3032773561478782,4260.811830337207,4.622040012938669,4258.214829215109,2.7501936762573678,4255.688472343531,1.4272656786133666,4247.779530020842,0.7277546578152396,0.19221841679955853,0.25169675999145624,14,35,4,0,False,1,1,6.5,1.60009765625,0.24616887019230768,3.2001953125,1.69970703125,0.0564895632354053,0.04786424133195065,1.5594827592951062,8.5,10.60009765625,72.03098106712565,2.366674881130166,1.324741365909389,1.041933515220777,4264.497653531463,4250.542287874788,0.32778156656233537,1.136309492641453,82.41669796641091,84.26625847309275,776.85,2.829375040226556,4264.89990234375,0.24208631718816298,4263.2998046875,0.18328762043238164,4259.2001953125,0.004700523890584644,4257.89990234375,0.049346721007338556,4252.0,4204.10009765625,47.89990234375,14.39990234375,62.2998046875,4255.7998046875,3.9214564732142856,3.7928989955357144,3.6143275669642856,3.628627232142857,2.71435546875,-0.01409871417202978,0.058737061870390087,0.06676137614653356,0.07420914476217944,0.06314885664083884,0.025925349948555783,0.0003990670500247262,0.000564895632354053,-1.0810258604496459,3.820040457589286,0.2372883560425542,4.97998046875,0.0002489502703565516,0.0005865994294053764,-0.7127386494221439,3.505057198660714,0.4749328263396159,4.92998046875,0.00015152947051801368,0.0004786424133195065,-0.10165058989988149,3.0782732282366068,0.5568591446954255,3.9650634765625,7.051976000722826e-05,0.00039509298825813883,0.12599660754051706,2.6748974609375,0.5345847478582781,2.87404296875,0.8327433907688625,1,0.6056294456862923,1.9659335772246465,4.171456473214286,0.19962892963550405,28.619948736371548,0,SHORT,-1.0
4266.10009765625,4266.10009765625,4261.2998046875,4263.7001953125,1446,5.10009765625,4.342878069196429,5.32001953125,4.0450439453125,0.10185702254513526,0.18563821109015063,0.16210277536193815,0.16915764859626453,4261.389503332265,5.2777101353503895,4258.737245033908,3.240688623756796,4256.002657558001,1.681113715727406,4247.937944600859,0.7991241699273814,0.11653572392565971,0.18086308618320507,14,40,4,0,False,1,1,4.80029296875,2.39990234375,0.4999491404740108,0.0,2.400390625,0.062069825162915385,0.04905331295770127,1.6076833731771394,7.900390625,6.900390625,66.66782102784319,2.5000805050749477,1.5598091937425007,0.940271311332447,4265.36091721296,4250.399043724539,0.3513925605477852,0.8890030782745727,67.58330203358909,78.6620638178764,818.15,1.767402065635886,4266.39990234375,0.19962892963550405,4264.89990234375,0.24208631718816298,4263.2998046875,0.18328762043238164,4255.7998046875,-0.023491825922816963,4252.0,4204.10009765625,47.89990234375,11.7001953125,59.60009765625,4256.7998046875,4.171456473214286,3.9214564732142856,3.7928989955357144,3.600062779017857,2.6572265625,0.04465210433513292,0.0564895632354053,0.058737061870390087,0.06676137614653356,0.06747323082412916,0.02024602516746978,0.0003711551343039021,0.0006206982516291539,-1.2662569857533432,3.968603515625,0.29147775799806946,5.2400390625,0.00016217458458864798,0.0006496878507777144,-0.3676237459186533,3.673622349330357,0.4383093312952524,5.17001953125,8.46252247533541e-05,0.0004905331295770127,0.03999166749330647,3.177915736607143,0.5965718553086481,4.01005859375,5.786409202932941e-05,0.00040734278297724,0.10278437504739157,2.7013267299107144,0.5825773424032681,2.930048828125,0.8062041157482724,1,0.6296717136276061,1.1441108429614655,4.342878069196429,0.18563821109015063,29.968083217024507,0,SHORT,-1.0
4261.0,4267.0,4260.7001953125,4267.0,851,6.2998046875,4.835693359375,5.4599609375,4.22001953125,0.11332770938305602,0.08679181577686922,0.27023851486311834,0.2678800188492438,4262.4172508826505,4.373711049124722,4259.701900306952,3.1430429763067878,4256.614671917007,1.7572224806172017,4248.254322081241,0.835876322371405,0.17132888319068398,0.2439809304682838,14,50,4,0,False,1,1,6.2998046875,6.0,0.9524104789955046,0.0,0.2998046875,0.08795107002879013,0.06031354708631454,1.7465214181881397,3.7001953125,11.5,66.01105487662703,2.6909152795997215,1.9116192507279846,0.779296028871737,4267.0993864187085,4250.260525690667,0.39540094352713595,0.994097794363072,85.7139024521114,68.31482177031347,843.7,1.008652364584568,4260.7998046875,0.03755656699960861,4263.7001953125,0.18563821109015063,4266.39990234375,0.19962892963550405,4263.2998046875,0.18328762043238164,4252.0,4204.10009765625,47.89990234375,15.0,62.89990234375,4255.5,4.542864118303571,4.342878069196429,4.171456473214286,3.7928989955357144,3.350062779017857,0.032907132216311995,0.07116585366660474,0.062069825162915385,0.0564895632354053,0.06676137614653356,0.05250013453053731,0.00017383269772295318,0.0008795107002879014,0.5938969081392228,4.362869698660714,0.34922934045787646,5.4,0.0002701588640247721,0.0007430998234736741,0.04178356333084115,4.000034877232142,0.4519270891318052,5.010009765625,0.0001339426251416309,0.0006031354708631454,0.3192817598957667,3.396840122767857,0.7069341034818556,4.1850341796875,6.160037157616705e-05,0.00045656940177232004,0.5134263422314299,2.7687569754464283,0.702056338652731,3.038046875,0.41969860720030483,1,0.638425177220785,1.5118004601291262,4.835693359375,0.08679181577686922,31.685070378408234,0,SHORT,-1.0
4265.7001953125,4268.0,4263.2998046875,4267.89990234375,449,4.7001953125,5.178571428571429,4.6599609375,4.3400146484375,0.12133769645646039,0.09849911670307275,0.2843201797914106,0.3055301017266972,4264.372769170667,2.983265838402076,4261.413348634638,2.67610360073013,4257.70323317004,1.7005756120388469,4248.784993264552,0.8470486636933856,0.15221601798356713,0.23948755033633304,15,5,4,0,False,1,1,4.7001953125,2.19970703125,0.46800332432993974,0.10009765625,2.400390625,0.0853658180080666,0.06030029075185216,1.7830530700864264,4.19970703125,12.10009765625,61.93007029623909,3.0727550006286037,2.404915474475546,0.6678395261530579,4269.858591495999,4250.471291316502,0.4550833229733299,0.8989705047059608,90.658367763052,81.31762980451067,895.2,0.5015638963360143,4265.7998046875,-0.014065668244562258,4264.89990234375,0.0,4267.0,0.08679181577686922,4263.7001953125,0.18563821109015063,4252.0,4204.10009765625,47.89990234375,15.89990234375,63.7998046875,4255.7998046875,5.05712890625,4.949986049107143,4.835693359375,4.342878069196429,3.600062779017857,-0.023491825922816963,0.09032678584228968,0.09146875948345586,0.08795107002879013,0.062069825162915385,0.06747323082412916,0.00019721203068572278,0.000853658180080666,0.6785930136525268,4.9128487723214285,0.24271694747335987,4.6599609375,0.00028418358249481245,0.000709587903897393,-0.028006662066027345,4.440726143973214,0.5582194870921364,4.95,0.00015271646412126083,0.0006030029075185216,0.20235218252688317,3.749686104910714,0.8560340409001592,4.3150146484375,6.770269715110411e-05,0.0004657667230151217,0.42877209134768257,2.904328264508929,0.8924304709329184,3.208046875,0.5100847114980553,1,0.7164360897154657,1.2544825097960122,5.178571428571429,0.09849911670307275,33.91740876577208,0,SHORT,-1.0
4268.2001953125,4270.5,4267.2001953125,4268.10009765625,1154,3.2998046875,4.742850167410714,4.43994140625,4.3699951171875,0.11112321779930055,0.17133621158916257,0.20895712658787124,0.32438458976361917,4265.118234867784,3.846671264471297,4262.050181874792,3.1165025881609836,4258.11095334597,1.9201723711257728,4248.977183358003,0.9112600498137908,0.14194848777677058,0.23459098223897512,15,10,4,0,False,1,1,3.2998046875,0.10009765625,0.03033441846700207,2.2998046875,0.89990234375,0.0717952895446705,0.05996391925949086,1.6101402116258026,7.30029296875,8.89990234375,68.52928927376388,3.2192651189825483,2.5677854033769467,0.6514797156056016,4270.753249570329,4250.956662539045,0.464615370282734,0.8659793271493553,87.43513050591814,85.73766391656012,936.8,1.2318531169940223,4267.89990234375,0.09849911670307275,4265.7998046875,-0.014065668244562258,4264.89990234375,0.0,4260.7998046875,0.03755656699960861,4252.0,4204.10009765625,47.89990234375,16.10009765625,64.0,4259.2001953125,5.178571428571429,5.05712890625,4.949986049107143,4.542864118303571,3.6143275669642856,0.004700523890584644,0.0853658180080666,0.09032678584228968,0.09146875948345586,0.07116585366660474,0.07420914476217944,0.00034264387621436577,0.0007179528954467051,0.8674003303771062,4.952845982142857,0.17295813356021492,4.43994140625,0.00020897414968980011,0.0006885034405991292,0.31703728957250066,4.553578404017857,0.4813717613248253,4.939990234375,0.0001621136672666501,0.0005996391925949086,0.16008789900272466,3.8436104910714284,0.8568372801648304,4.3449951171875,6.205848654518898e-05,0.0004642416493436783,0.4672094296447877,2.9456131417410716,0.9287820141149975,3.218037109375,0.8126219798191773,1,0.8305614535092709,1.2773972045440898,4.742850167410714,0.17133621158916257,34.92746599555542,0,SHORT,-1.0
4263.39990234375,4267.2998046875,4261.60009765625,4266.89990234375,1067,5.69970703125,4.699951171875,4.67998046875,4.6999755859375,0.11014908433388326,0.05392779240341744,-0.002345855548394657,0.2678863199095288,4264.242516404931,-0.7720910205462133,4262.830887190712,0.5378561938769053,4259.309349554423,0.94391996099057,4249.834934273752,0.7022990321847828,0.09545335624889263,0.17821088271321367,15,40,4,0,False,1,1,5.69970703125,3.5,0.6140666495331106,0.39990234375,1.7998046875,0.05935655000010005,0.06493727400117853,1.4653842565336432,2.2998046875,-0.10009765625,53.10557122494162,1.992114824984128,2.301973269355028,-0.3098584443708998,4270.890145446885,4255.359805724989,0.3642947324048677,0.743067880381952,69.99918619791667,41.87200426479462,1061.95,1.0047554027967418,4263.39990234375,-0.11012383039191202,4260.7001953125,-0.16869437418849084,4262.2001953125,-0.08438298888392623,4264.60009765625,-0.05624331717248652,4252.0,4204.10009765625,47.89990234375,14.89990234375,62.7998046875,4267.0,4.649972098214286,4.678536551339286,4.671421595982143,4.707101004464286,4.835693359375,0.08679181577686922,0.05530818396229927,0.03525066991371484,0.05106332506062307,0.05339988677730009,0.08795107002879013,0.00010797322855420344,0.0005935655000010006,0.3266198224620616,4.648542131696429,0.06173184863927441,4.67998046875,-2.2123180281052868e-06,0.0005448045236651098,0.08812609401042856,4.7878348214285715,0.2033837480572108,4.349951171875,0.0001339732729983334,0.0006493727400117853,0.24882071655062132,4.393934849330358,0.5288304447296265,4.67998046875,5.691550291730296e-05,0.0004891347689342001,0.40789563647859733,3.2073165457589283,1.0603376166587448,3.47001953125,0.25345799110307354,1,0.749271111019758,0.8665832932351483,4.699951171875,0.05392779240341744,29.191768480202093,0,SHORT,-1.0
4267.0,4273.89990234375,4265.60009765625,4273.2998046875,2862,8.2998046875,4.828508649553571,5.79990234375,4.8799560546875,0.11299250860557566,0.20870233907609226,0.196954267065773,0.4395173835856204,4266.053974061445,1.1623076523128475,4263.827926952311,1.3342415414836069,4259.857994853759,1.2559192701182837,4250.068415571402,0.7838672243397014,0.22214493402315533,0.315545960686477,15,45,4,0,False,1,1,8.2998046875,6.2998046875,0.7590304741734322,0.60009765625,1.39990234375,0.08432356455612942,0.0711262359378878,1.4806703128612957,8.89990234375,8.39990234375,59.299035285137066,2.5898671903587456,2.3595520535557712,0.23031513680297433,4272.004300206275,4256.115621668726,0.37261855328262344,1.0815363265210243,96.10323726180285,68.9783143303231,1160.15,2.46692238072663,4266.89990234375,0.05392779240341744,4263.39990234375,-0.11012383039191202,4260.7001953125,-0.16869437418849084,4264.39990234375,-0.011723604573350666,4252.0,4204.10009765625,47.89990234375,21.2998046875,69.19970703125,4264.89990234375,4.699951171875,4.649972098214286,4.678536551339286,4.542829241071429,4.949986049107143,0.0,0.05935655000010005,0.05530818396229927,0.03525066991371484,0.04901605397979711,0.09146875948345586,0.00041734095539203153,0.0008432356455612942,0.05328710574269765,4.705678013392857,0.07094623310101886,5.79990234375,0.00019699438776019652,0.0006904701243478409,0.4076544736463427,4.775687081473214,0.19612076907428955,4.779931640625,0.00021954143219936052,0.000711262359378878,0.20718625987481198,4.457856096540178,0.4978174609413743,4.8599609375,8.597237251199763e-05,0.0005299839443981113,0.5782221997104786,3.2610288783482146,1.0732602508504756,3.62001953125,1.0077210494109738,1,0.8221859763923081,1.9660147098654068,4.828508649553571,0.20870233907609226,29.96778537677103,0,SHORT,-1.0
4273.2998046875,4276.39990234375,4271.7998046875,4276.10009765625,2080,4.60009765625,4.792794363839286,5.65986328125,4.8599609375,0.11208330615240364,0.32612035349810387,0.24146217451253715,0.427445354046058,4268.063198780406,3.709826590600642,4264.996705114591,2.53097114170032,4260.4949400617,1.7517617435933062,4250.327437283689,0.9143750364728476,0.2603376581356661,0.3662756983423222,15,50,4,0,False,1,1,4.60009765625,2.80029296875,0.6087464175777518,0.2998046875,1.5,0.06625126229748923,0.0706807728304925,1.4460901823000303,13.89990234375,10.30029296875,66.66622914670481,3.2520627312178476,2.5380541890881867,0.7140085421296609,4274.033962101604,4255.905979304646,0.42504362097463616,1.113974929135141,98.32510433999836,88.14250926657256,1232.8,1.6872160934458145,4273.2998046875,0.20870233907609226,4266.89990234375,0.05392779240341744,4263.39990234375,-0.11012383039191202,4262.2001953125,-0.08438298888392623,4252.0,4204.10009765625,47.89990234375,24.10009765625,72.0,4265.7998046875,4.828508649553571,4.699951171875,4.649972098214286,4.671421595982143,5.05712890625,-0.014065668244562258,0.08432356455612942,0.05935655000010005,0.05530818396229927,0.05106332506062307,0.09032678584228968,0.0006515670134157325,0.0006625126229748924,-0.5662251753930108,4.729952566964285,0.07681627202411377,5.65986328125,0.00024142418009192034,0.0007056005012416358,0.18357196466365425,4.749253627232143,0.17005426843141563,4.849951171875,0.00021352716971522744,0.000706807728304925,0.2247236833590418,4.516064453125,0.46256840983508646,4.8399658203125,0.00010048755839177303,0.0005355217654291632,0.5018191963801976,3.314312220982143,1.0819908617519949,3.676015625,1.5630277921789877,1,0.9392777388607774,2.322715728796185,4.792794363839286,0.32612035349810387,31.036043641212316,1,SHORT,2.0
4276.10009765625,4277.0,4271.5,4272.2998046875,2095,5.5,4.871372767857143,6.03994140625,4.9599609375,0.11402225945174423,0.2722465520517392,0.10309291324601497,0.3877062069937188,4268.910519961825,5.287783147480695,4265.6922384072495,3.3946509734432766,4260.957875929378,2.137951846785654,4250.5460678051195,1.0206957761593003,0.15490021105502072,0.2661826070188038,15,55,4,0,False,1,1,5.5,3.80029296875,0.6909623579545454,0.89990234375,0.7998046875,0.08751520421482523,0.07326813054043496,1.4445212298246186,11.599609375,4.39990234375,65.09163142381135,3.430659083601313,2.716575167990812,0.7140839156105008,4274.332969196864,4257.256972209386,0.4003004622761647,0.8809343600344534,74.59353885135135,89.67396015105078,1307.4,1.6024170108612512,4276.10009765625,0.32612035349810387,4273.2998046875,0.20870233907609226,4266.89990234375,0.05392779240341744,4260.7001953125,-0.16869437418849084,4252.0,4204.10009765625,47.89990234375,20.2998046875,68.19970703125,4267.89990234375,4.792794363839286,4.828508649553571,4.699951171875,4.678536551339286,5.178571428571429,0.09849911670307275,0.06625126229748923,0.08432356455612942,0.05935655000010005,0.03525066991371484,0.0853658180080666,0.0005442074516175621,0.0008751520421482523,-1.2719423334878395,4.768519810267857,0.09154488498597738,6.03994140625,0.00010332026690934581,0.0007820502524099938,0.3809556699031533,4.718533761160714,0.0951188123415335,4.929931640625,0.00019375192470207913,0.0007326813054043496,0.14510948395744552,4.579629952566965,0.41496953717836654,4.9399658203125,8.929577741250139e-05,0.000550326452150375,0.412609675213467,3.3723095703125,1.0862557814839013,3.754013671875,1.3262144398078446,1,0.9718743983441833,1.3585085210539667,4.871372767857143,0.2722465520517392,32.10887661686523,0,SHORT,-1.0
4272.2998046875,4275.0,4267.5,4270.2998046875,2840,7.5,4.957101004464286,6.319921875,5.1599609375,0.11608320799918743,0.16184037392215697,0.05153831871136128,0.2606031382891035,4269.188376906961,5.610206986734738,4266.131054243464,3.728484437282532,4261.324226076756,2.324695003529996,4250.742622400964,1.0791953439966164,0.09771735539838725,0.2106288593536067,16,0,4,0,False,1,1,7.5,2.0,0.26666666666666666,2.7001953125,2.7998046875,0.09794926274942302,0.07323752918403047,1.4449089452195198,6.89990234375,2.19970703125,54.86691248487642,3.3719450111539118,2.847649136623432,0.5242958745304795,4274.517990776737,4258.181911567012,0.38290527961114534,0.7417871182501413,63.78272804054054,78.90045707729668,1418.7,2.00183266370621,4272.2998046875,0.2722465520517392,4276.10009765625,0.32612035349810387,4273.2998046875,0.20870233907609226,4263.39990234375,-0.11012383039191202,4252.0,4204.10009765625,47.89990234375,18.2998046875,66.19970703125,4268.10009765625,4.871372767857143,4.792794363839286,4.828508649553571,4.649972098214286,4.742850167410714,0.17133621158916257,0.08751520421482523,0.06625126229748923,0.08432356455612942,0.05530818396229927,0.0717952895446705,0.000323855083771396,0.0009794926274942302,-0.21899823694631854,4.829945591517857,0.09508619461960696,6.319921875,5.1816350979427826e-05,0.0008028609977889465,0.5429895738863724,4.739958844866071,0.12163743758405844,5.349951171875,0.00013039525033461396,0.0007323752918403047,0.3582365948296399,4.646768624441964,0.3548400894904409,5.144970703125,7.381886013408945e-05,0.0005549777177357284,0.46669157673520806,3.430735909598214,1.0914529826972492,3.856015625,0.8022590801323999,1,0.9696853387452417,0.841787172172837,4.957101004464286,0.16184037392215697,31.76346522164058,0,SHORT,-1.0
4272.7998046875,4279.2001953125,4272.7001953125,4275.7998046875,2705,6.60009765625,5.357107979910714,5.8,5.0799560546875,0.125289027190604,0.08192308967081045,0.3543926745095127,0.2837818988375936,4271.036160743592,2.1256407817663785,4268.037933357645,2.3456949503952274,4262.859943087129,1.9020671577509347,4251.560795024249,1.0147272191297816,0.1818604110612722,0.3035488327819653,16,20,4,0,False,1,1,6.5,3.0,0.46153846153846156,3.400390625,0.099609375,0.06587109940659501,0.0732248476091066,1.4598106567632063,3.5,15.099609375,59.746585079423944,3.4270193938309603,3.0524894267701717,0.37452996706078867,4276.981517981286,4258.5183843624645,0.4326198542571956,0.9359960601389357,83.5731471434637,74.52420642394729,1418.7,1.9066751251145415,4272.60009765625,-0.08185028226814349,4270.2998046875,-0.0702033589290697,4267.60009765625,0.016409930594232885,4272.2998046875,0.2722465520517392,4252.0,4204.10009765625,47.89990234375,23.7998046875,71.69970703125,4260.7001953125,5.121372767857143,5.114222935267857,5.114222935267857,4.871372767857143,4.678536551339286,-0.16869437418849084,0.07009408325020335,0.07314288006244084,0.10102293838326855,0.08751520421482523,0.03525066991371484,0.00016396607297843868,0.0006587109940659501,-0.5854315559951898,5.132805524553571,0.1431825783949908,5.77998046875,0.0003540867622980004,0.000757233550306791,-0.5406725037680251,4.950662667410715,0.22293174613688893,5.9099609375,0.00014195465937071327,0.0007322484760910659,0.2805635708029658,4.870680454799107,0.22745781856951142,5.074951171875,0.00010286513596792224,0.0005716912650745513,0.29899901724845135,3.6697279575892856,1.1210222209386589,4.086015625,0.4388708374144397,1,0.9665644765670737,1.4515270422253765,5.357107979910714,0.08192308967081045,29.40995951563219,0,SHORT,-1.0
4275.7001953125,4279.7998046875,4273.60009765625,4279.2998046875,1484,6.19970703125,5.499965122767857,5.53994140625,5.1699462890625,0.12852488429867084,0.21075803600769943,0.3729395015234023,0.4341907822012033,4272.688889532374,3.500512625412739,4269.110492531917,2.9794382884529114,4263.504643542045,2.1804174652897927,4251.83680507065,1.0941826696862336,0.23867529719382077,0.3704736470588722,16,25,4,0,False,1,1,6.19970703125,3.599609375,0.5806095928172009,0.5,2.10009765625,0.059862989785726045,0.07202710842811338,1.472767873403322,9.0,15.89990234375,68.60745410717597,3.904560418425717,3.222903625101281,0.6816567933244362,4278.6516160763085,4258.698286267442,0.4674361490885728,1.0324852351662852,97.6525606345422,85.81415062194783,1455.3,1.0197210197210198,4275.7998046875,0.08192308967081045,4272.60009765625,-0.08185028226814349,4270.2998046875,-0.0702033589290697,4270.2998046875,0.16184037392215697,4252.0,4204.10009765625,47.89990234375,27.2998046875,75.19970703125,4263.39990234375,5.357107979910714,5.121372767857143,5.114222935267857,4.957101004464286,4.649972098214286,-0.11012383039191202,0.06587109940659501,0.07009408325020335,0.07314288006244084,0.09794926274942302,0.05530818396229927,0.00042130452253645866,0.0005986298978572605,-2.0595564024229693,5.241378348214285,0.17818445850869588,5.519921875,0.00037257980315392737,0.0007670140684270983,-0.5865674631134842,5.035661969866071,0.25524642250178686,5.919921875,0.00021689527517742,0.0007202710842811339,0.08212350569837101,4.918535505022321,0.25399312584663497,5.16494140625,0.00011594432617259231,0.0005805445939124075,0.25491592572433086,3.734441266741072,1.131578263444446,4.18201171875,1.159161847385399,1,1.019251734281963,1.857035689984971,5.499965122767857,0.21075803600769943,29.93801314154,1,SHORT,2.0
4279.60009765625,4284.60009765625,4253.7001953125,4283.10009765625,2544,30.89990234375,7.514229910714286,10.47998046875,6.399951171875,0.17543904506985813,0.3632017912951249,0.37967132305122636,0.37731656096203425,4274.771131157149,5.900410100330191,4270.442835877091,4.1718727371708155,4264.273092722995,2.7027540352783035,4252.147882608816,1.237524135660351,0.29639225404967434,0.4415056100741624,16,30,4,0,False,1,1,30.89990234375,3.5,0.11326896638907763,1.5,25.89990234375,0.014068426610595933,0.06789340302443138,1.9570436512442262,15.5,16.2001953125,71.69415869850909,4.537363105647273,3.4857955212104796,1.0515675844367935,4281.313045119403,4257.646866989971,0.5543105570941896,1.0755108208462572,95.14561572618238,92.12377450139603,1539.95,1.6520016883665054,4279.2998046875,0.21075803600769943,4275.7998046875,0.08192308967081045,4272.60009765625,-0.08185028226814349,4267.60009765625,0.016409930594232885,4252.0,4204.10009765625,47.89990234375,31.10009765625,79.0,4266.89990234375,5.499965122767857,5.357107979910714,5.121372767857143,5.114222935267857,4.699951171875,0.05392779240341744,0.059862989785726045,0.06587109940659501,0.07009408325020335,0.10102293838326855,0.05935655000010005,0.0007253584634354215,0.00014068426610595934,-0.3253673413245164,5.7213797433035705,1.015465143997456,10.4599609375,0.0003792921182359965,0.0007716534221723,-0.594512340762677,5.31708984375,0.8044969056859581,8.43994140625,0.0001885399001039456,0.0006789340302443139,-0.0609402214426545,5.052462332589286,0.6323630026534074,6.3949462890625,0.00013605600738783696,0.0005896385756126229,0.18572473770985598,3.8395821707589284,1.2313488847432135,4.7680078125,2.729181763774835,1,0.8210745781545545,1.6894315283787245,7.514229910714286,0.3632017912951249,29.055593446654257,1,SHORT,2.0
4283.2001953125,4290.5,4254.5,4288.5,2785,36.0,9.707066127232142,16.9,7.999951171875,0.22635108143248553,0.42620415766878195,0.3557015891051334,0.5533564256286697,4277.516904925719,8.360367142763607,4272.162565793558,5.507903458630608,4265.223167518172,3.310496830464217,4252.509595219673,1.406306933439737,0.38241602361419014,0.5457353945531586,16,35,4,0,False,1,1,36.0,5.2998046875,0.147216796875,2.0,28.7001953125,0.026376742847964575,0.0699274009018325,2.4344995832010334,18.2001953125,15.2001953125,78.40163675096497,5.41220228567181,3.871076874102746,1.5411254115690642,4285.009297500799,4256.3106243742,0.6719962111031392,1.1216328881757773,94.56518854655945,95.78778830242794,1639.6,1.6985850207367652,4283.10009765625,0.3632017912951249,4279.2998046875,0.21075803600769943,4275.7998046875,0.08192308967081045,4270.2998046875,-0.0702033589290697,4252.0,4204.10009765625,47.89990234375,36.5,84.39990234375,4273.2998046875,7.514229910714286,5.499965122767857,5.357107979910714,5.114222935267857,4.828508649553571,0.20870233907609226,0.014068426610595933,0.059862989785726045,0.06587109940659501,0.07314288006244084,0.08432356455612942,0.0008509866237333518,0.00026376742847964574,0.8466615836233987,6.639948381696428,1.9635995441401939,16.87998046875,0.0003553772301748026,0.0007359447516003866,-0.8151074803911623,5.804945591517857,1.5803686391766385,11.2099609375,0.00027618580896749957,0.000699274009018325,-0.211115594752673,5.290316336495536,1.2165767531179852,7.9949462890625,0.00017490437887346166,0.0005985833194005012,0.16962871483153671,3.9872942243303573,1.4661244532504674,5.4280078125,4.137191942192141,1,0.7148811169544415,1.6894817607852013,9.707066127232142,0.42620415766878195,27.290184440277653,1,SHORT,2.0
4288.60009765625,4289.5,4255.5,4285.2998046875,2311,34.0,11.878522600446429,22.73994140625,9.5049560546875,0.27719233523528597,0.29723603288350037,0.21514246208343912,0.4571241242632227,4279.073484878076,9.22823512046125,4273.413731402505,6.192837132212844,4266.010486622852,3.6787011520646047,4252.835865960647,1.5186790737170668,0.27814000778001813,0.4521629312711347,16,40,4,0,False,1,1,34.0,3.30029296875,0.09706744025735294,0.89990234375,29.7998046875,0.07748631233940771,0.07357761273744234,2.8419410455421845,12.69970703125,9.19970703125,75.62459309895834,5.78065384297588,4.252992267877373,1.5276615750985076,4287.192885574725,4256.077036300276,0.728429502028888,0.9391602372627778,85.86895947774859,91.8599212501634,1715.55,1.3470898545655912,4288.5,0.42620415766878195,4283.10009765625,0.3632017912951249,4279.2998046875,0.21075803600769943,4272.60009765625,-0.08185028226814349,4252.0,4204.10009765625,47.89990234375,33.2998046875,81.19970703125,4276.10009765625,9.707066127232142,7.514229910714286,5.499965122767857,5.121372767857143,4.792794363839286,0.32612035349810387,0.026376742847964575,0.014068426610595933,0.059862989785726045,0.07009408325020335,0.06625126229748923,0.0005940066901658492,0.0007748631233940771,-1.8543430495589313,7.991378348214285,2.8030191694574276,22.719921875,0.00021522452018670756,0.0008028894323767197,-0.33173362366635295,6.513518415178571,2.43404597858124,14.149951171875,0.00022832435013931396,0.0007357761273744235,-0.12094394095603184,5.6313860212053575,1.9076664682895688,9.499951171875,0.00015668802566803474,0.00061259872574937,0.17893220097382584,4.1797216796875,1.8224965725872133,6.05,3.530724934273697,1,0.6232462595453041,1.0034188266566886,11.878522600446429,0.29723603288350037,25.65087607721366,1,SHORT,2.0
4285.2001953125,4286.39990234375,4250.0,4280.39990234375,2172,36.39990234375,14.042794363839286,28.69990234375,11.08994140625,0.328072018601582,0.10758449568211723,0.1895957218957972,0.29288409489490436,4279.338768371211,8.302607627619182,4274.079081015957,6.041147658312184,4266.574777435437,3.714834348307704,4253.110134979385,1.5493399551360199,0.14788732749162387,0.3240333435951934,16,45,4,0,False,1,1,36.39990234375,4.80029296875,0.13187653426697252,1.19970703125,30.39990234375,0.10816827008233916,0.07935324030770412,3.1784345620685786,4.60009765625,8.10009765625,66.93220503842039,5.612574917796337,4.5249087978611655,1.0876661199351716,4288.186065793763,4256.333856081237,0.7455587909855654,0.7555534287798171,75.06148726851852,85.16521176427545,1801.7,1.205528112338347,4285.2998046875,0.29723603288350037,4288.5,0.42620415766878195,4283.10009765625,0.3632017912951249,4275.7998046875,0.08192308967081045,4252.0,4204.10009765625,47.89990234375,28.39990234375,76.2998046875,4272.2998046875,11.878522600446429,9.707066127232142,7.514229910714286,5.357107979910714,4.871372767857143,0.2722465520517392,0.07748631233940771,0.026376742847964575,0.014068426610595933,0.06587109940659501,0.08751520421482523,0.00021554448556708737,0.0010816827008233915,-0.5709023537926938,9.728515625,3.3918907590837812,28.69990234375,0.00018975527927276304,0.0008447485745257,-0.43957397948392585,7.430660574776786,3.3150008380687415,17.23994140625,0.0001465377730910544,0.0007935324030770412,-0.05581472422818619,6.07459716796875,2.673088717780822,11.0849365234375,0.0001309968759637803,0.0006396048356483247,0.10426169039564856,4.4181480189732145,2.2720783948749195,6.733994140625,1.5107869496013278,1,0.5343881983947605,0.45077702183197016,14.042794363839286,0.10758449568211723,24.8704201249462,1,SHORT,2.0
4226.7998046875,4234.39990234375,4204.39990234375,4231.0,2660,30.0,19.164271763392858,20.33994140625,18.1899658203125,0.4529489899171084,0.2796692297419187,0.37482928343641003,0.59917724292092,4221.38308849686,6.507189000830294,4217.078242513415,4.304589695068898,4214.736625330027,1.894632793877463,4219.633842111982,0.17709137228030158,0.3301280338182131,0.3858692989790209,10,5,1,0,True,0,0,30.0,4.2001953125,0.14000651041666667,3.39990234375,22.39990234375,0.07166656038469894,0.05044867077409634,2.3163159566287357,11.7998046875,15.7998046875,87.36807839912281,3.8556663902445507,2.1840470562848258,1.671619333959725,4227.76302386176,4202.327015200739,0.603457579768627,1.127259594120209,93.57295156868717,97.42654497745418,710.95,3.741472677403474,4226.7998046875,0.2632921901643248,4220.2998046875,0.14237240533590642,4219.10009765625,0.12102747167180826,4219.2001953125,0.09489466252274772,4227.60009765625,4185.2998046875,42.30029296875,3.39990234375,45.7001953125,4215.2001953125,19.171421595982142,18.728585379464285,20.778564453125,18.571428571428573,14.885707310267858,0.11639053873418213,0.06952811549606389,0.04035407249343297,0.041469039841503005,0.04348361110438525,0.04945297630821015,0.0005589190952806744,0.0007166656038469895,0.37774754159190127,19.292857142857144,0.8671515466260531,20.33994140625,0.00037435601666259145,0.0005917397536746533,0.7723660650875485,18.353571428571428,1.5900529257708054,17.169970703125,0.0002988600928386986,0.0005044867077409633,0.8950527941438247,13.32430419921875,6.260563185388529,18.1899658203125,6.83064967258673e-05,0.0004939404330316522,0.4780950573199331,8.273600027901786,5.877762814004783,9.744033203125,5.359657122632883,1,0.12218659870294302,0.7288415277813688,19.164271763392858,0.2796692297419187,62.79557267447058,0,SHORT,-0.32177509078312677
4231.2998046875,4233.7998046875,4230.7001953125,4232.2998046875,967,3.099609375,17.028529575892858,20.4798828125,18.2399658203125,0.40234695937733056,0.34139981216122367,0.39852460413948526,0.5989804484397365,4223.566431734988,8.08573166941369,4218.527915101423,5.2660480425620335,4215.425377461693,2.385035521323516,4219.759871590345,0.3186118794592403,0.32646197591289416,0.400301884503247,10,10,1,0,True,0,0,3.099609375,1.0,0.32262129804662887,1.5,0.599609375,0.05679315178104231,0.05044847934129567,2.0054055035389773,14.39990234375,16.7998046875,86.04602748022256,4.567540669563641,2.660745778940589,1.9067948906230523,4230.603741136751,4202.006268628875,0.6782591030477573,1.0593081626455725,95.8496173850949,96.04308410581915,738.55,1.3093223207636586,4231.0,0.2796692297419187,4226.7998046875,0.2632921901643248,4220.2998046875,0.14237240533590642,4217.89990234375,0.056930431591744754,4227.60009765625,4185.2998046875,42.30029296875,4.69970703125,47.0,4215.5,19.164271763392858,19.171421595982142,18.728585379464285,18.621442522321427,14.792864118303571,0.13777239276939676,0.07166656038469894,0.06952811549606389,0.04035407249343297,0.0490268861986936,0.04621915710874119,0.0006819979974589163,0.000567931517810423,1.1008953698230615,18.974274553571426,1.3394695429655294,20.4798828125,0.00039796453106198947,0.0005829416936881776,0.675240423405665,18.57713797433036,1.1220860592317492,17.309912109375,0.00029876225142047574,0.0005044847934129567,0.8957092273181956,14.016441127232145,5.831173674816102,18.2399658203125,8.251498763998554e-05,0.000490304546576763,0.41959214743433176,8.491314871651786,5.9976102901162625,9.770029296875,5.813536798591663,1,0.1821964501340374,0.8113941669103814,17.028529575892858,0.34139981216122367,63.05565900816882,0,SHORT,-0.34746089029620647
4232.5,4240.5,4232.2001953125,4238.0,2490,8.2998046875,15.407087053571429,15.83984375,18.569970703125,0.3635461787062631,0.4479605106844722,0.5695301376364499,0.7224998012687467,4226.453145387991,10.248565804280588,4220.382399377478,6.564510356960454,4216.310656776921,3.0326773574970503,4219.941365405366,0.5035003417897315,0.4174408609305402,0.5144152077176177,10,15,1,0,True,0,0,8.2998046875,5.5,0.6626661960230615,2.5,0.2998046875,0.058063174696203916,0.05537563463842754,1.7838705717405492,18.89990234375,24.0,88.85346851820175,5.52794161795191,3.2341849467428534,2.293756671209057,4234.494199632674,4201.155800367325,0.7904168443534032,1.1051580293169492,95.54367977161358,94.9887495751318,845.5,2.945002956830278,4232.2998046875,0.34139981216122367,4231.0,0.2796692297419187,4226.7998046875,0.2632921901643248,4219.10009765625,0.12102747167180826,4227.60009765625,4185.2998046875,42.30029296875,10.39990234375,52.7001953125,4214.0,17.028529575892858,19.164271763392858,19.171421595982142,20.778564453125,16.75,0.007114998068289613,0.05679315178104231,0.07166656038469894,0.06952811549606389,0.041469039841503005,0.03378859754863892,0.0008944547109686063,0.0005806317469620392,-0.14223322133313696,17.899979073660713,1.648903071277336,15.83984375,0.000568230663285918,0.0005869532161307581,0.4207280011140666,18.4428466796875,1.4087875900021214,15.0298828125,0.00036016149828505537,0.0005537563463842754,0.7045553426930478,14.632864815848214,5.235241898185695,18.569970703125,0.00011182415614456209,0.0005208826125293445,0.47915096780627986,8.636886160714285,6.076438046044632,9.34001953125,6.901766584677977,1,0.2642772502290023,1.148247142676812,15.407087053571429,0.4479605106844722,62.412234700150584,1,SHORT,2.0
4237.7001953125,4242.2998046875,4237.0,4237.7998046875,1429,5.2998046875,13.628487723214286,16.5998046875,18.7699462890625,0.3215934765993333,0.4146624839439771,0.5576252542323001,0.7273152679801856,4228.722477247893,11.698852643424289,4222.041199883194,7.605985561059242,4217.153368459689,3.6000233434770053,4220.119061318621,0.6726197413736372,0.3732461162326366,0.48958229459300473,10,20,1,0,True,0,0,5.2998046875,0.099609375,0.018794914317302378,4.5,0.7001953125,0.06784360668677324,0.055178776145869704,1.557994420093278,17.5,23.5,87.37147332811172,6.201426021328189,3.8276331616599206,2.373792859668268,4237.472346786204,4201.237614151296,0.8587742155527914,1.00903712757026,92.2279661660159,94.54042110757473,902.6,1.5832040771105693,4238.0,0.4479605106844722,4232.2998046875,0.34139981216122367,4231.0,0.2796692297419187,4220.2998046875,0.14237240533590642,4227.60009765625,4185.2998046875,42.30029296875,10.19970703125,52.5,4214.2998046875,15.407087053571429,17.028529575892858,19.164271763392858,18.728585379464285,18.535714285714285,0.016605919285961696,0.058063174696203916,0.05679315178104231,0.07166656038469894,0.04035407249343297,0.03378810283307768,0.0008281367988641319,0.0006784360668677324,-0.4097074685459697,16.879959542410713,2.4099987593427894,16.5998046875,0.0005563923556396233,0.0005991598635000033,0.3984068325924936,17.9521240234375,2.071593127674374,12.599853515625,0.00036255173335925095,0.0005517877614586971,0.7069794650283904,15.177143205915177,4.439420311627182,18.7699462890625,0.00010755652221943634,0.0005213024445337301,0.5029496376235146,8.7474560546875,6.116635753135017,9.40201171875,5.651222571708033,1,0.35864811435971317,1.1606146995875053,13.628487723214286,0.4146624839439771,61.58282351937808,1,SHORT,2.0
4237.60009765625,4237.60009765625,4235.2001953125,4236.2001953125,703,2.599609375,13.642752511160714,9.859765625,17.38994140625,0.3220516472818467,0.22239971277028575,0.4862774640092826,0.6988778166301164,4230.218020860814,11.239160239739249,4223.3896756383665,7.776881281434726,4217.900302846074,3.8274887270663385,4220.279072602142,0.7594632327536601,0.3033231754111628,0.4338626129706793,10,25,1,0,True,0,0,2.39990234375,1.39990234375,0.5833163784333673,0.0,1.0,0.07162587226991551,0.05674993065927956,1.5404802522454941,9.400390625,20.5,84.76798706548101,6.530809053645498,4.368268340057036,2.162540713588462,4239.417838160653,4202.232161839346,0.8810049296359659,0.9134709069064384,89.46525101409188,92.41229898390704,925.65,0.7594663209636472,4237.7998046875,0.4146624839439771,4238.0,0.4479605106844722,4232.2998046875,0.34139981216122367,4226.7998046875,0.2632921901643248,4227.60009765625,4185.2998046875,42.30029296875,8.60009765625,50.900390625,4215.7001953125,13.628487723214286,15.407087053571429,17.028529575892858,19.171421595982142,18.421421595982142,-0.004736996510258146,0.06784360668677324,0.058063174696203916,0.05679315178104231,0.06952811549606389,0.026184651770812743,0.00044460936429926436,0.0007162587226991551,0.25267360963906654,15.774225725446428,2.3636756720444803,9.81982421875,0.0004854166354450018,0.0006668684780314535,0.3136168626304389,17.474257114955357,2.465097644598647,12.499853515625,0.00034843701932144586,0.0005674993065927956,0.6338118185452107,15.621779087611605,3.728526918959391,17.3799560546875,0.0001123443400171853,0.0005155813717612005,0.5321256704792514,8.856168387276785,6.155020311699964,9.400009765625,3.0341442398782372,1,0.4023654895008895,0.941846371447703,13.642752511160714,0.22239971277028575,60.89066200378572,1,SHORT,2.0
4236.0,4238.10009765625,4233.5,4234.39990234375,847,4.60009765625,13.849888392857142,4.77978515625,16.11494140625,0.3270803115499601,0.08035694501890807,0.3602509084100053,0.572408112824136,4231.054397157402,9.6713086605414,4224.4382686579265,7.360026144511721,4218.54734596363,3.810720633602614,4220.4195783707155,0.7857362587337775,0.2358096639671861,0.37578235065415044,10,30,1,0,True,0,0,4.60009765625,1.60009765625,0.3478399320666596,2.10009765625,0.89990234375,0.07253015133031435,0.05805807904967286,1.5441913480736338,3.39990234375,15.19970703125,79.80992868474962,6.570834394236954,4.80878155089302,1.762052843343934,4240.872857770785,4203.187151994839,0.8925968250429855,0.8282384449552554,86.35593148871217,89.3497162229399,950.65,0.8909693367695787,4236.2001953125,0.22239971277028575,4237.7998046875,0.4146624839439771,4238.0,0.4479605106844722,4231.0,0.2796692297419187,4227.60009765625,4185.2998046875,42.30029296875,6.7998046875,49.10009765625,4219.2001953125,13.642752511160714,13.628487723214286,15.407087053571429,19.164271763392858,18.571428571428573,0.09489466252274772,0.07162587226991551,0.06784360668677324,0.058063174696203916,0.07166656038469894,0.04348361110438525,0.000160872561198655,0.0007253015133031434,1.425184114114227,14.711349051339287,1.49247936659564,4.73984375,0.00035989582823966473,0.0007113984740546632,0.6207223891928539,17.002103097098214,2.674848424359559,12.539892578125,0.0002855887892233455,0.0005805807904967287,0.7822136878400647,15.978914969308036,3.122539291760059,16.1049560546875,9.672311318707382e-05,0.0005198604454287912,0.5873605353952591,8.9690234375,6.194481843259825,9.436015625,1.1129347201028343,1,0.4253408061638303,0.7209534039200866,13.849888392857142,0.08035694501890807,60.32382273834232,1,SHORT,2.0
4233.60009765625,4237.2998046875,4233.5,4237.2001953125,240,3.89990234375,3.785609654017857,3.519921875,7.9448974609375,0.08934224203533679,0.12524617999151025,0.023606060948359667,0.5099983159121745,4233.439443368377,1.6182536989545042,4229.786864526626,2.7197063082658133,4223.003817849492,2.4031457016399145,4221.520664223125,0.6295265272765391,0.1752648779551077,0.3361677629322368,11,15,1,0,True,0,0,3.7998046875,3.60009765625,0.9474428167566178,0.099609375,0.10009765625,0.04933961102113816,0.05964323899105627,0.4001702127157541,5.30029296875,1.0,63.478685461956516,4.748148219156064,5.0810684482829,-0.3329202291268354,4243.414655213483,4217.755364317767,0.6065187399965989,0.7578085876870344,59.52565493721904,72.04052856906746,916.75,0.2617943823288792,4233.39990234375,0.03071299490812696,4232.10009765625,-0.023623348773483346,4234.0,0.030708640525484592,4231.89990234375,-0.10151297791611504,4227.60009765625,4185.2998046875,42.30029296875,9.60009765625,51.900390625,4236.2001953125,5.64990234375,7.978445870535714,7.864153180803571,9.792759486607142,13.642752511160714,0.22239971277028575,0.034092382579788104,0.03294466992375435,0.02418601221641826,0.02249879159509782,0.07162587226991551,0.00025046431760944454,0.0004933961102113816,-0.24610240536122255,7.024169921875,2.341870385804061,3.43994140625,2.3688061816140583e-05,0.0004333989485578163,0.7935896780640155,9.047021484375,2.8955627072704466,3.32998046875,0.0002545523486305712,0.0005964323899105628,0.7541179448624217,13.260639299665177,5.053609496758821,7.9149169921875,0.0001641193480697889,0.0004941301726181749,0.6319703290534515,9.459998604910714,6.087105510687488,9.427998046875,0.4741331481047194,1,1.7917977015761881,1.9617246440467282,3.785609654017857,0.12524617999151025,54.16264064201492,1,SHORT,2.0
4237.2998046875,4237.2998046875,4234.39990234375,4234.7001953125,367,2.89990234375,3.7713448660714284,3.47998046875,7.8799072265625,0.08905813144094658,0.059070929649522486,0.007091747961353087,0.3673682044578114,4233.691593757202,1.7946029591630577,4230.254800791948,2.6987818979550866,4223.46249931863,2.4069439094191694,4221.651803835955,0.6481382036226933,0.10508573903680939,0.26607779743949717,11,20,1,0,True,0,0,2.89990234375,2.599609375,0.8964472133355784,0.0,0.30029296875,0.06246120831524298,0.06087057343271937,0.399864064264026,2.5,0.30029296875,54.959444735886365,4.566078011552236,4.978070360936767,-0.41199234938453166,4243.122191025589,4219.597828505662,0.5559527543304055,0.6419883554355699,39.68376995814602,58.57559081733992,899.65,0.40793641971877953,4237.2001953125,0.12524617999151025,4233.39990234375,0.03071299490812696,4232.10009765625,-0.023623348773483346,4232.2001953125,-0.051948495229098626,4227.60009765625,4185.2998046875,42.30029296875,7.10009765625,49.400390625,4234.39990234375,3.785609654017857,5.64990234375,7.978445870535714,9.842738560267858,13.849888392857142,0.08035694501890807,0.04933961102113816,0.034092382579788104,0.03294466992375435,0.021163311002621393,0.07253015133031435,0.0001182699937575693,0.0006246120831524298,-0.04861182647543579,5.809891183035715,2.073740883763586,3.4,7.184662855475033e-06,0.0004549865465818083,0.614340827312695,8.039167131696427,2.790182785804692,3.1599609375,0.00018354024554756987,0.0006087057343271937,0.8944748030186169,12.52063511439732,5.312004836331441,7.8499267578125,0.00015136870566892613,0.000505299604511226,0.5994468342423102,9.4315673828125,6.110716759635869,9.369990234375,0.22277684726779315,1,1.8010290001384286,1.179967930345479,3.7713448660714284,0.059070929649522486,52.93480261722484,1,SHORT,2.0
4233.7001953125,4235.10009765625,4233.0,4234.5,301,2.10009765625,3.092808314732143,2.92001953125,6.3899169921875,0.07303833545240625,0.056707126210910584,0.033070381315223024,0.36500443192387855,4233.8386356296105,1.5645419876154847,4230.94736235109,2.4033103730998846,4224.277305049729,2.3009119322914557,4221.897352109475,0.6552441922503931,0.08396789996781083,0.24199867130055022,11,30,1,0,True,0,0,2.10009765625,0.7998046875,0.3808416647291328,0.60009765625,0.7001953125,0.056932701967277816,0.06063386038217209,0.3281247988002984,2.39990234375,1.39990234375,41.87232404868427,4.085324241869785,4.6884120006463395,-0.6030877587765548,4240.758135736975,4225.071893559899,0.37057777259389124,0.6010430244331633,57.141196302970414,42.59251058494604,898.65,0.33494686474155677,4233.60009765625,-0.009445024651629665,4234.7001953125,0.059070929649522486,4237.2001953125,0.12524617999151025,4232.10009765625,-0.023623348773483346,4227.60009765625,4185.2998046875,42.30029296875,6.89990234375,49.2001953125,4233.10009765625,3.3213588169642856,3.7713448660714284,3.785609654017857,7.978445870535714,9.942696707589286,-0.1156182714428976,0.06155040170474165,0.06246120831524298,0.04933961102113816,0.03294466992375435,0.02386530295708135,0.00011351816818327976,0.0005693270196727782,0.20367429349376473,3.9242047991071423,1.0093624449825487,2.9,3.315520961509888e-05,0.0004466238266732673,0.520316734140332,6.500613839285714,2.8852017084539154,2.97001953125,0.0001823610895167138,0.0006063386038217209,0.9195440942303152,10.871343122209822,5.379417818735649,6.3599365234375,0.0001437607700507404,0.0005086868968029086,0.6230951752605863,9.425707310267859,6.11676424141081,9.3119921875,0.17538427144966928,1,2.1566345607613284,1.1496414786523521,3.092808314732143,0.056707126210910584,50.959223961541,1,SHORT,2.0
4242.2998046875,4246.7001953125,4239.5,4246.10009765625,3381,7.2001953125,16.642787388392858,7.1599609375,15.0899658203125,0.39195466441262883,0.26447367283229994,0.5232030695134943,0.6041794865654402,4236.4843506152565,4.674036943363717,4233.419054815358,2.8929562514640565,4231.277869252663,1.3673105637508343,4226.5669917628475,0.5476071006760321,0.299546127531775,0.35030146593055805,17,0,1,0,False,1,0,7.2001953125,3.80029296875,0.5278041502780415,0.60009765625,2.7998046875,0.1219007809240368,0.10885255550396812,2.130146124072568,11.2001953125,22.10009765625,58.61405476485148,2.5616312682141142,1.097534589732148,1.4640966784819662,4244.441478556117,4220.088550740758,0.5754112214398086,1.0681075849568835,98.74979654947917,90.22672733459507,1831.85,1.8456751371564266,4242.0,0.20314871863366138,4231.89990234375,-0.08735941135112085,4231.2001953125,-0.07556459250527932,4234.89990234375,0.2580469304865057,4227.60009765625,4185.2998046875,42.30029296875,18.5,60.80029296875,4224.0,16.557059151785715,15.849923270089286,16.271379743303573,18.642822265625,10.585763113839286,-0.2503211026258867,0.11945708569114737,0.04887446651099194,0.05116000892411174,0.08237741386001395,0.09665882814344666,0.0005289824890222006,0.0012190078092403681,0.8659687450037475,16.671358816964286,0.8230880674663714,7.09990234375,0.0005224078592026449,0.0009808594722789702,0.6758591738329216,15.656392996651785,2.444091416739689,17.28984375,0.0003017887235389094,0.0010885255550396812,0.29617616624826626,11.758562360491073,4.5103030356285005,15.074951171875,5.5987417730947175e-05,0.0008167193736331594,0.7534144539722203,7.812979213169642,4.469251379059872,9.449970703125,4.4015791067753405,1,0.12865546574181463,0.7642366700257684,16.642787388392858,0.26447367283229994,54.670068831594754,1,SHORT,2.0
4252.0,4257.5,4230.0,4255.0,2163,27.5,10.25,13.3798828125,9.4299560546875,0.2408930669800235,0.12236330066099162,0.3656091520226442,0.20016484163428708,4248.519972808514,4.761878986758347,4245.9241715899825,2.9263249975083454,4244.239533657607,1.3288954372337685,4243.701221996132,0.33062705840347917,0.21375389769664313,0.253531080351619,15,10,3,0,False,1,1,27.5,3.0,0.10909090909090909,2.5,22.0,0.07469783526440452,0.0735613270024447,2.2996172260335124,5.2001953125,15.5,65.82239363148656,2.193645903628749,0.9641577801832664,1.2294881234454824,4254.889100388383,4234.920860549118,0.47040487198514697,1.0055538000599917,93.76560121765601,91.41644684484147,1009.45,2.142751003021447,4251.60009765625,0.10595464897291476,4246.2998046875,0.05890947064087751,4248.60009765625,0.26194920722713866,4249.7998046875,0.2429485714706923,4277.7001953125,4224.0,53.7001953125,-22.7001953125,31.0,4239.5,8.835693359375,6.935721261160714,6.735700334821429,8.507114955357142,5.599958147321429,-0.20009416195856874,0.0719621347125483,0.056422724743178485,0.06873033507538674,0.08518316514328804,0.0806950809513465,0.00024483000449704306,0.0007469783526440452,0.5784691192152597,7.901416015625,1.5816146380069376,13.3798828125,0.00036527291917843875,0.000765901084690907,-0.1626597743743601,7.431410435267857,1.484824065411571,12.149951171875,0.00010024439618441238,0.000735613270024447,0.010723662334270297,6.084238978794643,1.789524015318538,9.424951171875,2.460354783686558e-05,0.0005450403994696103,0.21897493436121745,4.457263532366071,1.9064070135466382,5.481982421875,1.2542238317751642,1,0.1643549202317223,0.887339350926065,10.25,0.12236330066099162,50.6242380576644,0,SHORT,-1.0
4252.2001953125,4260.0,4251.2001953125,4258.60009765625,1556,8.7998046875,10.678536551339286,15.219921875,8.6549560546875,0.2507522731992678,0.23537164642811456,0.4979374078171091,0.2778631796046793,4251.1248333787,5.543618176526252,4247.672193803675,3.614981938861092,4245.102633376961,1.7356737851250728,4243.933194952131,0.4541224476388379,0.257268060103975,0.31795377980181844,15,20,3,0,False,1,1,8.7998046875,6.39990234375,0.7272777716124736,1.39990234375,1.0,0.10100819680926272,0.08190008578009493,2.2856566543943813,10.0,21.10009765625,71.71473313323764,3.057069228414548,1.6135775020538559,1.4434917263606921,4257.886122634256,4233.723887131369,0.5690849079291049,1.0295492121127896,96.71385179666457,92.42100488605196,1099.85,1.4147383734145567,4252.2001953125,0.07295892271306988,4255.0,0.12236330066099162,4251.60009765625,0.10595464897291476,4248.60009765625,0.26194920722713866,4277.7001953125,4224.0,53.7001953125,-19.10009765625,34.60009765625,4237.5,10.271414620535714,10.25,8.835693359375,6.735700334821429,5.957135881696429,-0.03302513331291389,0.08412289788403653,0.07469783526440452,0.0719621347125483,0.06873033507538674,0.06801808366460844,0.00047070869102550095,0.0010100819680926272,-0.34871920855946636,9.394273158482143,1.5417090239215954,15.219921875,0.0004971239308367958,0.0008149699082267812,-0.18332240615935594,8.3714111328125,1.6350949004823467,12.469921875,0.0001390671038689173,0.0008190008578009494,0.0993996987061551,6.7510288783482135,2.0346153429277876,8.649951171875,4.860020803318488e-05,0.0005827320572521271,0.3967308292090312,4.6719775390625,2.2470586395021552,5.633974609375,2.513424729531528,1,0.2406285181831995,1.0259849564734724,10.678536551339286,0.23537164642811456,51.52642941545558,0,SHORT,-1.0
4258.7001953125,4259.7001953125,4255.7001953125,4259.2998046875,1210,4.0,10.449951171875,15.019921875,8.719970703125,0.24534434416601725,0.3061488966381806,0.3652387179734406,0.3321306116627579,4252.759827640461,7.034894541221547,4248.779585316421,4.5087931827793,4245.659385193061,2.1774120680611304,4244.086096541538,0.5789570501492562,0.247605674990453,0.32127917613953,15,25,3,0,False,1,1,4.0,0.599609375,0.14990234375,0.400390625,3.0,0.08733446268523479,0.08099549549731581,2.1859318442704216,13.0,15.5,76.86928149314349,3.587446241489488,2.0083512499409824,1.5790949915485055,4260.005267622876,4233.014703080248,0.6355940439497966,0.9738626091254258,98.35635279958737,93.95125541336243,1146.75,1.0551558752997603,4258.60009765625,0.23537164642811456,4252.2001953125,0.07295892271306988,4255.0,0.12236330066099162,4246.2998046875,0.05890947064087751,4277.7001953125,4224.0,53.7001953125,-18.400390625,35.2998046875,4243.7998046875,10.678536551339286,10.271414620535714,10.25,6.935721261160714,6.371407645089286,0.11086567721881382,0.10100819680926272,0.08412289788403653,0.07469783526440452,0.056422724743178485,0.09790058813834233,0.0006118543336552263,0.0008733446268523479,-0.725809291703565,10.097119140625,0.7258586502948732,15.019921875,0.00036488642059234744,0.000740440139137358,0.08905708495582142,8.779265485491072,1.5888039182333626,12.09990234375,0.00016611544227698727,0.0008099549549731582,0.006506297278855467,7.03924560546875,2.1325578047294185,8.7149658203125,6.177076637743584e-05,0.0005776326184306181,0.35387869032849895,4.780547572544643,2.3908321067972738,5.645966796875,3.199241021192394,1,0.298585139015512,1.0092169674101212,10.449951171875,0.3061488966381806,51.66252036683801,0,SHORT,-1.0
4259.39990234375,4264.60009765625,4258.2998046875,4263.7001953125,2833,6.30029296875,10.471400669642858,10.52001953125,8.925,0.24559420667417203,0.2846010296904532,0.3908572266853498,0.4192348707731942,4254.947901174869,8.047935164227965,4250.200595792237,5.231774561204475,4246.366867942843,2.566536993088448,4244.281261703438,0.6935952651347179,0.3176226442965391,0.40819194169283535,15,30,3,0,False,1,1,6.30029296875,4.30029296875,0.6825544447027823,0.89990234375,1.10009765625,0.08387767431753289,0.08328303242643277,2.141964849449056,12.10009765625,16.60009765625,77.50022194602272,4.313129521060546,2.4693069041648954,1.8438226168956504,4262.92160567354,4231.878394326459,0.730875626196768,1.025080834268546,98.0934351271388,97.72121324113016,1279.95,2.213367709676159,4259.2998046875,0.3061488966381806,4258.60009765625,0.23537164642811456,4252.2001953125,0.07295892271306988,4251.60009765625,0.10595464897291476,4277.7001953125,4224.0,53.7001953125,-14.0,39.7001953125,4247.10009765625,10.449951171875,10.678536551339286,10.271414620535714,8.835693359375,8.378557477678571,0.2549463793095897,0.08733446268523479,0.10100819680926272,0.08412289788403653,0.0719621347125483,0.08587576263491391,0.0005688365056458311,0.0008387767431753288,-0.6917469275472162,10.42426060267857,0.1741171309927541,10.52001953125,0.0003904315514451695,0.0007604011009808194,0.028237783555637053,8.9885498046875,1.6661144527395206,9.63994140625,0.00020953055534835284,0.0008328303242643277,-0.10196714730314019,7.330678013392857,2.1854314916044952,8.9199951171875,9.091282172370763e-05,0.0005892649888588854,0.2857864561362156,4.888689313616071,2.5225852627281817,5.709970703125,2.9801714128816585,1,0.3661141398694391,1.2932823155634392,10.471400669642858,0.2846010296904532,50.744233363297525,0,SHORT,-1.0
4263.7001953125,4272.0,4263.39990234375,4268.2001953125,3737,8.60009765625,10.80712890625,6.7400390625,9.2449951171875,0.2532010780121982,0.31022785693301996,0.43297076263932466,0.47552248852401124,4257.598360002396,9.078387193882008,4251.9148433655955,5.990671775613009,4247.2230768593,2.983543201692555,4244.519261042831,0.8180390466995959,0.3830121850232975,0.4939019701482709,15,35,3,0,False,1,1,8.60009765625,4.5,0.5232498722534492,3.7998046875,0.30029296875,0.08637972093418769,0.08521505926398605,2.15933904275263,13.2001953125,18.400390625,78.89142226525492,5.191506682878753,3.013746859907667,2.177759822971086,4266.510645888549,4230.3093736427,0.8521134297922093,1.046670995772652,93.04066320279733,96.4968170431744,1451.75,2.574134665059411,4263.7001953125,0.2846010296904532,4259.2998046875,0.3061488966381806,4258.60009765625,0.23537164642811456,4255.0,0.12236330066099162,4277.7001953125,4224.0,53.7001953125,-9.5,44.2001953125,4249.7998046875,10.471400669642858,10.449951171875,10.678536551339286,10.25,8.507114955357142,0.2429485714706923,0.08387767431753289,0.08733446268523479,0.10100819680926272,0.07469783526440452,0.08518316514328804,0.0006199855756658268,0.0008637972093418769,-0.8633380903037973,10.53568638392857,0.20940985997469458,6.7400390625,0.00043240779008143495,0.0007865779165466697,-0.09510542831168786,9.218551199776787,1.7489641487878798,10.0599609375,0.00023757073046060673,0.0008521505926398606,-0.14990282704208202,7.643538992745536,2.2140876904284728,9.239990234375,0.00010919353274401412,0.0006048350761022118,0.25599287132095955,5.0048318917410715,2.657870354322808,5.8259765625,3.3526724401848296,1,0.4341362582972667,1.5126799144387746,10.80712890625,0.31022785693301996,48.56077976959263,0,SHORT,-1.0
4268.10009765625,4272.7001953125,4265.7998046875,4272.60009765625,3204,6.900390625,10.75,6.9201171875,9.205029296875,0.2516032334946805,0.47974933932410446,0.5530582819868683,0.7094896324395993,4260.598707533167,11.342690223855243,4253.8848675837535,7.362979448769693,4248.218254145455,3.6665376778519203,4244.798672352418,1.0128834576153167,0.4399561966313148,0.5739310471396574,15,40,3,0,False,1,1,6.900390625,4.5,0.652136994056043,0.10009765625,2.30029296875,0.04872606758393442,0.07883360701560123,2.1014961323754933,20.39990234375,23.5,86.79278117290585,6.17152080935557,3.645301649797248,2.5262191595583223,4270.746105915507,4229.083923381368,0.9803062506082932,1.044500590894972,99.81899253896076,96.98436362296555,1561.75,2.0515447414759085,4268.2001953125,0.31022785693301996,4263.7001953125,0.2846010296904532,4259.2998046875,0.3061488966381806,4252.2001953125,0.07295892271306988,4277.7001953125,4224.0,53.7001953125,-5.10009765625,48.60009765625,4249.10009765625,10.80712890625,10.471400669642858,10.449951171875,10.271414620535714,6.749965122767857,0.1886303038313343,0.08637972093418769,0.08387767431753289,0.08733446268523479,0.08412289788403653,0.09020729822294772,0.0009577575861374754,0.00048726067583934417,-1.2023304117922358,10.631403459821428,0.16255147326149091,6.9201171875,0.0005519579205433001,0.0007765372088247841,-0.5545348521017119,9.6185546875,1.569899878262011,10.4400390625,0.0003538499070034562,0.0007883360701560123,-0.19572586066056138,7.941043526785714,2.2116342258615913,9.2000244140625,0.00014206083039079332,0.0006094501425018169,0.19035140375619197,5.115403180803571,2.779290047173276,5.83998046875,5.157305397734123,1,0.527126831469633,1.7486110592478397,10.75,0.47974933932410446,46.41746676127488,0,SHORT,-1.0
4264.60009765625,4268.89990234375,4262.0,4266.2001953125,1928,6.89990234375,10.278599330357142,6.72001953125,9.875,0.24093101260580277,0.1290867638622155,0.17846469454675415,0.6772907448377582,4262.114089025075,1.4950839360417376,4257.606037438164,3.0720910231011658,4251.1331373731,2.4253953387415095,4245.786225611769,0.8293291502941429,0.20185422978935552,0.354424513477138,16,10,3,0,False,1,1,6.89990234375,1.60009765625,0.2319014931710424,2.69970703125,2.60009765625,0.05722180440706252,0.09956396093048375,1.7434505540792204,5.5,7.60009765625,68.12408837027286,5.158348608842061,4.785880134581983,0.3724684742600788,4272.9142712361245,4240.70579712325,0.7566340488360893,0.7915431851848994,85.12454223540449,80.99196621033117,1898.5,1.0155385830919146,4264.39990234375,-0.19192517729422529,4262.0,-0.14526486642564915,4257.89990234375,-0.13603894980999898,4260.7001953125,0.04931427248606422,4277.7001953125,4224.0,53.7001953125,-11.5,42.2001953125,4258.60009765625,10.142892020089286,10.007184709821429,9.478585379464286,11.157121930803571,10.678536551339286,0.23537164642811456,0.14566523769492426,0.1544972420006092,0.15641533991205042,0.16566809246274555,0.10100819680926272,0.0002581712652874657,0.0005722180440706252,-0.06475592209955139,9.854310825892856,0.4086433805604008,6.72001953125,0.00017893976256259104,0.0011714604851389822,-2.059885866081158,10.29071568080357,0.5682811451033584,7.280078125,0.00033803184669969346,0.0009956396093048375,-1.6352834395713634,9.331063406808036,1.545570221477968,9.875,9.520600938678792e-05,0.0007528582436705342,-0.9319870088732628,5.895549665178571,3.129473081743022,6.52599609375,1.3268311245921387,1,0.6297453434094689,0.8378092450871719,10.278599330357142,0.1290867638622155,40.466211658518574,0,SHORT,-1.0
4266.0,4269.7001953125,4265.60009765625,4268.60009765625,1233,4.10009765625,8.514334542410714,6.37998046875,9.6949951171875,0.19946432899829755,0.22305181334497812,0.21835262590613416,0.5843888522110956,4263.411290751311,3.096067148833754,4258.653090792268,3.6842728304254706,4251.8181162077335,2.7028308156541243,4246.013229313704,0.9156044821320393,0.23357166343247704,0.3947013016512714,16,15,3,0,False,1,1,4.10009765625,2.60009765625,0.6341550553769203,1.10009765625,0.39990234375,0.04540847806080477,0.09603446822593825,1.4176094052106434,9.5,9.30029296875,66.34615384615384,5.395357846855404,4.907775677036668,0.4875821698187366,4273.750417190101,4242.349680466149,0.7374440498320081,0.8359809332141437,88.94051730927174,85.15666023441217,1913.9,0.6442342860128533,4266.2001953125,0.1290867638622155,4264.39990234375,-0.19192517729422529,4262.0,-0.14526486642564915,4259.10009765625,-0.004688729143466628,4277.7001953125,4224.0,53.7001953125,-9.10009765625,44.60009765625,4259.2998046875,10.278599330357142,10.142892020089286,10.007184709821429,9.364292689732142,10.449951171875,0.3061488966381806,0.05722180440706252,0.14566523769492426,0.1544972420006092,0.1668964835327653,0.08733446268523479,0.0004457885983268239,0.00045408478060804776,-1.084359069530879,9.684319196428572,0.7209179124546574,6.37998046875,0.0002187631769525189,0.0011776601970603703,-2.1495868114308165,10.097154017857143,0.793165526546419,7.290087890625,0.00029182479877243317,0.0009603446822593825,-1.7610968773657254,9.438209751674108,1.3967035609562861,9.6949951171875,0.00010881193945688538,0.0007550749563028085,-0.9746023226706129,6.0061216517857146,3.1222251110805836,6.569990234375,1.899137759110494,1,0.8027608676272623,1.1709946565657392,8.514334542410714,0.22305181334497812,39.060811209917276,0,SHORT,-1.0
4268.5,4273.2998046875,4267.5,4267.60009765625,2056,5.7998046875,6.964320591517857,6.33994140625,8.439990234375,0.16319056219308448,0.22781642441055397,0.09146755552929217,0.48268228976550065,4264.249052132299,4.416892781567185,4259.505186684076,4.25721782871824,4252.437017441009,2.9772372665111106,4246.22802402358,1.00301334611504,0.19004345850969243,0.3565738928772183,16,20,3,0,False,1,1,5.7998046875,0.89990234375,0.15516080148173092,4.7998046875,0.10009765625,0.0435149305450451,0.0960057560556621,1.1441610490290723,9.7001953125,3.89990234375,62.701686338980714,5.439791206018526,5.0141787828330395,0.42561242318548675,4274.4385184457615,4243.711579210488,0.7214462972125398,0.7774454286790414,73.87440888595623,82.64648947687739,1966.0,1.0457782299084435,4268.60009765625,0.22305181334497812,4266.2001953125,0.1290867638622155,4264.39990234375,-0.19192517729422529,4257.89990234375,-0.13603894980999898,4277.7001953125,4224.0,53.7001953125,-10.10009765625,43.60009765625,4263.7001953125,8.514334542410714,10.278599330357142,10.142892020089286,9.478585379464286,10.471400669642858,0.2846010296904532,0.04540847806080477,0.05722180440706252,0.14566523769492426,0.15641533991205042,0.08387767431753289,0.0004552939333437811,0.00043514930545045103,-0.984115814773856,9.181466238839286,1.429217536668582,6.33994140625,9.202375724322031e-05,0.001148108362312084,-1.962152075753283,9.746446010044641,1.2519596916608753,7.2400390625,0.0002412276543441949,0.0009600575605566209,-1.6040340844429766,9.36749790736607,1.4861128603989016,8.439990234375,0.00011778762654612418,0.0007481050506517272,-1.0164314199100475,6.0868359375,3.093071577113676,6.611982421875,1.5865866156083923,1,1.0149115265709847,1.1645493216993519,6.964320591517857,0.22781642441055397,37.058661456936676,0,SHORT,-1.0
4267.7998046875,4270.0,4265.60009765625,4267.39990234375,1283,4.39990234375,6.850027901785714,5.119921875,8.439990234375,0.16051994325686536,0.12669878798099485,-0.018750127269777837,0.41413945280051107,4264.87922217459,4.613494694003748,4260.25706436595,4.366044925388451,4253.023797241117,3.0722437401291245,4246.438689479502,1.0467634853948766,0.1676621356383564,0.3380208009171902,16,25,3,0,False,1,1,4.39990234375,0.39990234375,0.09088891355010542,2.2001953125,1.7998046875,0.0370123739293348,0.09574267158165836,1.1105275871147047,5.39990234375,-0.80029296875,66.16973311031924,5.396641747886861,5.0906713758438045,0.3059703720430562,4275.096191845873,4244.813915576001,0.7108590557426873,0.7458483822835892,72.9726162982514,78.59584749782637,1984.4,0.6465430356782906,4267.60009765625,0.22781642441055397,4268.60009765625,0.22305181334497812,4266.2001953125,0.1290867638622155,4262.0,-0.14526486642564915,4277.7001953125,4224.0,53.7001953125,-10.30029296875,43.39990234375,4268.2001953125,6.964320591517857,8.514334542410714,10.278599330357142,10.007184709821429,10.80712890625,0.31022785693301996,0.0435149305450451,0.04540847806080477,0.05722180440706252,0.1544972420006092,0.08637972093418769,0.0002533240408510551,0.000370123739293348,-0.6482416679315551,8.550034877232143,1.653096864413944,5.119921875,-1.8209424049520085e-05,0.00109711893761601,-1.9647749652565838,9.350735909598214,1.4834251822307247,6.82001953125,0.00020709918301595743,0.0009574267158165837,-1.5041030315164754,9.2846435546875,1.5798433761935557,8.439990234375,0.00011260719535716168,0.0007483353485461918,-0.9941289956898753,6.168264508928571,3.0575900847427473,6.65998046875,0.8678902327922472,1,1.0559471039450217,1.0444941122989437,6.850027901785714,0.12669878798099485,35.47857295346438,0,SHORT,-1.0
4267.5,4275.0,4266.7001953125,4273.89990234375,2086,8.2998046875,6.814313616071429,5.89990234375,8.7,0.15944017809903666,0.22277460410733804,0.03042186625921327,0.5836483988969631,4266.683358208422,5.590795755202635,4261.556382268598,4.854993027733144,4253.842468029456,3.3243126130655583,4246.711935378648,1.130875291510165,0.289648170009215,0.47151333094818976,16,30,3,0,False,1,1,8.2998046875,6.39990234375,0.7710907165548888,1.10009765625,0.7998046875,0.06855984766880814,0.09965223608635329,1.090293829108803,9.5,1.2998046875,66.24162882793225,5.819853520030847,5.236507804681214,0.5833457153496333,4276.651836156387,4245.738251734238,0.7254674827915688,0.9109797888508527,94.78629116238169,80.54443878219634,2024.95,1.0301488925652484,4267.39990234375,0.12669878798099485,4267.60009765625,0.22781642441055397,4268.60009765625,0.22305181334497812,4264.39990234375,-0.19192517729422529,4277.7001953125,4224.0,53.7001953125,-3.80029296875,49.89990234375,4272.60009765625,6.850027901785714,6.964320591517857,8.514334542410714,10.142892020089286,10.75,0.47974933932410446,0.0370123739293348,0.0435149305450451,0.04540847806080477,0.14566523769492426,0.04872606758393442,0.00044534058970167043,0.0006855984766880814,1.060963828412306,7.884319196428573,1.5157971956281286,5.89990234375,3.102248980005884e-05,0.001158740722273612,-1.6032695423179466,8.957167271205357,1.5892516675968233,6.9599609375,0.00029149020517167944,0.000996522360863533,-1.4791839296372726,9.28786097935268,1.5744660747244337,8.7,0.0001515533527088042,0.0007701849533538332,-0.9322673317300062,6.249979073660715,3.0181293118867876,6.777978515625,1.5180560180835556,1,1.1320163223702162,1.8166573410956637,6.814313616071429,0.22277460410733804,33.10271686496826,0,SHORT,-1.0
4273.7001953125,4273.89990234375,4270.7998046875,4273.10009765625,1391,3.10009765625,6.750034877232143,5.13994140625,8.7300048828125,0.1579657560779928,0.1617341434499789,0.29102968468403423,0.5766605337488808,4267.966706097988,5.852617072912835,4262.655783734089,5.049746295924706,4254.597669191291,3.4645318181910625,4246.97450415753,1.1882785457610225,0.24501893777151237,0.43488080198370105,16,35,3,0,False,1,1,3.10009765625,0.60009765625,0.19357379114821233,0.19970703125,2.30029296875,0.07425330770859814,0.09981432371215056,1.065950616982045,6.89990234375,12.39990234375,64.61874269399071,6.021304494416654,5.393467142628302,0.6278373517883518,4277.553966474063,4247.286121416562,0.7101093919754644,0.8528514729293878,90.99576516326105,86.25155754129794,2065.4,0.6734772925341338,4273.89990234375,0.22277460410733804,4267.39990234375,0.12669878798099485,4267.60009765625,0.22781642441055397,4266.2001953125,0.1290867638622155,4277.7001953125,4224.0,53.7001953125,-4.60009765625,49.10009765625,4260.7001953125,6.814313616071429,6.850027901785714,6.964320591517857,10.278599330357142,11.157121930803571,0.04931427248606422,0.06855984766880814,0.0370123739293348,0.0435149305450451,0.05722180440706252,0.16566809246274555,0.0003234796050606725,0.0007425330770859815,1.4074445166355818,7.178606305803571,0.7507387511935939,5.13994140625,0.0002908254351740691,0.000625905423297334,0.8165122326897608,8.516458565848215,1.5209967140404062,5.92998046875,0.0002880169553028389,0.0009981432371215055,-1.462810116759534,9.288577706473216,1.5732459252309503,8.7300048828125,0.00014639700705039614,0.0007715991815112603,-0.9080403439890617,6.332408621651787,2.9731511234199743,6.79998046875,1.0917111091266243,1,1.1937885787787181,1.5510889439261673,6.750034877232143,0.1617341434499789,30.896564782793288,0,SHORT,-1.0
4273.10009765625,4286.0,4272.39990234375,4284.10009765625,6594,13.60009765625,7.271449497767857,7.03994140625,9.160009765625,0.16973108312165558,0.3631167044322224,0.5869784561709951,0.8901936911525222,4271.193384409641,7.782093658330268,4264.698099345723,6.045008553454863,4255.7546271703095,3.936510962575994,4247.343913048065,1.3306837343607185,0.45494423892523206,0.6660503945639287,16,40,3,0,False,1,1,13.60009765625,11.0,0.8088177216098804,1.89990234375,0.7001953125,0.12653871880445228,0.10998325036638888,1.1316459304723323,15.5,25.0,68.95891380703011,6.988010477261014,5.712375809554844,1.2756346677061696,4280.3798973608955,4248.2402198266045,0.7536899778082679,1.1157510149685013,94.08131911592461,93.28779181385569,2347.45,2.8090055166244223,4273.10009765625,0.1617341434499789,4273.89990234375,0.22277460410733804,4267.39990234375,0.12669878798099485,4268.60009765625,0.22305181334497812,4277.7001953125,4224.0,53.7001953125,6.39990234375,60.10009765625,4259.10009765625,6.750034877232143,6.814313616071429,6.850027901785714,8.514334542410714,9.364292689732142,-0.004688729143466628,0.07425330770859814,0.06855984766880814,0.0370123739293348,0.04540847806080477,0.1668964835327653,0.0007258205752366908,0.0012653871880445229,0.9696273187615554,6.930029296875,0.20611403370464698,7.03994140625,0.0005858045867817574,0.0009083339856155832,1.2630310090363206,8.307174246651787,1.535292395331346,6.7099609375,0.0004438003156992387,0.0010998325036638888,-1.0185337564855192,9.305364118303572,1.5484149649429042,9.160009765625,0.0002049540121275295,0.0008408679678870345,-0.4034254224484201,6.4255517578125,2.9268823771193837,7.013974609375,2.640384778074803,1,1.229943517885763,2.6803825826006693,7.271449497767857,0.3631167044322224,30.261776911988967,1,SHORT,2.0
4283.89990234375,4285.2998046875,4255.0,4285.2001953125,2046,30.2998046875,8.821428571428571,11.93994140625,9.235009765625,0.2058580269150124,0.41241206423994387,0.641168031069087,0.7902929928610287,4273.994746590213,9.745694457914396,4266.650679913988,7.145493229912063,4256.909355332748,4.4723378917396985,4247.720592473581,1.4925684500012721,0.4347558961373896,0.6645863845869977,16,45,3,0,False,1,1,30.2998046875,1.30029296875,0.04291423598801044,0.099609375,28.89990234375,0.11889925906782876,0.10838951395643762,1.346845811586853,17.60009765625,27.30029296875,66.86494865336175,7.753522835518197,6.120605214747515,1.632917620770682,4283.431967268601,4248.548159684525,0.8177189131952016,1.0506890780095512,97.50840419220881,94.19516282379806,2360.35,0.8668205986400322,4284.10009765625,0.3631167044322224,4273.10009765625,0.1617341434499789,4273.89990234375,0.22277460410733804,4267.60009765625,0.22781642441055397,4277.7001953125,4224.0,53.7001953125,7.5,61.2001953125,4257.89990234375,7.271449497767857,6.750034877232143,6.814313616071429,6.964320591517857,9.478585379464286,-0.13603894980999898,0.12653871880445228,0.07425330770859814,0.06855984766880814,0.0435149305450451,0.15641533991205042,0.0008240315775634111,0.0011889925906782876,0.9484149419100127,7.301450892857143,0.8741248899104549,11.93994140625,0.0006396627554535961,0.0008661634321374583,1.355095610295983,8.241458565848214,1.4930644331523182,9.13994140625,0.0003942288994239207,0.0010838951395643762,-0.9357712348859811,9.30465087890625,1.5486459618350388,9.235009765625,0.0002133921541704864,0.0008391937217391254,-0.4354398335017863,6.549694475446428,2.893375055331911,7.563974609375,3.6380635666880763,1,1.1042797096141939,2.111921029520392,8.821428571428571,0.41241206423994387,28.867982579751892,1,SHORT,2.0
4285.10009765625,4291.2001953125,4260.7998046875,4286.5,4403,30.400390625,10.5,17.1400390625,9.380029296875,0.24495509156654613,0.4475816209715852,0.5748474894415767,0.7403055229142186,4276.49579727217,11.616575097580608,4268.541091350751,8.28402698480113,4258.06977277068,5.045975529563293,4248.106457225088,1.6677677455863886,0.4207270883637152,0.6676787546114018,16,50,3,0,False,1,1,30.400390625,1.39990234375,0.04604882749759075,4.7001953125,24.30029296875,0.11338955819525753,0.10797978101748577,1.564300266920788,19.10009765625,24.5,64.69325185039898,8.368612118790224,6.570206595556058,1.798405523234167,4286.457047510225,4248.6730794429,0.885375325397934,1.0011367913951992,87.39903915382702,92.99625415398673,2472.35,1.780896717697737,4285.2001953125,0.41241206423994387,4284.10009765625,0.3631167044322224,4273.10009765625,0.1617341434499789,4267.39990234375,0.12669878798099485,4277.7001953125,4224.0,53.7001953125,8.7998046875,62.5,4262.0,8.821428571428571,7.271449497767857,6.750034877232143,6.850027901785714,10.007184709821429,-0.14526486642564915,0.11889925906782876,0.12653871880445228,0.07425330770859814,0.0370123739293348,0.1544972420006092,0.0008940785093852988,0.0011338955819525753,0.9325908259629316,8.0314453125,1.6139123042340118,17.1400390625,0.000573701275118177,0.0008639225026333799,1.6371302864569794,8.290740094866072,1.5642572435911573,11.12998046875,0.00036941130923802136,0.0010797978101748577,-0.8729688472215489,9.31715087890625,1.557660721581503,9.380029296875,0.0002100242293623311,0.0008384734205271112,-0.42460611386833047,6.712266322544642,2.882157263044776,8.115986328125,4.699607020201645,1,0.9972684361972435,1.7175682516867288,10.5,0.4475816209715852,26.867373205172314,1,SHORT,2.0
4286.5,4288.5,4256.2998046875,4285.2998046875,2491,32.2001953125,11.842878069196429,21.9201171875,10.6900390625,0.27636054906221563,0.266733021461229,0.49010183900115084,0.7784113601115966,4278.256598755237,11.573240546815214,4270.137159287585,8.580777018986737,4259.137617159576,5.29514913012008,4248.476540284416,1.7646049057675555,0.35508567604055247,0.6142602066324376,16,55,3,0,False,1,1,32.2001953125,1.2001953125,0.03727292026809814,2.0,29.0,0.11699653697832804,0.10640613564395485,1.7163993963367736,11.39990234375,20.89990234375,83.60548573868033,8.659408801623613,6.9880470367695695,1.6713617648540433,4288.243415739757,4250.196672150868,0.8911872238313908,0.9226317215458871,84.18138262360749,89.69627532321435,2532.35,0.9836712934625941,4286.5,0.4475816209715852,4285.2001953125,0.41241206423994387,4284.10009765625,0.3631167044322224,4273.89990234375,0.22277460410733804,4277.7001953125,4224.0,53.7001953125,7.599609375,61.2998046875,4264.39990234375,10.5,8.821428571428571,7.271449497767857,6.814313616071429,10.142892020089286,-0.19192517729422529,0.11338955819525753,0.11889925906782876,0.12653871880445228,0.06855984766880814,0.14566523769492426,0.0005334445134509425,0.0011699653697832804,1.9653521723805787,9.037158203125,2.145178879694691,21.9201171875,0.0004893925515763065,0.0009052232815024629,1.6570026102550857,8.460738699776787,1.8535350218494708,13.910009765625,0.0003883117697971339,0.0010640613564395485,-0.9321415144961875,9.395724051339286,1.6454888128369116,10.6900390625,0.00021338234554549418,0.0008361175591863976,-0.4346781137122218,6.899838169642857,2.905144528045178,8.689990234375,3.1588866501936894,1,0.9287896120976844,1.2848638390880236,11.842878069196429,0.266733021461229,25.4935308478121,1,SHORT,2.0
4285.39990234375,4286.5,4278.89990234375,4285.60009765625,2630,7.60009765625,11.971435546875,22.8201171875,10.6300537109375,0.27934093882026123,0.29252766643253025,0.45473492699816803,0.6340111628433869,4279.72529853544,11.758592437451625,4271.609820084601,8.95403635051207,4260.175361492778,5.577692301487332,4248.845928914981,1.8714247574516776,0.32751768445396184,0.5968002254856172,17,0,3,0,False,1,0,7.60009765625,0.2001953125,0.026341150016061677,0.89990234375,6.5,0.11355084493439799,0.1032713484326885,1.6893172174962758,12.5,19.39990234375,87.53458005975435,8.812513233811842,7.352940276178025,1.4595729576338172,4290.241257773124,4250.8988301175,0.9212453431457454,0.8820316794505066,84.98645128352817,85.5222910203208,2586.05,1.0169950310318825,4285.2998046875,0.266733021461229,4286.5,0.4475816209715852,4285.2001953125,0.41241206423994387,4273.10009765625,0.1617341434499789,4277.7001953125,4224.0,53.7001953125,7.89990234375,61.60009765625,4266.2001953125,11.842878069196429,10.5,8.821428571428571,6.750034877232143,10.278599330357142,0.1290867638622155,0.11699653697832804,0.11338955819525753,0.11889925906782876,0.07425330770859814,0.05722180440706252,0.0005848869352041541,0.00113550844934398,2.0012066653643363,10.081438337053573,2.020743374055981,22.8201171875,0.00045418327013241333,0.0009149240233802901,1.7359292154180008,8.630022321428573,2.0990509582882853,13.980029296875,0.00031656151634750217,0.001032713484326885,-0.8633096349295085,9.460369001116073,1.7221488663219104,10.6300537109375,0.00021619805471620346,0.0008353780516249126,-0.44563783228252585,7.086552734375,2.9254287780943553,8.757998046875,3.5019761043747852,1,0.9551451492220835,1.1724657539892476,11.971435546875,0.29252766643253025,24.217820087406185,1,SHORT,2.0
4313.2001953125,4313.7998046875,4311.60009765625,4313.5,374,2.19970703125,2.6214773995535716,2.43994140625,2.6850341796875,0.06077378925590754,0.06727375024481459,0.12070179765210635,0.22305578368637546,4311.923574416876,2.311326822042247,4309.6223102128315,2.153851104876594,4306.332839847794,1.4498376219498823,4294.076632295152,0.9625452774771475,0.08997748545108566,0.16643302825749634,8,0,4,0,True,0,0,2.19970703125,0.2998046875,0.1362930077691454,0.2998046875,1.60009765625,0.01585161714306816,0.0248510330810397,0.9672882751477838,2.89990234375,5.2001953125,72.6414225170444,2.633633250477942,2.420969160012257,0.2126640904656849,4314.308874727317,4305.641174100808,0.2011079084544672,0.9066794341231634,94.36765009284093,93.47347861391769,327.4,1.1423335369578498,4313.60009765625,0.06727218809842966,4312.89990234375,0.03014668935105004,4312.89990234375,0.07656869808626975,4310.60009765625,0.05339212852010076,4313.10009765625,4276.39990234375,36.7001953125,0.39990234375,37.10009765625,4308.2998046875,2.628627232142857,2.6429268973214284,2.664341517857143,2.7072056361607144,2.664341517857143,-0.006969618018468468,0.015852005474486407,0.021795186385532808,0.027673795399202877,0.025553149605324923,0.020065184323402728,0.00013452135817415556,0.0001585161714306816,0.7252359568455845,2.6443429129464286,0.01982238516279096,2.33994140625,0.00012065446579230254,0.00020100243098708363,0.24240419626361434,2.675055803571429,0.041274730836757395,2.480029296875,0.00011143922402628847,0.000248510330810397,1.1160005299489204,2.5035923549107144,0.23299284036163517,2.6600341796875,5.3902543097215095e-05,0.0002981429023061886,-0.7392699451974988,2.710130440848214,0.8641582372692664,2.383984375,0.17635661584999301,0,1.2548154584881859,1.4805311064644429,2.6214773995535716,0.06727375024481459,34.17631360119403,0,SHORT,-1.0
4313.60009765625,4319.0,4313.39990234375,4318.0,1514,5.60009765625,2.828648158482143,2.83994140625,2.7850341796875,0.0655082945456726,0.15541009941398998,0.20189347937769941,0.30197444831591175,4313.138859533501,3.189100520133252,4310.420185430657,2.5868362675073513,4306.7903755400375,1.6557340019708136,4294.314675754902,1.0196363226014,0.17584862364377812,0.2602779212015136,8,5,4,0,True,0,0,5.60009765625,4.39990234375,0.7856831458714797,1.0,0.2001953125,0.04388330189892327,0.03236172443930648,1.062208263700801,6.7001953125,8.7001953125,79.28641183035714,2.976022761792592,2.531979880368324,0.44404288142426784,4315.659956981193,4305.590091846932,0.2336056854221434,1.2323807705075518,91.80340990954934,93.98283894951639,382.2,3.961276818419676,4313.5,0.06727375024481459,4313.60009765625,0.06727218809842966,4312.89990234375,0.03014668935105004,4311.2998046875,0.046411252190540854,4313.10009765625,4276.39990234375,36.7001953125,4.89990234375,41.60009765625,4309.2998046875,2.6214773995535716,2.628627232142857,2.6429268973214284,2.664341517857143,2.6500418526785716,0.013916247309393307,0.01585161714306816,0.015852005474486407,0.021795186385532808,0.024879192839138916,0.022992969381394633,0.0003107041447553138,0.0004388330189892327,1.5916195063322445,2.6772042410714287,0.08622768220977177,2.73994140625,0.00020176708853540947,0.00035536525668518944,1.5974071494857918,2.692916434151786,0.06245649432588082,2.830029296875,0.0001508207994557753,0.0003236172443930648,1.4884051585228903,2.544313267299107,0.21330105103334435,2.7600341796875,7.43019052386229e-05,0.0003292727466907211,-0.16600621844611854,2.66298828125,0.7872181476494973,2.451982421875,0.4396004915169095,0,1.2832313130689375,2.6843718778417576,2.828648158482143,0.15541009941398998,36.275687729923575,1,SHORT,2.0
4318.10009765625,4319.7001953125,4316.60009765625,4317.0,674,3.10009765625,2.821498325892857,3.0599609375,2.730029296875,0.0653578486424104,0.0950659127057851,0.17170740152373748,0.19728443773935245,4313.9110876268005,3.37129994735551,4311.046834437261,2.730956399768729,4307.19075296984,1.7515914001778583,4294.540400374257,1.0502876791560993,0.1380909507914433,0.22774117964003213,8,10,4,0,True,0,0,3.10009765625,1.10009765625,0.35485903291856985,1.60009765625,0.39990234375,0.04970085959009879,0.029406588351088093,1.0780880189343058,4.10009765625,7.39990234375,79.8545735562737,3.1305897833435665,2.6517018609633727,0.47888792238019384,4316.724105434023,4305.375943394101,0.2632342927049189,1.0243118282067618,79.06888720666161,88.41331573635053,386.95,1.7418271094456648,4318.0,0.15541009941398998,4313.5,0.06727375024481459,4313.60009765625,0.06727218809842966,4312.89990234375,0.07656869808626975,4313.10009765625,4276.39990234375,36.7001953125,3.89990234375,40.60009765625,4309.60009765625,2.828648158482143,2.6214773995535716,2.628627232142857,2.664341517857143,2.721470424107143,-0.004633789045903968,0.04388330189892327,0.01585161714306816,0.015852005474486407,0.027673795399202877,0.019662580108015984,0.00019015831939133142,0.0004970085959009879,1.7960220674162788,2.7086356026785716,0.10660268936646015,3.0599609375,0.00017163973233641494,0.00037974189172558227,1.4067435531309063,2.7029192243303575,0.07440485167805236,2.830029296875,9.859095802813855e-05,0.0002940658835108809,1.7859716250723332,2.57681884765625,0.20275400185219372,2.705029296875,7.385377768365009e-05,0.0003296814250183146,-0.1646066669317984,2.617131696428571,0.7038788742250928,2.44998046875,0.2682283135488492,0,1.3666786302986071,2.112844190251341,2.821498325892857,0.0950659127057851,38.350927619450935,0,SHORT,-1.0
4316.89990234375,4319.0,4315.60009765625,4316.0,1006,3.39990234375,2.878627232142857,3.319921875,2.8000244140625,0.06669664578644247,0.07187965699285812,0.10204801568080839,0.1694201117878094,4314.328870101441,3.317059489134408,4311.518564490855,2.766112709909976,4307.53621363769,1.8044739984552507,4294.753928728742,1.0706837983307196,0.10394099995424792,0.19648787479751872,8,15,4,0,True,0,0,3.39990234375,0.89990234375,0.2646847623150941,2.10009765625,0.39990234375,0.05289362333638133,0.030309716020670136,1.1169268219144788,3.10009765625,4.39990234375,73.97164069293024,3.13624098503351,2.7486096857774003,0.3876312992561095,4317.3841172402745,4305.4459120566,0.27689761118132866,0.8840598549799407,71.31718395155185,80.72982702258751,421.2,2.388414055080722,4317.0,0.0950659127057851,4318.0,0.15541009941398998,4313.5,0.06727375024481459,4312.89990234375,0.03014668935105004,4313.10009765625,4276.39990234375,36.7001953125,2.89990234375,39.60009765625,4311.60009765625,2.821498325892857,2.828648158482143,2.6214773995535716,2.6429268973214284,2.7357700892857144,0.06730341430821406,0.04970085959009879,0.04388330189892327,0.01585161714306816,0.021795186385532808,0.023171796921025525,0.00014382985054721685,0.0005289362333638133,1.737424760568688,2.7557756696428575,0.12137248872980946,3.319921875,0.00010206747966022834,0.00038391943192891796,1.8267788248818533,2.7172049386160717,0.09284278583456385,2.910009765625,8.468558083683519e-05,0.00030309716020670137,1.708734623628662,2.6136090959821425,0.18591726235197104,2.7750244140625,6.503640905681119e-05,0.000331875227874603,-0.09634226820306492,2.577274693080357,0.625702940856778,2.47998046875,0.20691473805672914,0,1.3834201277255687,1.5584142010238269,2.878627232142857,0.07187965699285812,39.46054771517478,0,SHORT,-1.0
4315.60009765625,4317.39990234375,4315.60009765625,4316.39990234375,556,1.89990234375,2.800013950892857,3.2,2.7500244140625,0.06486919688262632,0.06722852309609366,0.13454750048962918,0.18102874508457772,4314.930457333673,3.0068829167967124,4312.326525350649,2.7042151378173003,4308.183867352232,1.8510275044372975,4295.173686105025,1.0970538098727047,0.0944589183855917,0.19070762169136302,8,25,4,0,True,0,0,1.7998046875,0.7998046875,0.44438415626695604,1.0,0.0,0.053898913752672084,0.030435524451676063,1.121869624333959,2.89990234375,5.7998046875,74.82500768258954,3.046116946832626,2.858740290154086,0.18737665667853998,4318.3450018170315,4305.994988417344,0.28639903838837516,0.842502237825045,72.72507162745651,69.87165876753778,433.65,1.2821399746339215,4315.5,0.044044470992623826,4316.0,0.07187965699285812,4317.0,0.0950659127057851,4313.5,0.06727375024481459,4313.10009765625,4276.39990234375,36.7001953125,3.2998046875,40.0,4310.60009765625,2.8143136160714284,2.878627232142857,2.821498325892857,2.6214773995535716,2.7072056361607144,0.05339212852010076,0.05409956239825159,0.05289362333638133,0.04970085959009879,0.01585161714306816,0.025553149605324923,0.00013453704904269336,0.0005389891375267208,1.6947356193196041,2.8286202566964285,0.029893230668515063,3.17998046875,0.00013452920360842446,0.000374543673246824,1.7018930685921054,2.7364815848214286,0.10002304027224829,2.7599609375,9.04806151178661e-05,0.00030435524451676065,1.6281442419500347,2.6711129324776786,0.14040344838890143,2.72001953125,5.480344898309841e-05,0.0003282472150307793,-0.042578096210441375,2.4958461216517858,0.42117562965250227,2.421982421875,0.18824080256698492,0,1.479513342101828,1.456144409441429,2.800013950892857,0.06722852309609366,40.424421002438244,0,SHORT,-1.0
4318.0,4319.2998046875,4316.2998046875,4318.10009765625,447,3.0,3.1285923549107144,3.50009765625,2.9900634765625,0.0724529835843507,0.06025020637817171,0.10432121425546677,0.21118815632977492,4316.744834855123,2.18173877397021,4314.210742428864,2.312993603804898,4309.644180913628,1.7956619283968394,4296.071509531996,1.111152233390385,0.0901521844803547,0.19620916223366033,8,45,4,0,True,0,0,3.0,0.10009765625,0.033365885416666664,1.19970703125,1.7001953125,0.05535136553367523,0.03852560955507596,1.2562516385342934,2.60009765625,4.5,69.63290556776931,3.082336856979964,3.021818670845619,0.0605181861343449,4320.793276468131,4307.15672353187,0.3161018071792504,0.8025029621144619,73.45201572829798,68.4368203488455,478.2,0.9347553324968633,4318.0,0.04633920296570899,4316.5,-0.011582117211026175,4319.7001953125,0.03937460195692451,4315.5,0.044044470992623826,4313.10009765625,4276.39990234375,36.7001953125,5.0,41.7001953125,4313.60009765625,3.164306640625,3.028599330357143,2.8857421875,2.8143136160714284,2.628627232142857,0.06727218809842966,0.056304068139842574,0.055707992495905245,0.04235994662769517,0.05409956239825159,0.015852005474486407,0.00012059394279098078,0.0005535136553367523,-0.8862577476340084,3.001450892857143,0.15603631763751902,3.480078125,0.00010439218836305608,0.0005162729140156086,0.4418518752853663,2.897181919642857,0.16512578398997582,3.37001953125,0.00010555878307536015,0.00038525609555075963,0.45298692222601644,2.7882620675223215,0.16141842529915784,2.96005859375,8.638922473741539e-05,0.00031937281913973136,0.6171320907378678,2.490418526785714,0.41435116009749245,2.486005859375,0.1884983350565408,0,1.4596217714553914,1.2442853285040822,3.1285923549107144,0.06025020637817171,42.99219983209034,1,SHORT,2.0
4317.5,4322.10009765625,4317.5,4321.2998046875,1081,4.60009765625,5.128592354910714,8.480078125,4.3700439453125,0.11868170658623384,0.1111966798911155,0.09960168375028955,0.27148010873706857,4317.812519508324,1.8049955647729803,4315.387595019526,2.0282229708654995,4310.663684732362,1.7197844427291784,4296.737764537678,1.1102597437502482,0.13700298148878468,0.24673973042271224,9,0,4,0,True,0,0,4.60009765625,3.7998046875,0.8260269610444751,0.80029296875,0.0,0.04218665917999495,0.0424731375928283,1.9973442453986796,4.7998046875,4.2998046875,68.74904636310134,2.9994858254049177,2.9718152387437735,0.027670586661144192,4321.59613698011,4309.2138727855145,0.28693168267138314,0.976068004368769,97.58220360235437,80.97574018030305,536.5,2.014911463187325,4317.60009765625,-0.04861674563732247,4316.89990234375,0.011583727442133117,4318.10009765625,0.06025020637817171,4316.5,-0.011582117211026175,4313.10009765625,4276.39990234375,36.7001953125,8.19970703125,44.89990234375,4317.0,4.950020926339286,3.050013950892857,3.1285923549107144,3.028599330357143,2.821498325892857,0.0950659127057851,0.04261685964941187,0.057647188106059594,0.05535136553367523,0.055707992495905245,0.04970085959009879,0.00022236567259652505,0.0004218665917999495,0.6885887177079264,3.8843052455357148,1.0570645972817518,8.46005859375,9.966224747475217e-05,0.00048348263919692833,0.06207404489989054,3.3828822544642856,0.8829628689199441,5.8400390625,0.00013565098990558355,0.000424731375928283,0.39546208951994966,3.042900739397321,0.7025586396334559,4.3350341796875,8.818805199646062e-05,0.00033131458319560735,0.6732356892132944,2.567705775669643,0.644144644845703,3.068017578125,0.5702824423810289,1,0.921092954997924,1.154373200635084,5.128592354910714,0.1111966798911155,42.79053780340898,0,SHORT,-1.0
4321.7001953125,4323.89990234375,4321.0,4322.7001953125,866,2.89990234375,5.171456473214286,8.32001953125,4.3850341796875,0.1196348633852093,0.10885121149837888,0.15524085524791476,0.25744729114102954,4318.79005466916,2.3840355143183842,4316.084033142666,2.282696527211556,4311.135704755112,1.8366633003670358,4296.996097182205,1.145980495679396,0.1532908562259021,0.2682469620390906,9,5,4,0,True,0,0,2.89990234375,1.0,0.34483919851826905,1.19970703125,0.7001953125,0.04202557092797667,0.04201624223829371,1.9792395820151838,4.7001953125,6.7001953125,69.69626513918539,3.219480144462068,3.0213482198874324,0.19813192457463558,4322.6823203031445,4309.237699228105,0.31150939871125966,1.0013295286833117,96.56243441762854,94.41374813318771,567.0,1.527336860670194,4321.2998046875,0.1111966798911155,4317.60009765625,-0.04861674563732247,4316.89990234375,0.011583727442133117,4318.0,0.04633920296570899,4313.10009765625,4276.39990234375,36.7001953125,9.60009765625,46.30029296875,4316.0,5.128592354910714,4.950020926339286,3.050013950892857,3.164306640625,2.878627232142857,0.07187965699285812,0.04218665917999495,0.04261685964941187,0.057647188106059594,0.056304068139842574,0.05289362333638133,0.00021767831787566916,0.0004202557092797667,0.7472126800079048,4.285735212053572,1.0956929831223428,8.3,0.00015523318099879279,0.0004729943189185772,-0.31397414349918923,3.6121651785714284,1.0239156251367085,5.7900390625,0.00012865033032951055,0.00042016242238293713,0.4413918343810977,3.16468505859375,0.8434882480706704,4.3500244140625,9.559776520000618e-05,0.0003323838760202168,0.6060924182343015,2.6128501674107145,0.7407763017133996,3.086015625,0.5629193023205088,1,0.9568539178825732,1.281322616905782,5.171456473214286,0.10885121149837888,41.852183590419656,0,SHORT,-1.0
4322.60009765625,4326.39990234375,4322.0,4324.39990234375,1296,4.39990234375,5.32861328125,8.6,4.5150146484375,0.12322202852613107,0.1458929748043443,0.20623108200092688,0.3178070014274526,4319.912024204078,3.1671893489547074,4316.876020685626,2.665278256761667,4311.655869366431,2.011688452803355,4297.268771860429,1.1972623284336805,0.17428996390146748,0.2955716634962246,9,10,4,0,True,0,0,4.39990234375,1.7998046875,0.4090555987126845,2.0,0.60009765625,0.04098952759518386,0.04162647187729774,1.9986264365184745,6.2998046875,8.89990234375,72.06396900389429,3.4907402984154032,3.115226635593027,0.3755136628223763,4323.88279021741,4309.407200016964,0.33534354149622136,1.035723042665595,94.65239245381552,96.26567682459938,620.2,2.089648500483715,4322.7001953125,0.10885121149837888,4321.2998046875,0.1111966798911155,4317.60009765625,-0.04861674563732247,4318.10009765625,0.06025020637817171,4313.10009765625,4276.39990234375,36.7001953125,11.2998046875,48.0,4315.5,5.171456473214286,5.128592354910714,4.950020926339286,3.1285923549107144,2.8143136160714284,0.044044470992623826,0.04202557092797667,0.04218665917999495,0.04261685964941187,0.05535136553367523,0.05409956239825159,0.00029168300685331603,0.0004098952759518386,-0.03243744992441214,4.725739397321428,0.9464102061424162,8.57998046875,0.00020613847482214842,0.0004679440476016112,-0.6887136757858857,3.863595145089286,1.1112098291384742,6.030029296875,0.0001587464049084164,0.0004162647187729774,0.2586078814431715,3.29539794921875,0.9639842618785757,4.4800048828125,0.00010718233963324274,0.00033246212663949365,0.5248996563028383,2.6661376953125,0.8344554327610955,3.140009765625,0.7774072431835006,1,0.9796453680666289,1.4144383596517947,5.32861328125,0.1458929748043443,40.41198759133029,0,SHORT,-1.0
4324.2001953125,4326.60009765625,4321.89990234375,4322.0,663,4.7001953125,5.264334542410714,9.0400390625,4.5750244140625,0.12180320551621274,0.11814259704008964,0.12974000979865694,0.26446207222860524,4320.329619363263,3.5537710104144935,4317.364018715566,2.8971658186173954,4312.061521548139,2.1328025392131167,4297.514853732465,1.2360965108000528,0.10737990274475707,0.2304809057615783,9,15,4,0,True,0,0,4.7001953125,2.2001953125,0.4681072096405568,2.39990234375,0.10009765625,0.05121155585351814,0.044452150913943785,1.9363347790300764,5.10009765625,5.60009765625,58.84932809056734,3.4720403426281337,3.186589377000048,0.2854509656280855,4324.240797899436,4310.189182569315,0.3254787024020451,0.8405309391986671,87.76572949808454,92.99351878984278,626.6,1.058091286307054,4324.39990234375,0.1458929748043443,4322.7001953125,0.10885121149837888,4321.2998046875,0.1111966798911155,4316.89990234375,0.011583727442133117,4313.10009765625,4276.39990234375,36.7001953125,8.89990234375,45.60009765625,4316.39990234375,5.32861328125,5.171456473214286,5.128592354910714,3.050013950892857,2.800013950892857,0.06722852309609366,0.04098952759518386,0.04202557092797667,0.04218665917999495,0.057647188106059594,0.053898913752672084,0.00023627850876533073,0.0005121155585351814,-0.7824267477434054,5.168603515625,0.1450473502546877,9.0400390625,0.00012978890863027948,0.0005261737196400641,-0.3564060487781356,4.110027204241072,1.1223320891067297,6.320068359375,0.00013215905611935197,0.0004445215091394378,0.17394575386720826,3.42325439453125,1.0478007842130759,4.5400146484375,9.980188293479131e-05,0.0003430302476579733,0.4054776916798519,2.7187109375,0.9117260937176997,3.1980078125,0.6219421545282537,1,1.0072492780822675,0.8815851954771762,5.264334542410714,0.11814259704008964,39.02886085960335,0,SHORT,-1.0
4322.0,4324.0,4321.5,4324.0,609,2.5,5.221470424107143,3.82001953125,4.52001953125,0.12075556022449452,0.14822823325449014,0.09953942387404364,0.2945792658328144,4321.06369549061,4.122997277080685,4317.996016933131,3.2307597733915827,4312.529697173703,2.3001397864500177,4297.778387526172,1.2874776633661895,0.13904559067040645,0.26597620495955887,9,20,4,0,True,0,0,2.5,2.0,0.8,0.0,0.5,0.05188410749822741,0.04506285069168575,1.8831626566492963,6.39990234375,4.2998046875,64.83014027392726,3.5773661283483307,3.264744727269705,0.31262140107862546,4324.920346716918,4310.779653283083,0.3274938553640266,0.9349150222919066,93.08486461918058,91.83432885702679,630.8,0.9654407102092581,4322.0,0.11814259704008964,4324.39990234375,0.1458929748043443,4322.7001953125,0.10885121149837888,4317.60009765625,-0.04861674563732247,4313.10009765625,4276.39990234375,36.7001953125,10.89990234375,47.60009765625,4319.7001953125,5.264334542410714,5.32861328125,5.171456473214286,4.950020926339286,2.8857421875,0.03937460195692451,0.05121155585351814,0.04098952759518386,0.04202557092797667,0.04261685964941187,0.04235994662769517,0.00029638852535827096,0.0005188410749822741,-1.2990401964511842,5.2228934151785715,0.07815774268994419,3.82001953125,9.960439291599732e-05,0.000493344919088826,-0.4558369098206728,4.343600027901786,1.0815386906003424,6.1400390625,0.00014718037158713005,0.0004506285069168575,0.07888402316227416,3.55111083984375,1.1047869503363519,4.485009765625,0.00010905685748360927,0.00034650750376216585,0.33484381697476245,2.7727134486607143,0.9773978066460481,3.216015625,0.7739693359559752,1,1.0468927936831136,1.151463256945761,5.221470424107143,0.14822823325449014,37.80773831092756,0,SHORT,-1.0
4323.89990234375,4325.5,4323.2998046875,4325.0,395,2.2001953125,5.135777064732143,3.3400390625,4.530029296875,0.118746290514038,0.0856269057862229,0.19691879995366615,0.28055595840920095,4321.850956392489,4.038436884165094,4318.6630629394995,3.27546791997338,4313.018728657088,2.3550439247264876,4298.049249341832,1.3114848041541336,0.14673376848684494,0.2777931675395811,9,25,4,0,True,0,0,2.2001953125,1.10009765625,0.5,0.5,0.60009765625,0.04149044426792142,0.044804776893978306,1.818156899360491,3.7001953125,8.5,69.06732320933504,3.6988907054410447,3.3515739229039734,0.3473167825370713,4325.8070540471035,4311.102955718521,0.34049442015620635,0.9451136663351375,95.74443217972859,92.1983420989978,640.3,0.6168983289083243,4324.0,0.14822823325449014,4322.0,0.11814259704008964,4324.39990234375,0.1458929748043443,4321.2998046875,0.1111966798911155,4313.10009765625,4276.39990234375,36.7001953125,11.89990234375,48.60009765625,4316.5,5.221470424107143,5.264334542410714,5.32861328125,5.128592354910714,3.028599330357143,-0.011582117211026175,0.05188410749822741,0.05121155585351814,0.04098952759518386,0.04218665917999495,0.055707992495905245,0.0001712640553481748,0.0004149044426792142,-2.0041238860216968,5.224330357142857,0.07602758628611289,3.3400390625,0.00019681486397234992,0.00039538966849047343,-0.4891082514817509,4.554317801339286,0.9989901165178767,5.900048828125,0.00014018671742225264,0.0004480477689397831,0.12537287904137237,3.6746826171875,1.1380948401374966,4.52001953125,0.00011879834276969704,0.0003428681563388369,0.28338937516042195,2.8247160993303573,1.0321630877656844,3.218017578125,0.4397606988608636,1,1.099022448067602,1.235691387509055,5.135777064732143,0.0856269057862229,36.29658594970687,0,SHORT,-1.0
4325.0,4328.0,4324.7998046875,4327.2998046875,690,3.2001953125,5.221505301339286,3.40009765625,4.5850341796875,0.1206642834333583,0.10640593071866927,0.21537296636174155,0.3338798179833641,4322.940726051491,4.150671382330984,4319.485609772642,3.4015766299762618,4313.578770854359,2.443066099247517,4298.340299643779,1.3442024615742412,0.1809056823150033,0.3180893305078786,9,30,4,0,True,0,0,3.2001953125,2.2998046875,0.7186451022276472,0.7001953125,0.2001953125,0.04434398619975101,0.045501408155164264,1.8128400187543108,4.599609375,9.2998046875,73.22760476739715,3.935409871050979,3.4683411125333747,0.4670687585176041,4327.039021173509,4311.310978826491,0.3641445958318046,1.0165807993287914,98.20462740384616,95.67797473425168,661.0,1.0438729198184569,4325.0,0.0856269057862229,4324.0,0.14822823325449014,4322.0,0.11814259704008964,4322.7001953125,0.10885121149837888,4313.10009765625,4276.39990234375,36.7001953125,14.19970703125,50.89990234375,4318.0,5.135777064732143,5.221470424107143,5.264334542410714,5.171456473214286,3.164306640625,0.04633920296570899,0.04149044426792142,0.05188410749822741,0.05121155585351814,0.04202557092797667,0.056304068139842574,0.00021280000685517387,0.0004434398619975101,-1.9048480518608815,5.234340122767857,0.07041330095449498,3.40009765625,0.0002152391623654215,0.0004073047704604587,-0.5469903884351677,4.760037667410715,0.8864180589055747,5.850048828125,0.00016677405484999408,0.00045501408155164267,-0.036326949392507996,3.8036115373883925,1.1608895105694053,4.5750244140625,0.0001317591837339882,0.00034603374420013705,0.20137500130637162,2.8802901785714283,1.0846516136652562,3.242021484375,0.5555991313414723,1,1.1312521155092878,1.4992479727020112,5.221505301339286,0.10640593071866927,34.29231154602243,0,SHORT,-1.0
4327.39990234375,4331.89990234375,4327.2001953125,4329.89990234375,1801,4.69970703125,5.421491350446429,3.46005859375,4.705029296875,0.12521054695772083,0.12718527712987635,0.2732638063185386,0.37787009269487754,4324.332561309942,4.420537105864241,4320.477447160367,3.601426474740947,4314.218815226493,2.562945860061518,4298.654325541292,1.3855536808623583,0.21808828534855665,0.36347454287466885,9,35,4,0,True,0,0,4.69970703125,2.5,0.531948051948052,2.0,0.19970703125,0.047327992448390976,0.04652398478165705,1.8432343120833024,5.5,11.7998046875,74.90721055097114,4.28328413154486,3.631329716335672,0.6519544152091883,4328.7489044945505,4311.2310759741995,0.4055062294114396,1.0657043678594258,95.33798472552613,96.4290147697002,735.05,2.4501734575879195,4327.2998046875,0.10640593071866927,4325.0,0.0856269057862229,4324.0,0.14822823325449014,4324.39990234375,0.1458929748043443,4313.10009765625,4276.39990234375,36.7001953125,16.7998046875,53.5,4318.10009765625,5.221505301339286,5.135777064732143,5.221470424107143,5.32861328125,3.1285923549107144,0.06025020637817171,0.04434398619975101,0.04149044426792142,0.05188410749822741,0.04098952759518386,0.05535136553367523,0.00025433084948085495,0.0004732799244839098,-1.800345805726722,5.252915736607143,0.10517249910159315,3.46005859375,0.0002730069281670855,0.0004178676100579133,-0.9059984629013674,4.9893275669642865,0.6929647548465628,6.02001953125,0.0001886995582650708,0.0004652398478165705,-0.14369681475765675,3.9432547433035716,1.1799323605059495,4.69501953125,0.00014470547422552605,0.0003512991130303583,0.13063021665113023,2.9412925502232143,1.139814064911727,3.288017578125,0.6895338798637566,1,1.1544114947926551,1.7417724836087278,5.421491350446429,0.12718527712987635,32.09016991274746,0,SHORT,-1.0
4330.10009765625,4335.10009765625,4329.7998046875,4334.7998046875,1578,5.30029296875,5.492919921875,3.580078125,4.86005859375,0.1267168074506036,0.29615466653169825,0.4146471483860839,0.49379401153355745,4326.426009985455,6.096390622191393,4321.84148121057,4.477462495004147,4315.025912852414,2.9643913042746135,4299.01398205021,1.4991283177450896,0.2998333819800367,0.4582566184872493,9,40,4,0,True,0,0,5.30029296875,4.69970703125,0.886688162137264,0.30029296875,0.30029296875,0.03323240888963142,0.0507318534558302,1.8250578250369662,12.7998046875,17.89990234375,76.30576065874988,4.897898236202309,3.8846434203089997,1.0132548158933092,4331.507276084037,4310.602684853463,0.4837844305398302,1.1575026541847842,99.34860665374472,97.6304062610389,795.25,1.9842816724300534,4329.89990234375,0.12718527712987635,4327.2998046875,0.10640593071866927,4325.0,0.0856269057862229,4322.0,0.11814259704008964,4313.10009765625,4276.39990234375,36.7001953125,21.69970703125,58.39990234375,4316.89990234375,5.421491350446429,5.221505301339286,5.135777064732143,5.264334542410714,3.050013950892857,0.011583727442133117,0.047327992448390976,0.04434398619975101,0.04149044426792142,0.05121155585351814,0.057647188106059594,0.0005916530589847646,0.0003323240888963142,1.2294323173341104,5.2986328125,0.1510516326858458,3.580078125,0.0004139657838750477,0.00044802458498732485,-0.7222253325990815,5.2336181640625,0.15552433295673448,6.31005859375,0.00024644198132200425,0.000507318534558302,-0.11217564729714352,4.086826869419643,1.1853197401920548,4.850048828125,0.00016547776750855503,0.0003778819517661305,0.3117847742271827,3.0097237723214287,1.1882031105281274,3.370029296875,1.6267538677482127,1,1.2407915016226536,2.3661690032469993,5.492919921875,0.29615466653169825,30.646544253777225,0,SHORT,-1.0
4334.7001953125,4336.60009765625,4332.39990234375,4336.60009765625,1397,4.2001953125,5.46435546875,3.9201171875,4.7900634765625,0.1260055192016265,0.2913991132342738,0.4400592822460304,0.4307572407654007,4328.460827519614,7.397132029003842,4323.247063729206,5.2510467960755705,4315.871959315309,3.3422621416057154,4299.38797325027,1.6095857240979967,0.30886585314708986,0.48027695298516854,9,45,4,0,True,0,0,4.2001953125,1.89990234375,0.4523366658916531,0.0,2.30029296875,0.03375600325817249,0.047373049470698717,1.7752868521535525,12.60009765625,19.0,86.81297061401156,5.467230113583355,4.201160758963871,1.2660693546194839,4334.415502792692,4309.554467910433,0.5752226110576427,1.087872241598326,100.0,98.22886379309018,789.4,1.769698505193818,4334.7998046875,0.29615466653169825,4329.89990234375,0.12718527712987635,4327.2998046875,0.10640593071866927,4324.0,0.14822823325449014,4313.10009765625,4276.39990234375,36.7001953125,23.5,60.2001953125,4317.60009765625,5.492919921875,5.421491350446429,5.221505301339286,5.221470424107143,4.950020926339286,-0.04861674563732247,0.03323240888963142,0.047327992448390976,0.04434398619975101,0.05188410749822741,0.04261685964941187,0.0005821656485462068,0.0003375600325817249,1.2774819281416887,5.347209821428572,0.15888495726316412,3.9201171875,0.0004392770869522389,0.00043928512091116545,-0.9563849281113346,5.285051618303571,0.13500974106968108,3.870068359375,0.00021504574753485327,0.0004737304947069872,-0.1921218789470846,4.218612234933035,1.1845918365531132,4.7800537109375,0.0001821592094425162,0.00036989002499164113,0.28172377483497346,3.0780126953125,1.2293212752562688,3.40603515625,1.5923083379906047,1,1.3496750817318677,2.4512089240540424,5.46435546875,0.2913991132342738,29.571378153461357,0,SHORT,-1.0
4336.7998046875,4340.2001953125,4336.10009765625,4339.2998046875,1220,4.10009765625,5.492919921875,4.30009765625,4.8400634765625,0.12658539785477163,0.3306313222543353,0.4165413374113646,0.5165579033472318,4330.628622953192,8.777666560702528,4324.775896201425,6.112833261925516,4316.790698349513,3.7719696924250457,4299.7851059013865,1.7358565595541222,0.3358303143252297,0.5214314964724375,9,50,4,0,True,0,0,4.10009765625,2.5,0.6097415743717994,0.900390625,0.69970703125,0.027553072107785733,0.046983107252737785,1.7448833867531426,14.2998046875,18.0,87.36807839912281,6.066344480251246,4.574197503221346,1.4921469770298996,4337.493308863857,4308.706642308018,0.6658801951934464,1.06275460273035,98.2414312689542,99.19667930756621,816.7,1.4938165789151463,4336.60009765625,0.2913991132342738,4334.7998046875,0.29615466653169825,4329.89990234375,0.12718527712987635,4325.0,0.0856269057862229,4313.10009765625,4276.39990234375,36.7001953125,26.19970703125,62.89990234375,4321.2998046875,5.46435546875,5.492919921875,5.421491350446429,5.135777064732143,5.128592354910714,0.1111966798911155,0.03375600325817249,0.03323240888963142,0.047327992448390976,0.04149044426792142,0.04218665917999495,0.0006604201798337428,0.0002755307210778573,1.743234986085561,5.418638392857143,0.11401221125858836,4.30009765625,0.0004158421175909588,0.00042037493642316763,-1.0067108179438429,5.321484375,0.13723659399274937,3.820068359375,0.00025775218253285546,0.00046983107252737786,-0.41242250643158557,4.352183314732143,1.1692779306799703,4.8300537109375,0.00018902419806955174,0.00037488113044324413,0.24747950520619608,3.148015485491072,1.2653896501341304,3.4600390625,1.8161313768067113,1,1.453725516753228,2.6529941052957757,5.492919921875,0.3306313222543353,29.165382309036463,0,SHORT,-1.0
4339.5,4340.7001953125,4338.2001953125,4339.10009765625,967,2.5,5.457205636160714,4.16005859375,4.795068359375,0.12576814347077186,0.272694139564064,0.3793902330199517,0.5352200569103336,4332.322917893804,9.38219184231275,4326.140105863789,6.654496091146939,4317.665576753699,4.086805899339197,4300.176299849196,1.8360002054168945,0.2995740192254581,0.4964377282472923,9,55,4,0,True,0,0,2.5,0.39990234375,0.1599609375,1.2001953125,0.89990234375,0.04240902313980671,0.0461412764627438,1.6953763939513458,11.80029296875,16.39990234375,86.7137881581643,6.45067290201132,4.9494925829793415,1.5011803190319783,4339.9021542905275,4308.607806646972,0.7236933942355875,0.9743705590730641,96.90504523903968,98.38215883599787,814.75,1.1868671371586377,4339.2998046875,0.3306313222543353,4336.60009765625,0.2913991132342738,4334.7998046875,0.29615466653169825,4327.2998046875,0.10640593071866927,4313.10009765625,4276.39990234375,36.7001953125,26.0,62.7001953125,4322.7001953125,5.492919921875,5.46435546875,5.492919921875,5.221505301339286,5.171456473214286,0.10885121149837888,0.027553072107785733,0.03375600325817249,0.03323240888963142,0.04434398619975101,0.04202557092797667,0.0005448662561021278,0.0004240902313980671,-0.03172559137052709,5.465778459821429,0.029623403678310626,4.16005859375,0.00037883313147865085,0.00044492642675503756,-0.6905036844345338,5.350059291294643,0.13218319593191685,3.780078125,0.0002670331562387218,0.00046141276462743794,-0.44937787144502755,4.481112234933036,1.1400429395737197,4.78505859375,0.00018996440063608012,0.0003742176573696484,0.24478172051133792,3.218875558035714,1.293771131777439,3.48404296875,1.4881479953770067,1,1.552906317829874,2.3819546902596858,5.457205636160714,0.272694139564064,28.867124053256696,0,SHORT,-1.0
4339.39990234375,4344.89990234375,4338.0,4344.2998046875,1322,6.89990234375,5.771484375,4.60009765625,5.0400634765625,0.13285188947532045,0.3325689431285794,0.4601771989904217,0.667357309407948,4334.718295252544,10.385733942601291,4327.869600989857,7.392153829489871,4318.710056280514,4.491241054021884,4300.615339698334,1.9610141570419728,0.3796372167471358,0.5925322161827348,10,0,4,0,True,0,0,6.89990234375,4.89990234375,0.7101408251362253,0.60009765625,1.39990234375,0.05176638986337899,0.04962760761914769,1.7495293144483972,14.39990234375,19.89990234375,92.02552311909291,7.093064415545996,5.3782069494926725,1.7148574660533233,4343.1464709453385,4308.243470460912,0.8068761371482668,1.0330439711816795,98.9264781670641,98.02431822501923,868.35,1.5224275925606034,4339.10009765625,0.272694139564064,4339.2998046875,0.3306313222543353,4336.60009765625,0.2913991132342738,4329.89990234375,0.12718527712987635,4313.10009765625,4276.39990234375,36.7001953125,31.19970703125,67.89990234375,4324.39990234375,5.457205636160714,5.492919921875,5.46435546875,5.421491350446429,5.32861328125,0.1458929748043443,0.04240902313980671,0.027553072107785733,0.03375600325817249,0.047327992448390976,0.04098952759518386,0.000664361958101245,0.0005176638986337899,-0.35962282771294724,5.535777064732143,0.1327647536557554,4.60009765625,0.00045934640379105,0.0005151259792586062,-0.4771348649490529,5.394346400669643,0.18701671489240615,4.030078125,0.0003327424393065992,0.0004962760761914769,-0.39191385600329787,4.628970772879464,1.1036747198269092,5.0300537109375,0.0002106752638317322,0.0004004215972260036,0.37753149917720846,3.2988783482142856,1.3257172696707522,3.596044921875,1.9194164588768594,1,1.5870344809418806,2.857597421056326,5.771484375,0.3325689431285794,29.210777315561252,1,SHORT,2.0
4344.2001953125,4345.2001953125,4341.7998046875,4343.7998046875,1148,3.400390625,3.9715053013392856,4.2201171875,5.115087890625,0.09142928956011134,0.20762204497351222,0.5043915938801481,0.6347860013821287,4336.534597139535,10.108587154080851,4329.386763246775,7.545282036205208,4319.693967982749,4.668055130335233,4301.04503586738,2.031053817169777,0.3329118470791382,0.5580450116008557,10,5,4,0,True,0,0,3.400390625,0.400390625,0.11774842044801838,1.0,2.0,0.05362443170965237,0.05057251201025464,1.1879976463518451,9.0,21.7998046875,90.43298720479858,7.475643927113197,5.797694345016778,1.677949582096419,4345.705524732865,4308.42440690776,0.8615798033907565,0.9488824328094037,94.94447382337388,96.9253324098258,897.95,1.2784676206915753,4344.2998046875,0.3325689431285794,4339.10009765625,0.272694139564064,4339.2998046875,0.3306313222543353,4334.7998046875,0.29615466653169825,4313.10009765625,4276.39990234375,36.7001953125,30.69970703125,67.39990234375,4322.0,5.771484375,5.457205636160714,5.492919921875,5.492919921875,5.264334542410714,0.11814259704008964,0.05176638986337899,0.04240902313980671,0.027553072107785733,0.03323240888963142,0.05121155585351814,0.00041501462294060156,0.0005362443170965237,0.6555727021262876,5.231494140625,0.7163579490714572,4.2201171875,0.0005033338409626831,0.00043076055651432874,0.28357215866577296,5.2650634765625,0.4893544762508774,3.90009765625,0.00031656137479648127,0.0005057251201025463,-0.3034050996373233,4.687545340401785,1.0301358634686806,5.1100830078125,0.00020558146575432978,0.00040295619315330747,0.39884159208843334,3.343024553571429,1.3102306810855837,3.638056640625,0.8245720522872073,1,2.440584747742274,3.641194727432078,3.9715053013392856,0.20762204497351222,29.57176391243519,0,SHORT,-1.0
4343.60009765625,4348.7998046875,4315.0,4348.7001953125,1159,33.7998046875,6.057198660714286,10.1400390625,6.5900634765625,0.1392875661385761,0.27902267637704464,0.5712348592160037,0.6713428869778787,4338.967716774128,10.506889254514135,4331.226137729225,7.979074000018954,4320.83146709372,4.959507778410625,4301.519216558377,2.1312433081066047,0.40344366762701683,0.6449853096798823,10,10,4,0,True,0,0,33.7998046875,5.10009765625,0.15089133512467134,0.099609375,28.60009765625,0.062392878580936346,0.052868804045754524,1.7666689249495293,12.10009765625,24.7001953125,90.77486484915421,8.08110753814617,6.254376983642657,1.8267305545035137,4349.148499508878,4307.881432131748,0.9533770289115602,0.9891365142989033,99.70529600416053,97.85874933153275,933.25,1.2418965979105276,4343.7998046875,0.20762204497351222,4344.2998046875,0.3325689431285794,4339.10009765625,0.272694139564064,4336.60009765625,0.2913991132342738,4313.10009765625,4276.39990234375,36.7001953125,35.60009765625,72.30029296875,4324.0,3.9715053013392856,5.771484375,5.457205636160714,5.46435546875,5.221470424107143,0.14822823325449014,0.05362443170965237,0.05176638986337899,0.04240902313980671,0.03375600325817249,0.05188410749822741,0.0005575791972946664,0.0006239287858093635,-0.12901049606593273,5.350062779017857,0.8077663324098611,10.1400390625,0.0005698724229204366,0.00047310403546923884,0.0027630634599371557,5.348636300223214,0.5488314716076921,7.030078125,0.00033473840791821695,0.0005286880404575452,-0.20426790477873485,4.8461181640625,0.9811101889627751,6.58505859375,0.00023326160415823916,0.0004178703545069416,0.4077198054976869,3.4285986328125,1.3452210099150124,4.280048828125,1.6900957816599504,1,1.7160854741191018,2.8964801296451252,6.057198660714286,0.27902267637704464,29.417464615220688,0,SHORT,-1.0
4348.5,4349.39990234375,4344.39990234375,4347.0,1121,5.0,6.207205636160714,10.32001953125,6.61005859375,0.1427928602751487,0.1774524844810657,0.5086705202312138,0.7065909880690374,4340.574173419303,9.945550466111854,4332.728410326442,7.952514125016933,4321.857684070436,5.066985720923185,4301.971761667249,2.1866557658622696,0.3293903591913072,0.5817478910107005,10,15,4,0,True,0,0,5.0,1.5,0.3,0.89990234375,2.60009765625,0.07495378907578581,0.049600368519229575,1.7650434266554849,7.7001953125,22.0,85.84103938005934,8.327753105471857,6.669052208008497,1.6587008974633592,4351.429104575289,4308.650827065336,0.987941863068899,0.8964636999641146,93.02351989325915,95.89109657359775,954.3,1.1746830137273394,4348.7001953125,0.27902267637704464,4343.7998046875,0.20762204497351222,4344.2998046875,0.3325689431285794,4339.2998046875,0.3306313222543353,4313.10009765625,4276.39990234375,36.7001953125,33.89990234375,70.60009765625,4325.0,6.057198660714286,3.9715053013392856,5.771484375,5.492919921875,5.135777064732143,0.0856269057862229,0.062392878580936346,0.05362443170965237,0.05176638986337899,0.027553072107785733,0.04149044426792142,0.0003548779329806129,0.0007495378907578581,0.4742286582095667,5.492919921875,0.897523076173907,10.32001953125,0.0005076490564071779,0.0005562061042143758,-0.2615007032264034,5.455779157366072,0.6044262835444927,7.31005859375,0.0003522319601897639,0.0004960036851922958,0.04816799965531987,5.005048479352679,0.9271624608764081,6.6050537109375,0.0002221842671742058,0.00042701480346177934,0.3968533414156457,3.5167438616071434,1.380261889141903,4.33404296875,1.1014840618215929,1,1.7513075759367547,2.3067705104905265,6.207205636160714,0.1774524844810657,29.174479302594662,0,SHORT,-1.0
4347.2001953125,4349.10009765625,4345.7998046875,4349.0,978,3.30029296875,6.128662109375,10.480078125,6.5900634765625,0.14092117979707977,0.22815565718563158,0.5014719638559247,0.7179249652616952,4342.259338735443,9.93642084163912,4334.278085533448,8.137979669658307,4322.922088616694,5.256511862995467,4302.439704337226,2.2634044880305737,0.3396624345745091,0.6032473139401571,10,20,4,0,True,0,0,3.30029296875,1.7998046875,0.5453469448143217,0.10009765625,1.400390625,0.07152527972325298,0.049658571892017334,1.701108134178061,9.89990234375,21.7001953125,85.96536314444397,8.585634924824262,7.052368751371651,1.5332661734526116,4353.783253512861,4309.396678127764,1.0247178457643091,0.8922364820587859,98.83748988658785,97.18876859466907,978.9,0.9990806006742262,4347.0,0.1774524844810657,4348.7001953125,0.27902267637704464,4343.7998046875,0.20762204497351222,4339.10009765625,0.272694139564064,4313.10009765625,4276.39990234375,36.7001953125,35.89990234375,72.60009765625,4327.2998046875,6.207205636160714,6.057198660714286,3.9715053013392856,5.457205636160714,5.221505301339286,0.10640593071866927,0.07495378907578581,0.062392878580936346,0.05362443170965237,0.04240902313980671,0.04434398619975101,0.0004560999903231,0.0007152527972325298,-0.09305955175197823,5.627211216517857,0.9400681556059669,10.480078125,0.0005004831232126139,0.0005563227458664958,-0.21312801700361558,5.546494838169643,0.6327694042158205,7.320068359375,0.0003578611427890177,0.0004965857189201733,0.010810435102233467,5.1532662527901785,0.8512461841257345,6.58505859375,0.0002239419696527012,0.00042782502863099694,0.38450271411674647,3.602746930803572,1.4066400381870034,4.358046875,1.3982889312331321,1,1.8529324531339995,2.4103008154175827,6.128662109375,0.22815565718563158,28.948850083727642,1,SHORT,2.0
4347.2998046875,4351.0,4345.10009765625,4350.60009765625,1159,5.89990234375,6.764334542410714,5.2,5.8650634765625,0.15548049442776385,0.1265793624171444,0.1450243595516125,0.6058689275776726,4344.812975374715,1.9854848551103714,4339.172233420582,3.86348006591561,4327.599687146432,3.8078726850490057,4304.901336877677,2.0371510148870584,0.26336507566234507,0.5314819339259175,10,50,4,0,True,0,0,5.89990234375,3.30029296875,0.559380948439957,0.39990234375,2.19970703125,0.08229469630964939,0.06551504687333125,1.6308397706042703,5.5,6.30029296875,70.46664895702884,7.075528449699959,7.175958749645644,-0.10043029994568453,4356.886007539142,4320.9939729296075,0.8272074444522546,0.8248661589883146,98.88916015625,90.86809430803562,1053.0,1.100664767331434,4347.2001953125,-0.041384334042308575,4343.60009765625,-0.07821261430296757,4341.5,-0.16557120493753857,4345.10009765625,0.018421679090528782,4313.10009765625,4276.39990234375,36.7001953125,37.5,74.2001953125,4344.2998046875,6.721505301339286,6.742919921875,6.650076729910714,6.185791015625,5.771484375,0.3325689431285794,0.08927826945905872,0.08100862661338924,0.07275869184323056,0.07822606531430229,0.05176638986337899,0.0002533016419044465,0.0008229469630964939,-1.9099083078874972,6.680071149553572,0.09849548953815467,5.2,0.00014519350866954995,0.000765474973741246,-0.6167585274897889,6.195071847098214,0.8288430944907688,7.700048828125,0.00030226995623029994,0.0006551504687333124,-0.7946240223284977,5.794709123883928,0.7146368730157877,5.8650634765625,0.0001960138351877583,0.0005019562681218851,-0.24247362336240635,4.147761579241071,1.5759458145838363,4.65404296875,0.8562251535546145,1,1.7108181450212445,1.6938785577679285,6.764334542410714,0.1265793624171444,29.397193671245642,1,SHORT,2.0
4350.39990234375,4352.2998046875,4349.39990234375,4350.2998046875,982,2.89990234375,6.671456473214286,4.33994140625,5.775048828125,0.15335624606896545,0.23732268865207373,0.14963857203975406,0.654784930298473,4345.910341237272,3.6483488215881152,4340.23200211267,4.476463363209405,4328.489887834317,4.062458253773002,4305.353062925536,2.119366474315939,0.23196461778839458,0.5038689570346851,10,55,4,0,True,0,0,2.89990234375,0.10009765625,0.034517595554807205,1.89990234375,0.89990234375,0.03647848693377657,0.06302220070781851,1.5747652925957776,10.2998046875,6.5,68.46316842368486,7.1064121119216,7.162049422100836,-0.05563731017923601,4357.099632210293,4323.610328727207,0.7715798277741075,0.7969552419557724,94.63804162848541,95.17591994014981,1068.95,0.9186584966555966,4350.60009765625,0.1265793624171444,4347.2001953125,-0.041384334042308575,4343.60009765625,-0.07821261430296757,4340.0,-0.08747651499499444,4313.10009765625,4276.39990234375,36.7001953125,37.19970703125,73.89990234375,4343.7998046875,6.764334542410714,6.721505301339286,6.742919921875,6.521519252232143,3.9715053013392856,0.20762204497351222,0.08229469630964939,0.08927826945905872,0.08100862661338924,0.0957412767036531,0.05362443170965237,0.00047424864924650034,0.00036478486933776567,-0.7615344198776898,6.71005859375,0.048074734254278634,4.33994140625,0.0001498005088200749,0.0007638713379003525,-0.6408362757407438,6.465066964285714,0.2860746548049852,7.65,0.000326567174891379,0.0006302220070781851,-0.8860614796682708,5.865065220424108,0.7287985952626541,5.775048828125,0.00019277689772975392,0.0005031556995032904,-0.2235631145416529,4.236476702008929,1.5908936930054427,4.662041015625,1.5832879874484957,1,1.7600525950362733,1.5125866975387385,6.671456473214286,0.23732268865207373,28.290840625121156,1,SHORT,2.0
4350.60009765625,4351.7998046875,4348.0,4348.89990234375,811,3.7998046875,6.650006975446429,4.29990234375,5.8400390625,0.15291239450838004,0.17044575247610272,0.004592338452424609,0.5758534307065217,4346.508253458568,4.39865952602031,4341.057516420392,4.754886123260803,4329.290280560177,4.193338414163918,4305.786364810294,2.171909119781958,0.18065611648068722,0.45295234351981617,11,0,4,0,True,0,0,3.7998046875,1.7001953125,0.44744281675661784,1.19970703125,0.89990234375,0.05148598991769207,0.06455298831370497,1.538115404677244,7.39990234375,0.19970703125,63.40784789754362,6.937950838525467,7.117229705385762,-0.1792788668602956,4356.861561460092,4326.338389711783,0.7030397070192989,0.7391601638914489,90.8849325827988,94.80404478917796,1079.05,0.7515870441592142,4350.2998046875,0.23732268865207373,4350.60009765625,0.1265793624171444,4347.2001953125,-0.041384334042308575,4341.5,-0.16557120493753857,4313.10009765625,4276.39990234375,36.7001953125,35.7998046875,72.5,4348.7001953125,6.671456473214286,6.764334542410714,6.721505301339286,6.650076729910714,6.057198660714286,0.27902267637704464,0.03647848693377657,0.08229469630964939,0.08927826945905872,0.07275869184323056,0.062392878580936346,0.00034076533478843984,0.0005148598991769207,-0.47178032583083884,6.710044642857143,0.04809649725443686,4.29990234375,4.807608870771585e-06,0.0006917393290872735,-0.5010529715451493,6.5243477957589295,0.251496069764855,4.65,0.0002873400158956041,0.0006455298831370498,-0.6814903570108393,5.936492047991071,0.7323963522748755,5.8400390625,0.00018587636747903203,0.0005078722038308004,-0.19624973367782567,4.323477260044643,1.6017391367080804,4.692041015625,1.1334654429012985,1,1.7695072958062479,1.1814354033334213,6.650006975446429,0.17044575247610272,27.469962699903146,1,SHORT,2.0
4349.10009765625,4349.7998046875,4347.10009765625,4349.60009765625,718,2.69970703125,6.664271763392857,3.93984375,5.8650146484375,0.15321573509674719,0.13813426340140111,0.05981361067977916,0.5687883851156069,4347.126622298105,4.71892762081643,4341.871095585712,4.873468397237048,4330.086743975709,4.2641878881177036,4306.22232235105,2.209999576301925,0.17801085984325118,0.4506457915118864,11,5,4,0,True,0,0,2.69970703125,0.5,0.18520528124434799,0.19970703125,2.0,0.05126814232485618,0.06460420910104261,1.511596649770592,6.0,2.60009765625,64.46249865490154,6.782756579870693,7.050335080282749,-0.2675785004120561,4356.320995331084,4329.338965606416,0.6213006230042544,0.7509120795056484,92.76214164157612,92.76170528428668,1095.2,0.6555880204528853,4348.89990234375,0.17044575247610272,4350.2998046875,0.23732268865207373,4350.60009765625,0.1265793624171444,4343.60009765625,-0.07821261430296757,4313.10009765625,4276.39990234375,36.7001953125,36.5,73.2001953125,4347.0,6.650006975446429,6.671456473214286,6.764334542410714,6.742919921875,6.207205636160714,0.1774524844810657,0.05148598991769207,0.03647848693377657,0.08229469630964939,0.08100862661338924,0.07495378907578581,0.00027622110969613976,0.0005126814232485618,0.12881883489514645,6.694315011160714,0.0475140983025266,3.93984375,6.000475660068449e-05,0.0006785460857803756,-0.8073936875602902,6.570054408482143,0.22787937374898598,4.419970703125,0.00028382690650393115,0.0006460420910104262,-0.6621432727462323,6.012916782924107,0.7241469735680938,5.8650146484375,0.00018399233561674277,0.0005077844832909983,-0.18481332877361983,4.408763253348215,1.6107331744707052,4.692041015625,0.9205642711430287,1,1.7682879732988768,1.1618314511290062,6.664271763392857,0.13813426340140111,26.84270476182416,1,SHORT,2.0
4349.7001953125,4353.10009765625,4349.7001953125,4352.60009765625,837,3.5,6.421421595982143,3.75986328125,5.8800048828125,0.14753070468017251,0.12421563537774515,0.08277989552195908,0.5846669773456356,4348.221317369735,4.85512256540369,4342.892905306716,4.923604963571961,4330.969620590633,4.308725709907776,4306.683792752097,2.2417399023461257,0.22351903584066293,0.4994372845004434,11,10,4,0,True,0,0,3.39990234375,2.89990234375,0.8529369524630188,0.5,0.0,0.047778247917034666,0.06501851287297385,1.431283616099595,5.39990234375,3.60009765625,62.170134165724015,6.823185504516005,7.004905165129401,-0.18171966061339617,4356.119523806244,4332.070466428132,0.553603395071772,0.8536563785158199,98.68766740570814,94.11158054336092,1102.55,0.7591492449322027,4349.60009765625,0.13813426340140111,4348.89990234375,0.17044575247610272,4350.2998046875,0.23732268865207373,4347.2001953125,-0.041384334042308575,4313.10009765625,4276.39990234375,36.7001953125,39.5,76.2001953125,4349.0,6.664271763392857,6.650006975446429,6.671456473214286,6.721505301339286,6.128662109375,0.22815565718563158,0.05126814232485618,0.05148598991769207,0.03647848693377657,0.08927826945905872,0.07152527972325298,0.0002483992129219903,0.0004777824791703467,0.0761376925166805,6.634298270089286,0.12723189092525716,3.73984375,8.296787287256357e-05,0.0006972185558310332,-0.7917189557955513,6.599330357142857,0.1782803099873979,4.429931640625,0.0002917254980425887,0.0006501851287297384,-0.6790769884453918,6.07291259765625,0.7045693735455394,5.875,0.00020288953993258252,0.0005086892753445846,-0.2654080566891323,4.486477399553571,1.6122560777426105,4.69603515625,0.7976409635732962,1,1.8567983020369259,1.515067906204497,6.421421595982143,0.12421563537774515,25.56234416186469,1,SHORT,2.0
4352.39990234375,4356.2998046875,4327.60009765625,4355.10009765625,991,28.69970703125,5.978515625,8.1998046875,6.92998046875,0.1372761932203903,0.11034395752627502,0.3479285174251152,0.46830981552592066,4350.29767827288,4.387337035607743,4344.891942467629,4.659940354958962,4332.73090294862,4.241015114302172,4307.617879629238,2.2648167037023086,0.23494612348917654,0.5162839605941638,11,20,4,0,True,0,0,28.69970703125,2.7001953125,0.09408442077683447,1.19970703125,24.7998046875,0.04158222605712207,0.06210761220472455,1.2920806617247562,4.80029296875,15.10009765625,60.256029045837955,6.863197595140264,6.940115382816585,-0.0769177876763214,4356.503724239944,4335.986314822557,0.4720720834924306,0.9315885083179913,95.81979345662418,97.05535074965964,1018.2,0.9732861913180121,4352.60009765625,0.045970669680199694,4352.60009765625,0.12421563537774515,4349.60009765625,0.13813426340140111,4350.2998046875,0.23732268865207373,4313.10009765625,4276.39990234375,36.7001953125,42.0,78.7001953125,4340.0,6.342808314732143,6.421421595982143,6.664271763392857,6.671456473214286,6.521519252232143,-0.08747651499499444,0.03767119510837469,0.047778247917034666,0.05126814232485618,0.03647848693377657,0.0957412767036531,0.00022065972272919954,0.00041582226057122073,-0.13400570266575737,6.411404854910714,0.27976398585214646,8.17978515625,0.00034745418598784993,0.0003922404268738995,-0.3969156116423186,6.560731724330357,0.2461484219532246,6.25986328125,0.00023381884082748772,0.0006210761220472455,-0.6197665725134288,6.1432582310267865,0.6748873285772704,6.9249755859375,0.0002162352220182573,0.0005090698299584264,-0.33159984149711663,4.627045200892857,1.5989880379789005,5.206015625,0.6596930741951715,1,2.0341235654141383,1.7114848392683928,5.978515625,0.11034395752627502,25.652717623188803,1,SHORT,2.0
4355.2001953125,4355.60009765625,4326.60009765625,4351.10009765625,677,29.0,7.692801339285714,13.23984375,8.169970703125,0.1768012954569695,0.05059199710055985,0.22112398148681334,0.33436331857845597,4350.4581621495545,3.9499086909863763,4345.483195342736,4.42567892234365,4333.45126352539,4.160982965212497,4308.050538515079,2.2641737047852075,0.12925840605100733,0.4072697039288405,11,25,4,0,True,0,0,29.0,4.10009765625,0.14138267780172414,0.39990234375,24.5,0.06371371083496956,0.0670225505362363,1.6271073211567328,2.2001953125,9.60009765625,56.119459546123686,6.5333488459627915,6.858762075445826,-0.3254132294830345,4356.372478577481,4337.5675604850185,0.432598292787179,0.7196275519357664,82.49239621866009,91.65692702064364,982.2,0.6892689879861535,4355.10009765625,0.11034395752627502,4352.60009765625,0.045970669680199694,4352.60009765625,0.12421563537774515,4348.89990234375,0.17044575247610272,4313.10009765625,4276.39990234375,36.7001953125,38.0,74.7001953125,4341.5,5.978515625,6.342808314732143,6.421421595982143,6.650006975446429,6.650076729910714,-0.16557120493753857,0.04158222605712207,0.03767119510837469,0.047778247917034666,0.05148598991769207,0.07275869184323056,0.00010132593520035815,0.0006371371083496956,-1.2111673410277441,6.619963727678571,0.6481962496638236,13.21982421875,0.000221045634994399,0.0005604983603558756,-0.874514104876279,6.665004185267857,0.43591194735915606,8.75986328125,0.00016713008755914194,0.0006702255053623631,-0.4586880593705757,6.254680524553572,0.7379153265160928,8.1649658203125,0.00019322375174467998,0.0005337442832767581,-0.35714674843070643,4.727900390625,1.6304694737132586,5.744013671875,0.3891941830523258,1,1.564050764693636,0.7310942248297422,7.692801339285714,0.05059199710055985,27.06337731022854,0,SHORT,-1.0
4351.0,4357.2998046875,4350.7998046875,4357.0,1257,6.5,7.921351841517857,13.99990234375,8.2899658203125,0.1818074785751172,0.17012833772321695,0.3084976066507691,0.4079044110614224,4351.766529719644,4.639907421538737,4346.5800338815225,4.708938295810185,4334.3747433871395,4.287999411430064,4308.537597833338,2.3152754822876886,0.23972792488011407,0.5219958575889037,11,30,4,0,True,0,0,6.5,6.0,0.9230769230769231,0.2998046875,0.2001953125,0.08527498501233573,0.07150214326043441,1.6393872160408625,7.39990234375,13.39990234375,60.69507546085958,6.671113701282593,6.82123240061318,-0.1501186993305872,4357.54531839474,4338.164740199009,0.4457503312585139,0.9718626354057728,99.02342818061807,92.44520595196735,984.05,1.277374117168843,4351.10009765625,0.05059199710055985,4355.10009765625,0.11034395752627502,4352.60009765625,0.045970669680199694,4349.60009765625,0.13813426340140111,4313.10009765625,4276.39990234375,36.7001953125,43.89990234375,80.60009765625,4343.60009765625,7.692801339285714,5.978515625,6.342808314732143,6.664271763392857,6.742919921875,-0.07821261430296757,0.06371371083496956,0.04158222605712207,0.03767119510837469,0.05126814232485618,0.08100862661338924,0.0003403161984332881,0.0008527498501233572,-0.6254636438589882,6.871379743303573,0.8741040081938956,13.9798828125,0.00030826865406471395,0.0006641927971036243,-0.3368362460364643,6.782847377232143,0.5910105681593845,8.95986328125,0.00020380091115381748,0.0007150214326043441,-0.29520491512098485,6.376102120535714,0.8029062846481094,8.2849609375,0.00021894918394195219,0.0005581101615451118,-0.26407298422578335,4.831898018973215,1.6653411745467386,5.81201171875,1.3476464213181765,1,1.5408090359541813,1.3185812088641113,7.921351841517857,0.17012833772321695,28.044959471045246,0,SHORT,-1.0
4357.2998046875,4359.39990234375,4355.2001953125,4358.5,1064,4.19970703125,7.828473772321429,14.13984375,8.374951171875,0.17961394452957274,0.135548918149566,0.2599329264772383,0.447095063656835,4353.113223775715,4.89190640598008,4347.715268749949,4.822363443233371,4335.3208318817615,4.351211291128493,4309.034736163355,2.3509434112575036,0.24805514122712016,0.5346586565815366,11,35,4,0,True,0,0,4.19970703125,1.2001953125,0.2857807231717242,0.89990234375,2.099609375,0.08310830908404743,0.07131679294496224,1.5867181052751531,5.89990234375,11.2998046875,69.14245057965151,6.822683161133682,6.821522552717282,0.0011606084164004216,4358.707298294657,4338.942750533468,0.4544801791341905,0.9895116095160797,97.25637895614375,92.92406778514055,988.9,1.0759429669329559,4357.0,0.17012833772321695,4351.10009765625,0.05059199710055985,4355.10009765625,0.11034395752627502,4352.60009765625,0.12421563537774515,4313.10009765625,4276.39990234375,36.7001953125,45.39990234375,82.10009765625,4347.2001953125,7.921351841517857,7.692801339285714,5.978515625,6.421421595982143,6.721505301339286,-0.041384334042308575,0.08527498501233573,0.06371371083496956,0.04158222605712207,0.047778247917034666,0.08927826945905872,0.00027122719911576443,0.0008310830908404743,-0.28977748928269725,7.152790178571427,0.9184006137322375,14.13984375,0.0002598132060188774,0.0006392012026755463,-0.1680248683127033,6.893544224330357,0.6758266718407855,8.93984375,0.0002233157337959979,0.0007131679294496224,-0.3857877750305776,6.49466552734375,0.8345303934377809,8.3699462890625,0.00021655305194593356,0.0005572928478433166,-0.25336762747846625,4.933752092633928,1.6900772925584848,5.84400390625,1.0611411506004214,1,1.5832507368179332,1.381046120204096,7.828473772321429,0.135548918149566,28.55045501125608,0,SHORT,-1.0
4358.5,4363.7998046875,4358.10009765625,4363.2001953125,1558,5.69970703125,7.721296037946429,14.81982421875,8.31494140625,0.17696405602111998,0.24353483937010084,0.2896174636468636,0.4350618390702795,4355.1306180830725,6.033544656034792,4349.190023660668,5.3726238444724,4336.414140251595,4.596265658388802,4309.5736959558835,2.4330245480232406,0.32213289315052296,0.617700574589278,11,40,4,0,True,0,0,5.69970703125,4.7001953125,0.8246380536280304,0.599609375,0.39990234375,0.08814998342459972,0.0704994928718088,1.5338624108408048,10.60009765625,12.60009765625,83.52572605910079,7.238627142799487,6.904943470733723,0.33368367206576366,4361.306608584845,4338.233479305781,0.530444806184203,1.082068916823224,98.38813414714183,98.22264709463445,1000.7,1.5569101628859798,4358.5,0.135548918149566,4357.0,0.17012833772321695,4351.10009765625,0.05059199710055985,4352.60009765625,0.045970669680199694,4313.10009765625,4276.39990234375,36.7001953125,50.10009765625,86.80029296875,4350.60009765625,7.828473772321429,7.921351841517857,7.692801339285714,6.342808314732143,6.764334542410714,0.1265793624171444,0.08310830908404743,0.08527498501233573,0.06371371083496956,0.03767119510837469,0.08229469630964939,0.0004869066903397945,0.0008814998342459972,-1.164688454627919,7.428487723214286,0.8156165399560682,14.81982421875,0.00028944393914013264,0.0006721219125999986,-0.12422311018953974,6.989240373883929,0.7216936566155229,8.91982421875,0.0002173187239048413,0.000704994928718088,-0.4213608836332333,6.592156110491071,0.8591281299037141,8.3099365234375,0.00024229533228351308,0.0005668923318260531,-0.29904299734960404,5.033890904017857,1.7041665164994806,5.9219921875,1.8804045903302795,1,1.6546293972262558,1.8203295086776132,7.721296037946429,0.24353483937010084,28.2142095906853,0,SHORT,-1.0
4363.39990234375,4367.5,4362.39990234375,4367.10009765625,2304,5.10009765625,7.799874441964286,10.09990234375,8.3999267578125,0.17860535063417365,0.27553901703563477,0.3861870152178359,0.5364034719925648,4357.524513997709,7.226835724828561,4350.895744993581,6.003802525951869,4337.617511130209,4.886608181589509,4310.146097962853,2.528218333614859,0.3724371626535794,0.679695396156747,11,45,4,0,True,0,0,5.10009765625,3.7001953125,0.7255146002872188,0.39990234375,1.0,0.09007891996940687,0.07159681050877804,1.518742759863597,12.0,16.80029296875,84.59427002916452,7.793121023175445,7.082578981222069,0.7105420419533761,4364.466545147614,4337.403572039886,0.6220036094143592,1.0973120173512658,99.02224132373482,98.22225147567337,1058.5,2.1766650921114783,4363.2001953125,0.24353483937010084,4358.5,0.135548918149566,4357.0,0.17012833772321695,4355.10009765625,0.11034395752627502,4313.10009765625,4276.39990234375,36.7001953125,54.0,90.7001953125,4350.2998046875,7.721296037946429,7.828473772321429,7.921351841517857,5.978515625,6.671456473214286,0.23732268865207373,0.08814998342459972,0.08310830908404743,0.08527498501233573,0.04158222605712207,0.03647848693377657,0.0005507962168512348,0.0009007891996940687,-1.408805983780439,7.792759486607143,0.09077552290797396,10.09990234375,0.0003857279697902172,0.0006839259706987698,-0.5338668715192251,7.102082170758928,0.7539808337955859,9.13984375,0.00026776423930514605,0.0007159681050877805,-0.5823668526231367,6.783574567522322,0.6440772313558648,8.394921875,0.0002606360863623358,0.0005729291255777049,-0.3563847063841978,5.135744280133929,1.7144255143422447,5.953994140625,2.1491697367402094,1,1.7023650780752269,2.0852519889867103,7.799874441964286,0.27553901703563477,27.28025397265616,1,SHORT,2.0
4367.2998046875,4368.2998046875,4364.2998046875,4365.7001953125,1858,4.0,7.76416015625,5.09990234375,6.9099365234375,0.17784455663232357,0.33554956973098465,0.38631132806013374,0.39092140723622293,4359.159650260667,8.701488111112667,4352.305692643002,6.82249730026615,4338.718792862848,5.2675293374586545,4310.698875050909,2.6483365358299125,0.30775647703560643,0.6218748837568351,11,50,4,0,True,0,0,4.0,1.599609375,0.39990234375,1.0,1.400390625,0.06660927062816112,0.06973840279367492,1.4823491025559925,14.60009765625,16.80029296875,80.44066018320487,8.02706993310585,7.271477171598826,0.7555927615070237,4366.7818653284885,4336.788251859012,0.6892255262066755,0.9639366554786978,93.76588096158125,97.05875214415255,1093.45,1.699208925876812,4367.10009765625,0.27553901703563477,4363.2001953125,0.24353483937010084,4358.5,0.135548918149566,4351.10009765625,0.05059199710055985,4313.10009765625,4276.39990234375,36.7001953125,52.60009765625,89.30029296875,4348.89990234375,7.799874441964286,7.721296037946429,7.828473772321429,7.692801339285714,6.650006975446429,0.17044575247610272,0.09007891996940687,0.08814998342459972,0.08310830908404743,0.06371371083496956,0.05148598991769207,0.000670377593899718,0.0006660927062816112,-0.8549705493813057,7.80703125,0.0754464322650514,5.09990234375,0.0003858517645500381,0.0006837837725530944,-0.534072697454487,7.213497488839285,0.762031307697868,9.15986328125,0.00019532968671040485,0.0006973840279367493,-0.4275654239970956,6.8689226422991085,0.6557484426426525,6.904931640625,0.00025097850790310126,0.0005786613188280368,-0.31517304253148004,5.237740652901786,1.7160946573049287,5.9619921875,2.605260599752142,1,1.7499509936327564,1.730480161233516,7.76416015625,0.33554956973098465,26.280622069386457,1,SHORT,2.0
4365.89990234375,4366.5,4361.2001953125,4365.10009765625,2054,5.2998046875,7.828438895089286,4.85986328125,6.9249267578125,0.17934156651510932,0.18590997604429654,0.3563545993194193,0.41638135855187486,4360.347739739784,8.581210020140134,4353.524207406168,6.944173524645521,4339.753353835138,5.378610447998653,4311.240180748475,2.7025829151371,0.26589699973160213,0.5840595479628443,11,55,4,0,True,0,0,5.2998046875,0.7998046875,0.15091210613598674,0.60009765625,3.89990234375,0.06146624924117549,0.06884129743738672,1.4657191105004772,8.10009765625,15.5,76.87649379023154,8.071015620066646,7.43138486129239,0.6396307587742562,4368.626171506133,4336.753955446992,0.7322417997683875,0.88936841281008,92.32678774253229,95.03830334261602,1140.1,1.8015963511972635,4365.7001953125,0.33554956973098465,4367.10009765625,0.27553901703563477,4363.2001953125,0.24353483937010084,4357.0,0.17012833772321695,4313.10009765625,4276.39990234375,36.7001953125,52.0,88.7001953125,4349.60009765625,7.76416015625,7.799874441964286,7.721296037946429,7.921351841517857,6.664271763392857,0.13813426340140111,0.06660927062816112,0.09007891996940687,0.08814998342459972,0.08527498501233573,0.05126814232485618,0.00037169482571834943,0.0006146624924117549,0.05658607900376214,7.788448660714286,0.04591073694292312,4.85986328125,0.00035600551207581876,0.0007009858685751761,-0.38913991005375037,7.329914202008929,0.7577159354696604,9.419873046875,0.00020800513433825163,0.0006884129743738672,-0.47636345681542835,6.949984305245536,0.6697012908241902,6.919921875,0.00024080655198563728,0.0005809715171162471,-0.2632501027249021,5.341022600446429,1.7134524106115119,6.03798828125,1.4553848874502884,1,1.7590804189157325,1.4826289571257905,7.828438895089286,0.18590997604429654,25.742321645580624,0,SHORT,-1.0
4364.89990234375,4368.7001953125,4361.60009765625,4367.89990234375,1674,7.10009765625,7.914167131696429,5.43994140625,7.1149169921875,0.18118929711392434,0.2156682882585752,0.35150954243966737,0.43458041719360774,4361.858172260578,8.744948484863016,4354.893321209747,7.178052459797982,4340.857140051162,5.5363081694003995,4311.803959072806,2.7692229094509457,0.29866589545733513,0.6229820844154617,12,0,4,0,True,0,0,7.10009765625,3.0,0.4225293996286363,0.80029296875,3.2998046875,0.0625614676537515,0.06930855379275827,1.453087956791133,9.39990234375,15.2998046875,76.4521427504853,8.23681485848283,7.5924708607304785,0.644343997752352,4370.84074997369,4336.429367213809,0.790405771194711,0.9145385220215839,98.09907099198571,94.73057989869966,1174.9,1.4248021108179418,4365.10009765625,0.18590997604429654,4365.7001953125,0.33554956973098465,4367.10009765625,0.27553901703563477,4358.5,0.135548918149566,4313.10009765625,4276.39990234375,36.7001953125,54.7998046875,91.5,4352.60009765625,7.828438895089286,7.76416015625,7.799874441964286,7.828473772321429,6.421421595982143,0.12421563537774515,0.06146624924117549,0.06660927062816112,0.09007891996940687,0.08310830908404743,0.047778247917034666,0.00043112146010668704,0.0006256146765375151,-0.3896441992901593,7.805587332589286,0.07274207359791424,5.43994140625,0.00035117432961122573,0.0006985927717176327,-0.37288814174174406,7.479188755580357,0.7039858503143769,9.789892578125,0.00021707110124189466,0.0006930855379275827,-0.49891271365979456,7.039259556361607,0.6734504054672799,7.109912109375,0.00025363468707927827,0.0005826248128651166,-0.3214211739781993,5.446447405133929,1.7062051931256623,6.13798828125,1.7068348782852467,1,1.7735512688846446,1.6483638946374761,7.914167131696429,0.2156682882585752,24.853037931478625,1,SHORT,2.0
4376.39990234375,4379.7998046875,4375.2998046875,4378.10009765625,1844,4.5,17.199951171875,22.019921875,18.8349853515625,0.3928633605495392,0.12807541809605488,0.39211414024879615,0.08915692400016878,4372.138458165594,4.599685935544585,4369.675430842663,2.750052200870414,4361.477425224903,2.7033656185476502,4327.27034280691,2.3741699712063564,0.19279845716051072,0.38112480727766745,14,35,4,0,False,1,1,4.5,1.7001953125,0.3778211805555556,1.69970703125,1.10009765625,0.06278193714197824,0.06289232295245353,1.4431222148999854,5.60009765625,17.10009765625,65.5410755526229,2.834891524817067,2.2155248106235055,0.6193667141935615,4378.500178781068,4359.679899343932,0.4307597066865173,0.9787420199495821,92.8883369989582,90.75898846213708,1222.25,1.508692984250358,4376.2998046875,0.14186647657281343,4370.7001953125,0.059524681168481225,4370.7001953125,0.22013018369858792,4372.5,0.26370098601238245,4313.10009765625,4276.39990234375,36.7001953125,65.0,101.7001953125,4361.0,19.107107979910715,18.878557477678573,18.778564453125,16.914306640625,18.271519252232142,-0.14882655981682885,0.06392548184181869,0.03655360340590412,0.07438564018844343,0.06578175127876107,0.04339430037026654,0.00025617727610292016,0.0006278193714197825,1.4371448621781728,18.12855050223214,1.1076257679241674,22.019921875,0.00039159837877935646,0.0006227994972114232,1.0611367077036866,17.73715122767857,0.9729482746584862,16.569921875,4.4747401413164356e-05,0.0006289232295245353,0.9598720906347182,17.700749860491072,2.3207152093764214,18.82998046875,0.0001515069133042446,0.0005961892806348095,0.16875628282734415,11.918568638392856,5.146915766875302,13.289970703125,2.2028909375696197,1,0.47662958666801536,0.490751942076816,17.199951171875,0.12807541809605488,64.65620549434601,1,SHORT,2.0
4378.0,4379.60009765625,4348.7998046875,4376.60009765625,1722,30.80029296875,21.764264787946427,22.46005859375,19.3849853515625,0.4972870333664159,0.0548649407112595,0.10750921607286235,0.17625021137172622,4374.413576258612,1.862770663637093,4371.988622297785,1.8822615056133145,4364.275367290993,2.2990099057924454,4330.019909648015,2.2826031345812225,0.1054777529599691,0.2824003832944948,15,5,4,0,False,1,1,30.80029296875,1.39990234375,0.045450942468967484,1.60009765625,27.80029296875,0.07849800657108998,0.06989092397798828,1.6352184480469985,2.39990234375,4.7001953125,69.82116988860582,2.8980247160970976,2.570723764169809,0.3273009519272887,4381.2815489542845,4359.3585877644655,0.5016328517569869,0.7864589889340053,88.81161861619185,89.510845028208,1387.7,1.2409022122937234,4378.2001953125,0.0022863263520079354,4375.89990234375,-0.009137910143214148,4372.10009765625,0.03202924660106797,4374.2001953125,0.05261540794922652,4313.10009765625,4276.39990234375,36.7001953125,63.5,100.2001953125,4371.89990234375,19.835658482142858,17.699951171875,17.578543526785715,17.299944196428573,16.678571428571427,0.23614738758454046,0.08923305395110956,0.08769857711249679,0.09928899062704004,0.08099052998516114,0.07080588468658036,0.00010995232449018122,0.0007849800657108997,-0.852695386904327,18.465673828125,2.4096407807865727,22.46005859375,0.00010771165540879313,0.0007519316900966423,-0.1247831202432617,18.359249441964288,1.7241102023650512,25.380029296875,8.828337617485804e-05,0.0006989092397798829,0.42595248030380184,18.45179268973214,1.832617935303578,19.3849853515625,0.00012073694740288187,0.0006081026179438728,0.25140916466851526,13.309698660714286,5.156750192757498,15.64998046875,1.1940950972148334,1,0.3543999800564619,0.21210638098872356,21.764264787946427,0.0548649407112595,69.7672085874461,1,SHORT,2.0
4374.60009765625,4384.0,4352.5,4382.5,3220,31.5,21.735735212053573,18.3,22.45,0.49596657643020137,0.18058570309049454,0.09820941244540544,0.22870211549456831,4375.195464475786,0.8004503590082095,4373.597492588131,0.7955235343933964,4367.356882366608,1.570240906798972,4333.837325367292,2.0726279277114372,0.20355113672339428,0.3467341470199683,15,50,4,0,False,1,1,31.5,7.89990234375,0.2507905505952381,1.5,22.10009765625,0.1440141578655498,0.08711075670609608,1.335998526130633,7.89990234375,4.2998046875,59.12027299652316,2.036553285586706,1.9283875230233745,0.10816576256333144,4381.0663645552195,4367.2837331010305,0.31509098973717187,1.104017541900157,96.7032967032967,88.32404415347469,1752.4,1.8374800273910066,4374.7001953125,0.03202137259144681,4372.2998046875,-0.03201844119313126,4374.2001953125,-0.052548947503713014,4374.60009765625,-0.08222779899613608,4313.10009765625,4276.39990234375,36.7001953125,69.39990234375,106.10009765625,4378.2001953125,21.957170758928573,21.657156808035715,23.757149832589285,25.307163783482142,19.835658482142858,0.0022863263520079354,0.12081990860434609,0.11775698203844172,0.11971528021675996,0.03552821957233277,0.08923305395110956,0.0003617403821176257,0.0014401415786554981,-0.5847121676302569,22.535728236607145,1.0381655995173695,18.3,9.8640582769427e-05,0.0010270317459581237,0.24926974181227063,23.296432059151787,1.4803753008812217,22.280029296875,0.00011458740272256018,0.0008711075670609609,0.09711962728498566,20.573556082589285,3.106883666709226,22.45,8.850519476450547e-05,0.0006853421336125519,0.29554761356024006,16.269280831473214,5.440858891675977,17.764013671875,3.925163025457514,1,0.2871129115550687,0.4104130124825872,21.735735212053573,0.18058570309049454,73.33188643925448,1,SHORT,2.0
4382.0,4387.7998046875,4354.7001953125,4381.5,3739,33.099609375,23.635707310267858,23.07998046875,23.9449951171875,0.5394432799330791,0.3251481681486277,0.11195682114922925,0.21958640112284922,4376.456371580629,3.480399349706204,4374.350112341643,2.0721589418326403,4367.911514430663,2.0655332364349306,4334.3115808362745,2.193300239999189,0.1634502834646198,0.31109800472017624,15,55,4,0,False,1,1,33.099609375,0.5,0.01510591845164336,5.7998046875,26.7998046875,0.10131520370742583,0.08727270272331027,1.4250398461818365,14.2001953125,4.89990234375,64.04673331783306,2.4273653723075768,2.028183092880215,0.39918227942736184,4382.186728977642,4367.123378444234,0.3443323038837114,0.9544106089731597,87.22144088108868,90.31474452534268,1884.65,1.9839227442761254,4382.5,0.18058570309049454,4374.7001953125,0.03202137259144681,4372.2998046875,-0.03201844119313126,4367.2998046875,-0.212500405822558,4313.10009765625,4276.39990234375,36.7001953125,68.39990234375,105.10009765625,4376.60009765625,21.735735212053573,21.957170758928573,21.657156808035715,23.571428571428573,21.764264787946427,0.0548649407112595,0.1440141578655498,0.12081990860434609,0.11775698203844172,0.07726223446169511,0.07849800657108998,0.0006498625157917992,0.0010131520370742584,0.12284149424859439,22.548583984375,1.0544671255868936,23.07998046875,0.00011236948414435898,0.001021038520397093,0.2117480288221626,23.483576311383928,1.3800539732104042,22.5099609375,0.00011004056977657606,0.0008727270272331026,0.11180861001691449,20.921412876674108,3.0365109301817106,23.9449951171875,6.606525027371024e-05,0.0006767506888156602,0.37260635481560017,16.585997488839283,5.3985301304539215,18.32400390625,7.6851069348307215,1,0.2724097834881477,0.3029980899658194,23.635707310267858,0.3251481681486277,73.28996420912348,1,SHORT,2.0
4374.7001953125,4380.0,4373.7001953125,4378.7998046875,1529,6.2998046875,21.707135881696427,17.4599609375,21.3449951171875,0.49573254887010276,0.14866318162884012,0.1165971408023232,0.1853160595111669,4376.612038749103,3.575424333812407,4374.786808054893,2.3411382225094712,4368.586745953921,2.172905098060255,4335.150155545201,2.217499692329511,0.0917301072870097,0.23378404338743594,16,5,4,0,False,1,1,6.2998046875,4.099609375,0.6507518214230352,1.2001953125,1.0,0.1285244984264342,0.09728889898802502,1.2662071904086218,6.5,5.099609375,53.07831856113616,2.2467465613672175,2.090984945523698,0.15576161584351933,4382.4799405989315,4368.020108229194,0.3304915670887589,0.7454924913836755,81.44329896907216,80.41415404799167,1982.75,0.7711511789181692,4374.5,0.006853931555791114,4381.5,0.3251481681486277,4382.5,0.18058570309049454,4372.2998046875,-0.03201844119313126,4313.10009765625,4276.39990234375,36.7001953125,65.69970703125,102.39990234375,4373.7001953125,21.757149832589285,23.635707310267858,21.735735212053573,21.657156808035715,25.05712890625,0.03659791908945003,0.12522435971576723,0.10131520370742583,0.1440141578655498,0.11775698203844172,0.06221196317896579,0.0002978104833858186,0.001285244984264342,-0.6559416870141261,22.158579799107144,0.8315973272969549,17.4599609375,0.00011716004106183675,0.001177589214782378,-0.20999537840611693,23.01143624441964,1.4316253831164476,17.7099609375,9.302615218081955e-05,0.0009728889898802502,-0.1313053284830717,21.211771065848215,2.956279451797923,21.3449951171875,6.293149673389787e-05,0.0007264492304593471,0.10578766814974136,17.143431222098215,5.172479887431349,18.4180078125,3.2270518842225484,1,0.28562322246298355,0.18503950869493102,21.707135881696427,0.14866318162884012,73.21684379490858,1,SHORT,2.0
4376.10009765625,4380.39990234375,4349.2001953125,4379.2998046875,1016,31.19970703125,12.392787388392858,13.45986328125,10.8299560546875,0.28298558995956175,0.125748782422678,0.22657350128194226,0.013693775509953746,4375.7004541371425,1.942385824635494,4374.82471497693,1.0277012454125725,4370.57309652228,1.266742719629292,4352.249551005857,1.2299386530567062,0.10229186315166891,0.19966965366999154,9,25,0,0,True,0,0,31.19970703125,3.19970703125,0.1025556755403227,1.10009765625,26.89990234375,0.0345416381764061,0.04538553843551823,2.680167951941837,5.5,9.89990234375,56.779012269050135,1.2104492028183813,1.1557939286400452,0.054655274178336155,4379.035075686697,4370.814924313303,0.18789239526150506,1.0322048814890985,97.21494264240506,94.83767724904483,484.65,2.096358196636748,4375.89990234375,0.08004757291582329,4375.2001953125,0.03201771200179692,4376.0,0.04572473708276177,4373.7998046875,0.10069809223435668,4378.0,4308.2998046875,69.7001953125,1.2998046875,71.0,4369.39990234375,10.378522600446429,10.371407645089286,10.442836216517858,10.464285714285714,6.757149832589286,-0.12571716205560507,0.020251554149799674,0.029516632177688924,0.027197209293548383,0.04369612469331564,0.06156767333341712,0.00025141886698849537,0.000345416381764061,0.6322208686473013,10.811390904017859,0.8850425122990092,13.45986328125,0.00022640516534854215,0.00037226741958301196,0.41652768254906963,9.909974888392856,1.2435465553230665,13.14990234375,6.944296651723025e-06,0.00045385538435518225,-0.4552177775148076,7.275706263950892,2.9056621966683136,10.8299560546875,8.018064636861943e-05,0.00044237927428748716,0.3746306705267426,4.623884626116071,2.8582641140355523,6.066005859375,1.5583779249135215,0,0.3430720080481939,0.3614737526609969,12.392787388392858,0.125748782422678,59.97818376347436,1,SHORT,2.0
4377.89990234375,4380.10009765625,4377.7998046875,4379.2998046875,340,2.30029296875,12.3642578125,7.97998046875,9.4499755859375,0.2823341256350065,0.07540687128656307,0.12116608796296297,0.07311777518443187,4376.7882515852725,2.431056615268062,4375.524521323236,1.4398742054281684,4371.195149876247,1.4230719751358265,4352.772381645685,1.2709250847665317,0.0862818468018249,0.18541050063807168,9,35,0,0,True,0,0,2.30029296875,1.39990234375,0.6085756739545743,0.80029296875,0.10009765625,0.04257714101105319,0.04521028885087777,2.46502250247053,3.2998046875,5.2998046875,54.18255388685706,1.5067078054635203,1.2533540970924568,0.2533537083710635,4379.747068945285,4370.5028822265895,0.2112896607589437,0.9516167001603,97.21494264240506,96.11806104957797,495.75,0.6858295511850732,4378.0,0.07542927606869489,4379.2998046875,0.125748782422678,4375.89990234375,0.08004757291582329,4376.0,0.04572473708276177,4378.0,4308.2998046875,69.7001953125,1.2998046875,71.0,4374.0,12.357073102678571,12.392787388392858,10.378522600446429,10.442836216517858,8.6142578125,-0.047990164973026314,0.04257906266561225,0.0345416381764061,0.020251554149799674,0.027197209293548383,0.07859151658709992,0.000150840767049254,0.00042577141011053193,0.6571856647488666,11.57280970982143,1.0935619761490865,7.97998046875,0.00012115155397663946,0.00033826599424151136,0.3941788719544769,10.6478271484375,1.3908654684413153,10.469970703125,3.6643298400917956e-05,0.0004521028885087777,-0.6442205870179161,8.128201729910714,3.0098182125477813,9.4499755859375,8.522396525520559e-05,0.0004429970020297059,0.3426552565792691,5.015880301339285,3.206587523288161,6.072001953125,0.9323499974210693,0,0.3501521492548756,0.3056019055711586,12.3642578125,0.07540687128656307,62.604004472374015,1,SHORT,2.0
4379.2001953125,4380.5,4378.5,4378.5,379,2.0,12.257114955357142,8.0,9.40498046875,0.27993867660973265,0.07542065597444761,0.10746251594466429,0.09143902160246885,4377.130601268218,2.604806229714086,4375.807900244832,1.6170104418160918,4371.481614586983,1.4966693364049206,4353.028377848215,1.2911129415097093,0.06152234779358681,0.16054935218297628,9,40,0,0,True,0,0,2.0,0.7001953125,0.35009765625,1.2998046875,0.0,0.04257444366453772,0.04453334198922812,2.351829822590886,3.2998046875,4.7001953125,59.13124708080336,1.5666082592661041,1.3160049295271865,0.25060332973891764,4380.173806018322,4370.476145153554,0.22164435599366394,0.8274010566400947,94.94950740434767,95.36291597022552,485.05,0.7813627461086485,4379.2998046875,0.07540687128656307,4378.0,0.07542927606869489,4379.2998046875,0.125748782422678,4375.2001953125,0.03201771200179692,4378.0,4308.2998046875,69.7001953125,0.5,70.2001953125,4373.7998046875,12.3642578125,12.357073102678571,12.392787388392858,10.371407645089286,8.635707310267858,-0.07768414678957213,0.04257714101105319,0.04257906266561225,0.0345416381764061,0.029516632177688924,0.07640324991888513,0.00015086831061641436,0.0004257444366453772,0.6572352810885336,11.949951171875,0.8799487937718143,8.0,0.00010746519239139829,0.00034838743409216404,0.4314080852164542,11.009967912946427,1.2754207336699166,10.469970703125,4.5793881374245336e-05,0.0004453334198922812,-0.7064231055833914,8.5042724609375,3.03342244261621,9.40498046875,9.624874301981556e-05,0.0004288290390131198,0.44035697678909325,5.211735491071429,3.34369712052587,6.04,0.9244396502872478,0,0.35296117182604836,0.2197708031582795,12.257114955357142,0.07542065597444761,63.640593962130076,1,SHORT,2.0
4378.60009765625,4381.7001953125,4378.0,4381.10009765625,546,3.7001953125,10.1142578125,8.26005859375,9.4449951171875,0.23086114416584108,0.11883716329330919,0.1989798624740708,0.15087661804206196,4377.924500545824,3.123884046271087,4376.31191904592,1.9582661437871138,4371.858810001464,1.641905649193177,4353.307698443321,1.3300092835106625,0.10941127366839341,0.21138120091263646,9,45,0,0,True,0,0,3.7001953125,2.5,0.6756400105568752,0.60009765625,0.60009765625,0.0469977088001286,0.046161804244921535,1.8858758824232509,5.2001953125,8.7001953125,78.26240800150973,1.8031009263131637,1.413424128884382,0.3896767974287816,4381.125886858115,4370.184074079385,0.25006114119075606,0.9976430594832085,98.37811444256756,96.84752149644002,492.25,1.1091924834941596,4378.5,0.07542065597444761,4379.2998046875,0.07540687128656307,4378.0,0.07542927606869489,4375.89990234375,0.08004757291582329,4378.0,4308.2998046875,69.7001953125,3.10009765625,72.80029296875,4372.39990234375,12.257114955357142,12.3642578125,12.357073102678571,10.378522600446429,8.599993024553571,-0.043433290551188664,0.04257444366453772,0.04257714101105319,0.04257906266561225,0.020251554149799674,0.07213209618156519,0.00023764976094724498,0.000469977088001286,-0.09891696621292752,11.897098214285714,0.9979547456628036,8.26005859375,0.00019885503755023848,0.0003436106221376308,0.08754217095716597,11.161394391741071,1.0222687332830003,10.62998046875,7.548552984119051e-05,0.0004616180424492153,-0.7510677113103486,8.773200334821428,2.9179558050787167,9.4449951171875,0.00010628993553912558,0.0004345617460662666,0.3828513177609974,5.363161969866073,3.3914686944523775,6.0580078125,1.2019497072546907,0,0.44028035739336574,0.4739267582846115,10.1142578125,0.11883716329330919,64.34606793296798,1,SHORT,2.0
4381.2001953125,4382.39990234375,4380.2001953125,4380.39990234375,299,2.19970703125,8.214250837053571,2.52001953125,9.4099609375,0.18752285225507617,0.054817321693695756,0.13028794607130445,0.09825654330445704,4378.863692068078,2.7033287583635683,4377.079378902245,1.9522558278786164,4372.52687889012,1.6625312510668664,4353.8471227081145,1.3413483291815282,0.07586162264980911,0.18005660506375426,9,55,0,0,True,0,0,2.19970703125,0.80029296875,0.36381798002219756,1.19970703125,0.19970703125,0.03267454748482787,0.046133000757475104,1.4680247615540434,2.39990234375,5.69970703125,69.04810347333236,1.9939956704938595,1.6131406571518045,0.38085501334205496,4382.388459608032,4369.931511095094,0.28465477849610665,0.8403656190586126,94.05352618243244,95.76558980855846,489.9,0.6103286384976526,4380.7001953125,0.03197750068403754,4381.10009765625,0.11883716329330919,4378.5,0.07542065597444761,4378.0,0.07542927606869489,4378.0,4308.2998046875,69.7001953125,2.39990234375,72.10009765625,4374.7001953125,8.221400669642858,10.1142578125,12.257114955357142,12.357073102678571,10.471400669642858,0.036589550216505846,0.037083811218085655,0.0469977088001286,0.04257444366453772,0.04257906266561225,0.025738158585177025,0.00010965330672259021,0.00032674547484827873,0.9714159550672309,10.234256417410714,2.0478814100669656,2.52001953125,0.00013026943143287228,0.00035846761798724765,0.6676403929181792,10.711390904017858,1.6243780092014606,5.269970703125,4.920646031293941e-05,0.000461330007574751,-0.5716080344664016,9.139264787946429,2.5562829268706513,9.4099609375,9.666795058703048e-05,0.00043295215608583426,0.4476505227263292,5.5954443359375,3.3799164034437923,6.04,0.45028323060747527,0,0.5542197459552166,0.4045460152590846,8.214250837053571,0.054817321693695756,65.22357567481616,1,SHORT,2.0
4381.60009765625,4384.2998046875,4381.5,4382.0,525,2.7998046875,4.935721261160714,3.619921875,6.8099853515625,0.11263626794068267,0.07764815849636231,0.07993605115907274,0.18748446839545937,4380.522678579797,1.513880499976949,4378.966782540244,1.4822845896542276,4374.53753177291,1.4871450960818038,4355.664277639247,1.3122322817298482,0.0692678800818972,0.17058873476084327,10,30,0,0,True,0,0,2.7998046875,0.39990234375,0.14283222881060342,2.2998046875,0.10009765625,0.06330168644468466,0.041316104013433344,0.8081117593374806,3.39990234375,3.5,63.204176971695524,1.9254744761683469,1.8635308252139564,0.06194365095439047,4384.385627586084,4372.644352882665,0.26815654918635,0.7968169856898403,93.44777697401369,90.55697730776546,453.75,1.1570247933884297,4381.60009765625,0.03424579271150985,4379.0,-0.03195832286912838,4380.7998046875,0.0022738231460483296,4378.60009765625,0.0022861175345437936,4378.0,4308.2998046875,69.7001953125,4.0,73.7001953125,4378.5,4.907156808035714,4.821428571428571,4.785714285714286,8.285714285714286,12.257114955357142,0.07542065597444761,0.06724906295425477,0.06050488599817353,0.05745597227555606,0.034911439396943876,0.04257444366453772,0.00015540835071341518,0.0006330168644468466,0.3476948599279918,5.210002790178572,0.7794276034703189,3.619921875,8.001464267899383e-05,0.0004884450333132068,0.7449220968353311,6.908562360491072,1.9472124049279578,3.15,9.373991753519606e-05,0.00041316104013433346,0.5911385351007178,8.95926513671875,2.644484282710849,6.8099853515625,9.343793613604712e-05,0.0004705201320836415,0.44908856872227026,6.107721121651785,3.1722506275101217,6.21998046875,0.3832496667804724,0,0.8973867309297633,0.6149695950364367,4.935721261160714,0.07764815849636231,63.38391349897025,1,SHORT,2.0
4377.5,4379.2001953125,4376.39990234375,4379.0,208,2.80029296875,3.0570591517857144,2.52001953125,2.9099609375,0.06981180981470003,0.06170041891571946,-0.059341281684761944,-0.006845950285913197,4378.2669929874555,-0.8128195963299731,4378.344863978724,-0.396095759578202,4375.570286866247,0.4641250799068075,4357.584892975868,1.0278259854958378,0.014963097737366916,0.07838322570310928,11,15,0,0,True,0,0,2.80029296875,1.5,0.5356582388840453,0.2001953125,1.10009765625,0.020724421136207302,0.03925352645369273,0.49938092990640687,2.7001953125,-2.60009765625,50.952170576882835,0.34830591074023687,0.785329193749872,-0.4370232830096351,4383.118063511285,4375.64194625434,0.17071177309595442,0.44917082360372507,47.5246567395088,39.273512537871376,418.8,0.49665711556829034,4377.5,-0.011420740063956145,4378.0,-0.025121546247339404,4377.5,-0.06620177171948151,4376.2998046875,-0.12096706341560394,4378.0,4308.2998046875,69.7001953125,1.0,70.7001953125,4381.60009765625,3.0927734375,3.0999232700892856,3.1642020089285716,3.114222935267857,4.907156808035714,0.03424579271150985,0.02639693784516356,0.02823027565097334,0.02822824693944988,0.019412187064784862,0.06724906295425477,0.00012338757152108304,0.000207244211362073,-0.0051792806766100775,3.094203404017857,0.043857602816713304,2.52001953125,-5.932431487323253e-05,0.0002700555888301343,0.3053620598695458,3.241378348214286,0.5999575640221815,2.729931640625,-3.349914537881249e-06,0.0003925352645369273,1.0563340339964338,5.4410400390625,2.8422482801547213,2.8999755859375,2.5671257740638164e-05,0.0003977046221159054,0.04519991162249383,6.121697823660714,3.1567588551749677,5.97798828125,0.18862183031531257,0,0.9075968029129327,0.2143347633743222,3.0570591517857144,0.06170041891571946,59.598875934804916,1,SHORT,2.0
4379.2001953125,4380.39990234375,4378.2998046875,4380.2998046875,268,2.10009765625,2.8285086495535716,2.36005859375,2.9149658203125,0.06457340309279043,0.09596917203743299,-0.03879952789821999,0.04110550845038255,4378.673555327465,0.1896857291858396,4378.531048808131,0.041599744310587994,4375.755758153356,0.6106184897635103,4357.810911997874,1.059386990926214,0.04039610224644001,0.10384598193529124,11,20,0,0,True,0,0,2.10009765625,1.099609375,0.5235991629853523,0.10009765625,0.900390625,0.01935573335515865,0.039563834551680624,0.4630515162868818,4.19970703125,-1.7001953125,42.77731058242682,0.47474625982249563,0.7232126069643967,-0.24846634714190108,4383.205508869308,4375.734481365068,0.17059204681318785,0.6110703407049722,60.39450783214078,46.863920582736974,413.25,0.6485178463399879,4379.0,0.06170041891571946,4377.5,-0.011420740063956145,4378.0,-0.025121546247339404,4376.10009765625,-0.13463948753423094,4378.0,4308.2998046875,69.7001953125,2.2998046875,72.0,4382.0,3.0570591517857144,3.0927734375,3.0999232700892856,3.0570591517857144,4.935721261160714,0.07764815849636231,0.020724421136207302,0.02639693784516356,0.02823027565097334,0.013644284972750269,0.06330168644468466,0.00019187969021599026,0.0001935573335515865,-1.290736660400974,3.0484933035714286,0.12890005620746942,2.36005859375,-3.876848817931933e-05,0.0002898869880228013,0.21856673783239847,3.0306570870535716,0.10283249055053005,2.6599609375,2.0623077249837253e-05,0.00039563834551680627,0.8604184695621673,4.969609723772321,2.3996780769614907,2.90498046875,1.9259528122763657e-05,0.00039048871862731513,0.0322084651956228,6.108410295758928,3.1694228129849265,5.949990234375,0.271449633198374,0,0.9811851398134397,0.6255842237150144,2.8285086495535716,0.09596917203743299,58.58838380632718,1,SHORT,2.0
4350.0,4350.5,4338.5,4339.0,3079,12.0,10.935721261160714,12.9599609375,10.4,0.2520332164360616,-0.2643374324790254,-0.36739380022962115,-0.41541615410640476,4350.417349073027,-1.5831306572808899,4354.181165700508,-2.2450563208867607,4361.768409359234,-2.3331297287641064,4361.926359122218,-0.5356595187204221,-0.3486571900153326,-0.5219995016328498,17,0,0,0,False,1,0,12.0,11.0,0.9166666666666666,0.5,0.5,0.1455333391068759,0.13006323156333835,1.8213546042051088,-11.5,-16.0,42.698231602966345,-4.662225593539915,-4.570860859371841,-0.09136473416807434,4365.387651805244,4341.7223579603815,0.5435855023841465,-0.11503588242883772,36.196153615721045,59.76090756803396,2326.8,1.3232766030599965,4349.89990234375,-0.09646529060645402,4355.89990234375,0.22779342714565118,4357.7001953125,0.16780740006952038,4350.5,-0.10332950631458093,4378.0,4308.2998046875,69.7001953125,-39.0,30.7001953125,4355.0,11.092843191964286,11.107142857142858,9.350027901785714,9.864292689732142,7.742885044642857,-0.10551650502813419,0.10108387237877416,0.10966962480131776,0.12386272900346582,0.16130119939692333,0.15600431697088724,-0.0005283869176762491,0.001455333391068759,-0.37041910062033256,10.437151227678573,0.8444807606911459,12.9599609375,-0.000367045341366401,0.001458291349104409,0.06822886687711077,9.820016043526785,0.9772847290832541,11.85,-0.00020731518866923815,0.0013006323156333835,-0.24699381141673055,8.335745675223215,1.7740061828583655,10.4,-0.0001721026522546909,0.0009561244287722507,-0.33198998425065845,6.004169224330358,2.52956756185327,6.632021484375,-2.8907204804815128,1,-0.6938036803912402,-1.3833779330582148,10.935721261160714,-0.2643374324790254,40.82486929345734,0,LONG,-1.0
4317.5,4322.0,4317.5,4321.7001953125,563,4.7001953125,3.357142857142857,3.23994140625,3.1349609375,0.07768106776088163,0.06483810766788915,0.37160041977420466,0.39725171370879697,4316.76047693579,5.789578122039529,4312.78078940485,4.380047492860285,4310.373052092953,2.022795811938522,4320.524132194552,-0.05241708051471505,0.20681333791789444,0.26278800193516816,13,40,1,0,False,0,0,4.5,4.2001953125,0.9333767361111112,0.2998046875,0.0,0.05475403405657512,0.04970133167118449,1.001235733930258,2.80029296875,16.0,79.68833447775998,3.6429990353844914,2.2296227294655777,1.4133763059189137,4324.2367206268555,4296.16332820127,0.6513245850905007,0.9096466406374273,98.39678312183403,88.6255552566352,470.05,1.1977449207531115,4317.2998046875,0.03011595661492122,4318.7001953125,0.1112750197597768,4319.7001953125,0.3018552351089928,4318.89990234375,0.3065635421068138,4345.2998046875,4270.5,74.7998046875,-23.599609375,51.2001953125,4305.7001953125,3.199986049107143,3.249965122767857,3.2642647879464284,3.199986049107143,2.64990234375,0.016264699477351915,0.04116426997429515,0.038087801496878335,0.06614321305099566,0.0646699143436792,0.030836325619562246,0.00012976246420186576,0.0005475403405657512,1.4094170617272936,3.261411830357143,0.058604188344696474,3.19990234375,0.0003711531027212556,0.0006195675221316473,1.0409032736780373,3.0478271484375,0.29575536908895955,3.8,0.00019836928504610719,0.0004970133167118449,1.5129105833555858,3.0203037806919646,0.259812908294961,3.11494140625,6.504614195366188e-05,0.0005524980771503909,0.2508482562041402,3.3529994419642857,0.46573692704024683,3.253994140625,0.2176707900279136,0,0.7171983482246705,2.6623390213238136,3.357142857142857,0.06483810766788915,26.65895751466825,0,SHORT,-1.0
4322.10009765625,4322.10009765625,4320.60009765625,4322.0,388,1.60009765625,3.2571498325892856,2.9599609375,3.1349853515625,0.07536209700576782,0.05323991442729338,0.35525585700515255,0.4275467498425476,4318.678736488906,4.5013065606053715,4314.4704589501725,3.9854708678803945,4311.274631763094,2.0365714697818476,4320.555328748566,-0.007806946707205498,0.174518312767857,0.2487748787304765,13,50,1,0,False,0,0,1.5,0.10009765625,0.06673177083333333,0.0,1.39990234375,0.05376665847911812,0.04869245149886002,0.982422248530769,2.2998046875,15.2998046875,87.08292643229167,4.077619840943953,2.8697943523849627,1.2078254885589903,4326.999470498126,4297.120597861248,0.6929141152962288,0.832675397131427,92.70873070369522,95.04561704221145,490.65,0.7907877305615001,4322.2001953125,0.048612245290088285,4321.7001953125,0.06483810766788915,4317.2998046875,0.03011595661492122,4319.7001953125,0.3018552351089928,4345.2998046875,4270.5,74.7998046875,-23.2998046875,51.5,4306.7001953125,3.3214285714285716,3.357142857142857,3.199986049107143,3.2642647879464284,2.528529575892857,0.04878728821739915,0.054133978071029466,0.05475403405657512,0.04116426997429515,0.06614321305099566,0.014813817722765375,0.00010657273951080182,0.0005376665847911812,1.7104236857168578,3.2771344866071432,0.062154540124800754,2.89990234375,0.0003548652147920883,0.0006256377023575484,1.0934742860559694,3.1956961495535716,0.14551457170623702,3.629931640625,0.00021345298184909377,0.00048692451498860023,1.5547264635346685,3.0142386300223216,0.2514231698631663,3.1099609375,6.0373968631326494e-05,0.000503421208147897,0.2504949950681555,3.3154275948660716,0.42928364093859545,3.1159765625,0.17341037836392653,0,0.9811729123122466,2.3157305821054885,3.2571498325892856,0.05323991442729338,28.87159052451376,0,SHORT,-1.0
4322.10009765625,4323.39990234375,4321.10009765625,4323.2001953125,457,2.2998046875,3.2857142857142856,2.87998046875,3.1399658203125,0.07600189991841864,0.10419801784074481,0.21558898396546322,0.4741189818493454,4319.583028253625,4.501045248484843,4315.301862413251,4.0344736423676295,4311.742300921894,2.1331765101822384,4320.5816458288045,0.03704685375760164,0.18303083193424632,0.26573699425766834,13,55,1,0,False,0,0,2.2998046875,1.10009765625,0.478343949044586,0.19970703125,1.0,0.05048458292877601,0.047786050206638606,0.9968366351007374,4.5,9.30029296875,87.34679235506307,4.249837006815142,3.1458028832709988,1.1040341235441429,4328.142587509948,4298.017519911927,0.6984583458427013,0.8359375566090917,98.94334358126437,95.22780386202157,501.15,0.9119026239648809,4322.0,0.05323991442729338,4322.2001953125,0.048612245290088285,4321.7001953125,0.06483810766788915,4318.7001953125,0.1112750197597768,4345.2998046875,4270.5,74.7998046875,-22.099609375,52.7001953125,4313.89990234375,3.2571498325892856,3.3214285714285716,3.357142857142857,3.249965122767857,2.92138671875,0.22535445822927774,0.05376665847911812,0.054133978071029466,0.05475403405657512,0.038087801496878335,0.0690426247201358,0.00020841113431153692,0.0005048458292877601,1.181811099701419,3.2842843191964284,0.06027558693931288,2.819921875,0.00021546009911264097,0.0004216694826771704,0.6301960664016002,3.23212890625,0.11063180104128287,3.059912109375,0.0002366356508429257,0.00047786050206638606,1.517329731424611,3.0317417689732142,0.25776922509902733,3.11494140625,5.2932708930475414e-05,0.0004972434103763824,0.2730906516740973,3.2961411830357146,0.4075494611004947,3.087978515625,0.3423649157624472,0,1.0833448017174305,2.408240216767131,3.2857142857142856,0.10419801784074481,30.003695307587535,0,SHORT,-1.0
4320.0,4326.10009765625,4320.0,4324.7998046875,672,6.10009765625,3.7714146205357144,3.3599609375,3.314990234375,0.08720437455736123,0.07172198984006267,0.1366066006889459,0.4599257767131243,4320.70911464482,3.9486377090297538,4316.619881721079,3.8390923162287436,4312.569263422493,2.196211329540347,4320.618873711494,0.09474151694212196,0.18949833875943994,0.2836021990125762,14,5,1,0,False,1,1,6.10009765625,4.7998046875,0.7868406307532219,1.30029296875,0.0,0.06494712190246069,0.05597870315896708,1.1504243635398013,3.099609375,5.89990234375,79.60488274975907,4.291352907771397,3.525829636012229,0.7655232717591685,4329.704037475993,4300.096060180258,0.6861799105584326,0.8343611000674748,93.86659910636142,91.22026182636546,542.2,1.2393950571744743,4320.10009765625,0.06486213826775679,4323.2001953125,0.10419801784074481,4322.0,0.05323991442729338,4321.7001953125,0.06483810766788915,4345.2998046875,4270.5,74.7998046875,-20.5,54.2998046875,4318.89990234375,3.4928501674107144,3.2857142857142856,3.2571498325892856,3.357142857142857,3.199986049107143,0.3065635421068138,0.062478314804972825,0.05048458292877601,0.05376665847911812,0.05475403405657512,0.0646699143436792,0.00014357153267414714,0.0006494712190246069,0.3042814422513925,3.4257114955357144,0.21383722379388062,3.33994140625,0.00013666699843800645,0.0005663655946748964,0.5851747556930167,3.3435616629464286,0.1713116674293361,3.269921875,0.00022961076490216615,0.0005597870315896708,0.9018047970927672,3.09317626953125,0.319704472204625,3.2899658203125,6.0347739594579505e-05,0.0005288058094096735,0.2785690922130797,3.27828125,0.3823312088790057,3.199970703125,0.27049336109672634,1,1.0740315521209203,2.173037072065598,3.7714146205357144,0.07172198984006267,30.789509362788543,0,SHORT,-1.0
4324.60009765625,4326.5,4323.7998046875,4324.7001953125,710,2.7001953125,3.728550502232143,3.4400390625,3.325,0.08621523652144679,0.05784091173544651,0.10648127479142566,0.4226215096365959,4321.507330778357,3.6589101672243487,4317.389435396452,3.7115597146830623,4313.044986241709,2.208124610734558,4320.659483876679,0.1186744371716486,0.16933288102550445,0.27023156744180116,14,10,1,0,False,1,1,2.7001953125,0.10009765625,0.037070524412296565,1.7998046875,0.80029296875,0.06539078862811468,0.05617959710029348,1.140680150746262,2.5,4.60009765625,79.60488274975907,4.393015649237896,3.699266838657363,0.6937488105805327,4330.67733509222,4300.94278209528,0.6889680637759417,0.7989833652338638,90.95571095571096,88.55771761784764,556.25,1.2764044943820225,4324.7998046875,0.07172198984006267,4320.10009765625,0.06486213826775679,4323.2001953125,0.10419801784074481,4322.2001953125,0.048612245290088285,4345.2998046875,4270.5,74.7998046875,-20.599609375,54.2001953125,4320.10009765625,3.7714146205357144,3.4928501674107144,3.2857142857142856,3.3214285714285716,3.2357003348214284,0.3088207850820933,0.06494712190246069,0.062478314804972825,0.05048458292877601,0.054133978071029466,0.0643662514890326,0.00011582606411864038,0.0006539078862811468,0.5035813140627421,3.5071358816964286,0.2401001434442449,3.42001953125,0.00010657440936353568,0.0005660224827531003,0.7805402956080547,3.3928466796875,0.20451063490271962,3.269970703125,0.00021103755534099822,0.0005617959710029348,0.9965368620666123,3.126393345424107,0.3496465787619417,3.3099853515625,7.519302404763505e-05,0.0005154033198428211,0.2981368108030616,3.268708147321429,0.3641579658474678,3.1559765625,0.21566276050076413,1,1.1651844737365251,1.964071408461327,3.728550502232143,0.05784091173544651,31.47451815573981,0,SHORT,-1.0
4324.5,4325.39990234375,4322.10009765625,4324.2998046875,633,3.2998046875,3.392822265625,3.77998046875,3.35,0.07845945977074052,0.05321158462517354,0.10647982885458676,0.45764313953289204,4322.065825560186,3.387089071279661,4318.047565805124,3.5771068549511256,4313.486351670956,2.2117199078620615,4320.695705974299,0.14037722573266365,0.14479319153147327,0.25068939912967303,14,15,1,0,False,1,1,3.2998046875,0.2001953125,0.06066883693400414,0.89990234375,2.19970703125,0.06570953860941701,0.054567259449414214,1.042985198421182,2.2998046875,4.599609375,72.03268852798179,4.390663095979107,3.837546090121712,0.5531170058573953,4331.13621923628,4302.453868654345,0.6644362377631344,0.76165082672527,83.07542067307692,89.29924357838303,577.6,1.0959141274238227,4324.7001953125,0.05784091173544651,4324.7998046875,0.07172198984006267,4320.10009765625,0.06486213826775679,4322.0,0.05323991442729338,4345.2998046875,4270.5,74.7998046875,-21.0,53.7998046875,4319.7001953125,3.728550502232143,3.7714146205357144,3.4928501674107144,3.2571498325892856,3.2642647879464284,0.3018552351089928,0.06539078862811468,0.06494712190246069,0.062478314804972825,0.05376665847911812,0.06614321305099566,0.00010657319068603232,0.0006570953860941702,0.559668214691985,3.5342703683035714,0.2106451351098256,3.77998046875,0.00010657296509841707,0.0005660230473624956,0.7805462122340555,3.405702427455357,0.19950922933273058,3.33994140625,0.0002284669845110332,0.0005456725944941421,1.0707804936047642,3.148538643973214,0.35189964223289266,3.3349853515625,6.59137462007986e-05,0.0005141369656017402,0.3519491329789502,3.2529917689732146,0.3402584893114483,3.169970703125,0.1805374491054777,1,1.3443716696806716,1.8454523132654839,3.392822265625,0.05321158462517354,31.311622570515617,0,SHORT,-1.0
4324.60009765625,4330.89990234375,4324.2998046875,4329.89990234375,1527,6.60009765625,3.6285574776785716,4.6400390625,3.5550048828125,0.08380234092050151,0.154971010560979,0.25933050512295613,0.5970843795611164,4323.632640916899,4.049612663273365,4319.176359761183,3.874497347932447,4314.130020324791,2.3877194028973463,4320.787290017776,0.2056441889717462,0.24827748833019356,0.3655402582829824,14,20,1,0,False,1,1,6.60009765625,5.2998046875,0.8029888288821484,1.0,0.30029296875,0.08519463035403665,0.05891731233363195,1.1188431258006486,6.69970703125,11.19970703125,75.64455975352683,4.785515317759746,4.027139935649319,0.7583753821104269,4332.274265124252,4303.885793469498,0.6574327354321201,0.9163617256547593,93.4209258247936,89.1506858178604,638.25,2.392479435957697,4324.2998046875,0.05321158462517354,4324.7001953125,0.05784091173544651,4324.7998046875,0.07172198984006267,4323.2001953125,0.10419801784074481,4345.2998046875,4270.5,74.7998046875,-15.39990234375,59.39990234375,4318.7001953125,3.392822265625,3.728550502232143,3.7714146205357144,3.2857142857142856,3.249965122767857,0.1112750197597768,0.06570953860941701,0.06539078862811468,0.06494712190246069,0.05048458292877601,0.038087801496878335,0.0003100402905405586,0.0008519463035403666,0.16200684660223977,3.602839006696429,0.15897101444025144,4.6400390625,0.00025922571242604776,0.0006623651624084302,0.4265856410608252,3.4435616629464283,0.20257027354571716,3.72998046875,0.0002978635388287465,0.0005891731233363195,0.8125658006743866,3.187827845982143,0.35974308794804394,3.539990234375,8.485394952890025e-05,0.0005414589204863192,0.4376151361306424,3.2431333705357144,0.3211884515142544,3.243974609375,0.5623212191944452,1,1.3907288137050127,2.9626557635868456,3.6285574776785716,0.154971010560979,32.25950395736739,0,SHORT,-1.0
4330.0,4331.0,4328.89990234375,4330.7001953125,2187,2.10009765625,3.4071219308035716,4.16005859375,3.5650146484375,0.07867369656508204,0.24536694559463534,0.31038823410990707,0.5993238763740673,4325.046151796019,5.359709661868692,4320.273867908928,4.515030710629617,4314.779831108623,2.709773452047557,4320.885925891356,0.3090715866565006,0.24133487187048439,0.36897280572916,14,25,1,0,False,1,1,2.10009765625,0.7001953125,0.3334108346896071,0.2998046875,1.10009765625,0.06521606231735662,0.058892499342012926,1.0531169194899022,10.60009765625,13.400390625,73.59920317168915,5.104177719023028,4.242547492324061,0.861630226698967,4333.205792142479,4305.534295748145,0.6406373177756022,0.9094520659716688,98.04046722410162,91.5122712406573,737.9,2.9638162352622306,4329.89990234375,0.154971010560979,4324.2998046875,0.05321158462517354,4324.7001953125,0.05784091173544651,4320.10009765625,0.06486213826775679,4345.2998046875,4270.5,74.7998046875,-14.599609375,60.2001953125,4317.2998046875,3.6285574776785716,3.392822265625,3.728550502232143,3.4928501674107144,3.199986049107143,0.03011595661492122,0.08519463035403665,0.06570953860941701,0.06539078862811468,0.062478314804972825,0.04116426997429515,0.0004904229767801471,0.0006521606231735662,0.5589444539713434,3.585693359375,0.1773590261636898,4.16005859375,0.00031013486237286837,0.0006313748564298011,0.2988313925757129,3.4642752511160717,0.1846981587444601,3.589990234375,0.0002989768220256761,0.0005889249934201293,0.8075877106533147,3.220689174107143,0.34744135439333024,3.55,9.504419407901476e-05,0.0005383799028598673,0.3955036926537947,3.2352741350446426,0.3119572590176323,3.249970703125,0.8359951014297688,1,1.6125154637508363,3.067542042731429,3.4071219308035716,0.24536694559463534,33.15646890691262,0,SHORT,-1.0
4330.89990234375,4342.39990234375,4329.89990234375,4337.0,5526,12.5,4.107142857142857,5.4400390625,4.110009765625,0.09470008893573569,0.2820984985079918,0.35402281500449334,0.7269387850453511,4327.436921436816,6.727806791996045,4321.866832869982,5.246951148903463,4315.651210280834,3.081946858340416,4321.046264937213,0.4273912257185657,0.3501534803183267,0.49468292683868204,14,30,1,0,False,1,1,12.5,6.10009765625,0.4880078125,5.39990234375,1.0,0.07495334653402357,0.06420446612363742,1.2659117779030022,12.2001953125,15.2998046875,78.07192564115041,5.798223248144495,4.553682643488147,1.2445406046563479,4335.329838498249,4306.540229861125,0.6662819137383633,1.058012650425449,79.77542473619722,90.41227259503074,1003.7,5.505629172063365,4330.7001953125,0.24536694559463534,4329.89990234375,0.154971010560979,4324.2998046875,0.05321158462517354,4324.7998046875,0.07172198984006267,4345.2998046875,4270.5,74.7998046875,-8.2998046875,66.5,4321.7001953125,3.4071219308035716,3.6285574776785716,3.392822265625,3.7714146205357144,3.357142857142857,0.06483810766788915,0.06521606231735662,0.08519463035403665,0.06570953860941701,0.06494712190246069,0.05475403405657512,0.0005637859923209199,0.0007495334653402357,0.5529771364983809,3.6528390066964285,0.2918473054317443,5.4400390625,0.0003536787624975335,0.0006972886856536836,0.45548963065892606,3.5392752511160714,0.26927311571723356,4.389990234375,0.00036241593260939454,0.0006420446612363743,0.6341753575887418,3.2935511997767852,0.3732798746020617,4.0949951171875,0.00012460236313031726,0.0005713168593980908,0.4558641642038961,3.244414760044643,0.3305047664074072,3.475966796875,1.1586188331578233,1,1.5133689782274737,3.697498959646637,4.107142857142857,0.2820984985079918,35.33816867449831,0,SHORT,-1.0
4336.89990234375,4341.10009765625,4334.10009765625,4336.89990234375,3144,7.0,4.421421595982143,6.3,4.35,0.10194889657454892,0.2820937054659452,0.3400977827725815,0.6988970702443424,4329.329517618204,7.822186839846836,4323.298553772246,5.909118375793696,4316.484492322517,3.4395060808083144,4321.204012573099,0.544528696420457,0.3146058131848464,0.47296382177543755,14,35,1,0,False,1,1,7.0,0.0,0.0,4.2001953125,2.7998046875,0.07495428202965183,0.06474841927042888,1.3547867507453568,12.19970703125,14.69970703125,78.85733947208887,6.267929496409124,4.896532014072343,1.3713974823367812,4336.906121846284,4307.973956278715,0.6693479910907835,0.9997850315587552,79.40052303359485,85.7388049979645,1146.4,2.7424982554082344,4337.0,0.2820984985079918,4330.7001953125,0.24536694559463534,4329.89990234375,0.154971010560979,4324.7001953125,0.05784091173544651,4345.2998046875,4270.5,74.7998046875,-8.39990234375,66.39990234375,4322.2001953125,4.107142857142857,3.4071219308035716,3.6285574776785716,3.728550502232143,3.3214285714285716,0.048612245290088285,0.07495334653402357,0.06521606231735662,0.08519463035403665,0.06539078862811468,0.054133978071029466,0.0005637764334231355,0.0007495428202965184,0.5529713380953455,3.7914132254464286,0.4554317441277788,6.3,0.00033980124877088793,0.0007039009310182494,0.5007863848020302,3.6492745535714293,0.3745068802417632,4.860009765625,0.0003484927078194422,0.0006474841927042888,0.6779387317544812,3.3860543387276785,0.4121070766199492,4.3349853515625,0.0001338857709516339,0.0005649071082629428,0.4468301907352728,3.2635553850446426,0.36897746979081264,3.57396484375,1.247255201437756,1,1.541147185765073,3.0859168049434906,4.421421595982143,0.2820937054659452,37.36403274439931,0,SHORT,-1.0
4337.10009765625,4341.39990234375,4331.7001953125,4333.5,2432,9.69970703125,4.921421595982143,7.57998046875,4.669970703125,0.11356689964190937,0.21275572296183248,0.26608051827857476,0.6222816419092616,4330.163614094563,8.097788534377287,4324.270120079651,6.222554274527283,4317.1517671333995,3.665415462443889,4321.3263607067,0.6306547324011262,0.21344364861691478,0.3786809857151664,14,40,1,0,False,1,1,9.69970703125,3.60009765625,0.37115529826327714,4.2998046875,1.7998046875,0.0940374114719203,0.06913319092373998,1.493999839490333,9.2001953125,11.5,72.98022684539333,6.293286290317155,5.175882869321306,1.1174034209958492,4337.020234779938,4310.539823813812,0.6124365898982057,0.8670626832626992,66.66666666666667,75.2808714788195,1252.1,1.9423368740515934,4336.89990234375,0.2820937054659452,4337.0,0.2820984985079918,4330.7001953125,0.24536694559463534,4324.2998046875,0.05321158462517354,4345.2998046875,4270.5,74.7998046875,-11.7998046875,63.0,4322.0,4.421421595982143,4.107142857142857,3.4071219308035716,3.392822265625,3.2571498325892856,0.05323991442729338,0.07495428202965183,0.07495334653402357,0.06521606231735662,0.06570953860941701,0.05376665847911812,0.00042550336696942634,0.000940374114719203,-0.06303564391199443,4.097133091517857,0.6083570653639211,7.57998046875,0.00026603827882772937,0.0007830568612531894,0.3243279611806302,3.815701729910714,0.5217401312064877,5.67998046875,0.00031045174680990884,0.0006913319092373998,0.4926156941969295,3.5056989397321425,0.49003329071597856,4.6549560546875,0.00011913623046103439,0.0005791600933082372,0.41027925602994614,3.2941245814732145,0.4369683325437314,3.711953125,1.0470606096531563,1,1.446401777905569,1.8794529857725206,4.921421595982143,0.21275572296183248,38.34360698468093,0,SHORT,-1.0
4333.2998046875,4335.2001953125,4328.5,4332.2998046875,2166,6.7001953125,5.150006975446429,7.6,4.60498046875,0.1188746672119547,0.055426277694108975,0.2104831829177469,0.4265259454386806,4330.59085221315,6.958211296251648,4325.034851947065,5.858492185881914,4317.745807821795,3.615787497004021,4321.435549204021,0.6482591862450136,0.16797443232541967,0.33707396205074575,14,45,1,0,False,1,1,6.7001953125,1.0,0.14924938055677014,1.900390625,3.7998046875,0.08337205525887698,0.06233573314431527,1.5466244516255263,2.39990234375,9.099609375,73.4367847660899,6.14569228579785,5.369844752616615,0.7758475331812349,4337.602339911223,4311.797708916903,0.5966802517780722,0.7945122631325399,59.43719972546328,68.50146314190819,1299.05,1.6673723105346214,4333.5,0.21275572296183248,4336.89990234375,0.2820937054659452,4337.0,0.2820984985079918,4329.89990234375,0.154971010560979,4345.2998046875,4270.5,74.7998046875,-13.0,61.7998046875,4323.2001953125,4.921421595982143,4.421421595982143,4.107142857142857,3.6285574776785716,3.2857142857142856,0.10419801784074481,0.0940374114719203,0.07495428202965183,0.07495334653402357,0.08519463035403665,0.05048458292877601,0.00011110588239551244,0.0008337205525887697,1.1848604264908613,4.4014229910714295,0.6903643731094365,7.6,0.0002105730864680355,0.000801564241728517,0.5191468796203337,4.002130998883929,0.632617134921084,6.12001953125,0.00021301659279033825,0.0006233573314431527,0.5394928484796082,3.617129952566964,0.5927860458300878,4.5899658203125,0.00010895433923966414,0.0005816028481753651,0.4529742800683887,3.3298367745535713,0.5097361867533192,3.79595703125,0.28544571674769204,1,1.4153464568149279,1.413038086793712,5.150006975446429,0.055426277694108975,38.17744228502538,0,SHORT,-1.0
4332.7001953125,4336.39990234375,4332.7001953125,4335.2998046875,1240,4.10009765625,5.107142857142857,8.0,4.6449951171875,0.1178036834181758,0.10620936956057508,0.35183691784123655,0.44716878330630216,4331.532642708021,6.4864909120015,4326.012466493773,5.738598584845022,4318.434199855745,3.6543687471221347,4321.573501994902,0.6875761035453252,0.21468588603616262,0.3905490752254289,14,50,1,0,False,1,1,3.69970703125,2.599609375,0.7026527649465487,1.10009765625,0.0,0.08748388226541448,0.06297747147261218,1.5152258300308836,4.599609375,15.19970703125,72.22115844901867,6.19933581746136,5.535742965585564,0.6635928518757961,4338.713685350128,4312.616343946746,0.6033139717247045,0.8691866497103976,69.39574432260645,65.16653690491206,1323.95,0.9365912609992825,4332.2998046875,0.055426277694108975,4333.5,0.21275572296183248,4336.89990234375,0.2820937054659452,4330.7001953125,0.24536694559463534,4345.2998046875,4270.5,74.7998046875,-10.0,64.7998046875,4320.10009765625,5.150006975446429,4.921421595982143,4.421421595982143,3.4071219308035716,3.4928501674107144,0.06486213826775679,0.08337205525887698,0.0940374114719203,0.07495428202965183,0.06521606231735662,0.062478314804972825,0.0002126345649796191,0.0008748388226541449,0.5640245408338052,4.741427176339286,0.45765805235866464,7.919921875,0.0003515287708798831,0.0007420348734310824,0.24192875763671834,4.163560267857142,0.691450175543847,6.039990234375,0.00022329917851308113,0.0006297747147261218,0.4897369584522738,3.724989536830357,0.6577012503102809,4.6099609375,0.00012001834471581984,0.0005874240867179671,0.40160924778150053,3.3705489676339284,0.5667836225927821,3.813955078125,0.542426423112937,1,1.483856404648889,1.8224038485628453,5.107142857142857,0.10620936956057508,38.199964864033916,0,SHORT,-1.0
4335.7998046875,4343.10009765625,4335.39990234375,4342.5,1515,7.80029296875,5.500034877232143,7.06005859375,4.775,0.12665595572209887,0.12681577127046345,0.4092720151650806,0.5464377084415146,4333.726114166417,6.289192729600472,4327.58270778008,5.715874910098137,4319.377956724146,3.7267464433125497,4321.781725855649,0.7354609184358196,0.3447026487350872,0.5353095632638187,14,55,1,0,False,1,1,7.7001953125,6.7001953125,0.8701331642358909,0.60009765625,0.39990234375,0.0949664805922276,0.07015795557941489,1.6079395590837773,5.5,17.7001953125,77.21096449890041,6.7450910786801614,5.777612588204485,0.9674784904756768,4341.48867337827,4312.20136568423,0.6768744330300143,1.0345312253449717,97.48912088585612,75.44068831130855,1346.45,1.125181031601619,4335.2998046875,0.10620936956057508,4332.2998046875,0.055426277694108975,4333.5,0.21275572296183248,4337.0,0.2820984985079918,4345.2998046875,4270.5,74.7998046875,-2.7998046875,72.0,4324.7998046875,5.107142857142857,5.150006975446429,4.921421595982143,4.107142857142857,3.7714146205357144,0.07172198984006267,0.08748388226541448,0.08337205525887698,0.0940374114719203,0.07495334653402357,0.06494712190246069,0.0002538635310221471,0.0009496648059222761,0.7691267716720285,5.020005580357143,0.3946336851767311,6.9599609375,0.0004088247616715335,0.0008229205758309355,0.3756945873770431,4.336422293526786,0.7913773844058588,6.2,0.00027274588005476996,0.0007015795557941488,0.6066699143216124,3.8399919782366068,0.7549658000726465,4.7349609375,0.00016205242152763199,0.0006207211493298136,0.46927566649939434,3.4205482700892857,0.6390905359933315,3.89595703125,0.697491164970643,1,1.491763459518847,2.721566836473239,5.500034877232143,0.12681577127046345,39.05021726856797,0,SHORT,-1.0
4342.7001953125,4350.39990234375,4341.0,4345.0,3180,9.39990234375,6.057163783482143,7.5400390625,5.110009765625,0.13940538051742563,0.18677160733805595,0.46939218375189934,0.5763732733243553,4335.9808913331335,6.651373714929832,4329.241497515311,5.942943743064461,4320.382742734964,3.8982504124469415,4322.012753459076,0.8087408859764764,0.36400146523897364,0.5697934356957477,15,0,1,0,False,1,1,9.39990234375,2.2998046875,0.24466261492909458,5.39990234375,1.7001953125,0.09437463434490624,0.0704847384659738,1.738648941299337,8.10009765625,20.2998046875,79.03997435328353,7.295240174179526,6.081138105399493,1.2141020687800328,4344.452249268334,4311.727780028541,0.7560949316912657,1.016738261746972,82.69245817487518,83.19244112777918,1476.0,2.154471544715447,4342.5,0.12681577127046345,4335.2998046875,0.10620936956057508,4332.2998046875,0.055426277694108975,4336.89990234375,0.2820937054659452,4345.2998046875,4270.5,74.7998046875,-0.2998046875,74.5,4324.7001953125,5.500034877232143,5.107142857142857,5.150006975446429,4.421421595982143,3.728550502232143,0.05784091173544651,0.0949664805922276,0.08748388226541448,0.08337205525887698,0.07495428202965183,0.06539078862811468,0.0003736205647983049,0.0009437463434490625,0.1720086565384205,5.347154017857143,0.4486665892036132,7.43994140625,0.0004686984991107201,0.0008096833768590931,0.13885024194991727,4.5692836216517865,0.9241033287692936,6.869970703125,0.0002876364542371279,0.0007048473846597381,0.5324838854997026,3.981065150669643,0.8879942937931743,5.069970703125,0.00018796047944005467,0.0006101105051408091,0.43220206460974875,3.4838337053571435,0.7352143499474473,3.9999609375,1.1313062157508202,1,1.4625252175785801,2.6111005463915617,6.057163783482143,0.18677160733805595,40.48598122898005,0,SHORT,-1.0
4345.39990234375,4349.5,4344.89990234375,4346.10009765625,1399,4.60009765625,6.221470424107143,6.5201171875,5.210009765625,0.14315064734616298,0.29076030128648894,0.5041346334294096,0.6111512639788685,4338.004732597757,7.841118503193684,4330.847078481114,6.576958401463344,4321.391266457368,4.23949932396863,4322.252428525714,0.9260678190139515,0.35219482236914124,0.5717795421736458,15,5,1,0,False,1,1,4.60009765625,0.7001953125,0.1522131408555355,3.39990234375,0.5,0.07109921108830003,0.06992492595107477,1.7521154705602129,12.60009765625,21.80029296875,78.98685983411004,7.73088910563456,6.411088305446507,1.3198008001880535,4347.125950892872,4311.694068638377,0.818399785988708,0.9710471707584131,86.21844531042146,88.80000812371752,1530.65,0.9139907882272237,4345.0,0.18677160733805595,4342.5,0.12681577127046345,4335.2998046875,0.10620936956057508,4333.5,0.21275572296183248,4345.2998046875,4270.5,74.7998046875,0.80029296875,75.60009765625,4324.2998046875,6.057163783482143,5.500034877232143,5.107142857142857,4.921421595982143,3.392822265625,0.05321158462517354,0.09437463434490624,0.0949664805922276,0.08748388226541448,0.0940374114719203,0.06570953860941701,0.0005810474947064881,0.0007109921108830003,0.6879861297824093,5.607163783482143,0.5124359777501283,6.42001953125,0.0005032754308379572,0.0007901995506530871,0.03212639045956784,4.8521484375,0.9563377789903366,7.0,0.00030492419796818713,0.0006992492595107477,0.47234062816992234,4.128925432477678,1.001328150137429,5.169970703125,0.00018187329360477955,0.0006078620062023106,0.46355918781714645,3.5508335658482144,0.8253841699396776,4.02396484375,1.8089566149583731,1,1.5198677128008966,2.4603089744852733,6.221470424107143,0.29076030128648894,41.81919062079127,0,SHORT,-1.0
4346.0,4351.2998046875,4345.5,4350.10009765625,2664,5.7998046875,6.314313616071429,6.3400390625,5.3650146484375,0.14515329473621674,0.41087398774873063,0.46652799760026203,0.727068352135935,4340.4238056094555,9.832953396305129,4332.680699354937,7.64584740787177,4322.517102974972,4.771295153176652,4322.529519760844,1.093970556822569,0.4020466660261007,0.6381234365109686,15,10,1,0,False,1,1,5.7998046875,4.10009765625,0.7069371948139418,1.19970703125,0.5,0.052779891325687944,0.07001774641147361,1.7456747678431135,17.80029296875,20.2001953125,87.12835387962292,8.303196512265458,6.7895099468102975,1.5136865654551608,4350.201106913525,4311.758902852101,0.8876098254456073,0.9973724384503627,96.16704627000718,88.35931658510121,1648.45,1.6160635748733658,4346.10009765625,0.29076030128648894,4345.0,0.18677160733805595,4342.5,0.12681577127046345,4332.2998046875,0.055426277694108975,4345.2998046875,4270.5,74.7998046875,4.80029296875,79.60009765625,4329.89990234375,6.221470424107143,6.057163783482143,5.500034877232143,5.150006975446429,3.6285574776785716,0.154971010560979,0.07109921108830003,0.09437463434490624,0.0949664805922276,0.08337205525887698,0.08519463035403665,0.0008205120669473765,0.0005277989132568794,1.1193991052668357,5.840025111607143,0.5172787143039665,6.23994140625,0.0004658089746714444,0.0007566585496831557,0.08658043120078585,5.120724051339286,0.951645422804127,6.919970703125,0.0003625173435487461,0.0007001774641147361,0.2616402683675761,4.2821428571428575,1.090252069439401,5.3249755859375,0.00018495463674996103,0.0006112659669616153,0.4590125961829891,3.617119140625,0.9090861782277226,4.05595703125,2.594387215331375,1,1.6096122235830377,2.769807373347808,6.314313616071429,0.41087398774873063,43.20099727570617,0,SHORT,-1.0
4350.2001953125,4358.7998046875,4348.7001953125,4358.2001953125,3227,10.099609375,6.599993024553571,7.53994140625,5.6949951171875,0.1514385004996386,0.5282308411574945,0.6350012413642876,0.9473604446138413,4343.979083550064,12.446440842043557,4335.111127541371,9.098661047598398,4323.916439929384,5.482240073639332,4322.884451855886,1.3109498609846924,0.5326061337722482,0.7928866308914109,15,15,1,0,False,1,1,10.099609375,8.0,0.7921098433571843,0.599609375,1.5,0.06908526510770449,0.07557725701395646,1.792096875036105,22.900390625,27.5,88.12761972710247,9.303123820383007,7.29223272152484,2.010891098858167,4354.6682556035985,4311.3817932245265,0.9989894389064927,1.081594556699305,98.36617394659464,93.58388850900769,1772.1,1.8210033293832177,4350.10009765625,0.41087398774873063,4346.10009765625,0.29076030128648894,4345.0,0.18677160733805595,4335.2998046875,0.10620936956057508,4345.2998046875,4270.5,74.7998046875,12.900390625,87.7001953125,4330.7001953125,6.314313616071429,6.221470424107143,6.057163783482143,5.107142857142857,3.4071219308035716,0.24536694559463534,0.052779891325687944,0.07109921108830003,0.09437463434490624,0.08748388226541448,0.06521606231735662,0.0010544272101579376,0.000690852651077045,0.1557551163243097,6.138595145089286,0.4077448891217677,7.519921875,0.0006335308875687784,0.0008655132419670788,-0.09111512786698656,5.440011160714286,0.842154840749231,7.719921875,0.0004718328749708234,0.0007557725701395646,0.2230200990180545,4.452143205915179,1.1744585671514887,5.6549560546875,0.00024354127317938846,0.0006289216987756931,0.7003708651744986,3.682832728794643,1.0008708242102118,4.11794921875,3.4863198669935294,1,1.696166582349462,3.516979711335158,6.599993024553571,0.5282308411574945,44.98657999960755,0,SHORT,-1.0
4358.2001953125,4362.39990234375,4357.0,4360.60009765625,3972,5.39990234375,6.792829241071429,7.05986328125,5.72998046875,0.15577739505905303,0.41681284182498557,0.5441571975155638,0.9001064531487514,4347.3032863713015,13.577172204884846,4337.538648504693,9.955940724612447,4325.355014742202,5.977058018055686,4323.259731913602,1.47800605795328,0.5316713237703881,0.814848325603827,15,20,1,0,False,1,1,5.39990234375,2.39990234375,0.444434397323447,1.7998046875,1.2001953125,0.06222277159311264,0.0745097169448143,1.8085397799079406,18.10009765625,23.60009765625,88.93608007202246,10.171969347665254,7.868180046752924,2.30378930091233,4359.168813357445,4310.771225705054,1.116445729366873,1.0295734636421285,95.53396176121356,96.68906065927172,1942.55,2.0447350132557722,4358.2001953125,0.5282308411574945,4350.10009765625,0.41087398774873063,4346.10009765625,0.29076030128648894,4342.5,0.12681577127046345,4345.2998046875,4270.5,74.7998046875,15.30029296875,90.10009765625,4337.0,6.599993024553571,6.314313616071429,6.221470424107143,5.500034877232143,4.107142857142857,0.2820984985079918,0.06908526510770449,0.052779891325687944,0.07109921108830003,0.0949664805922276,0.07495334653402357,0.0008323939668838598,0.0006222277159311264,1.4852279663305912,6.397154017857143,0.29623603833958617,7.05986328125,0.0005431287489530035,0.0008160110265708631,0.16693328037823812,5.708579799107143,0.7968905327563587,7.009912109375,0.0004484037557252685,0.000745097169448143,0.31447376328081295,4.623927525111608,1.2544089381496264,5.699951171875,0.0002540895700396839,0.0006295741140913066,0.6492111103922973,3.7559744698660715,1.0897543484906334,4.17794921875,2.831338460002842,1,1.793602242910081,3.4130197360717127,6.792829241071429,0.41681284182498557,46.83910759466868,1,SHORT,2.0
4360.39990234375,4361.0,4355.2998046875,4357.10009765625,1783,5.7001953125,6.964285714285714,6.319921875,5.9,0.1598376341647948,0.2784832602128884,0.46577499521221133,0.8074568684162186,4349.262648628292,13.281757295158059,4339.401643661984,10.160146146673469,4326.599919954518,6.217177219553378,4323.596451970743,1.583698511667535,0.4078547101099951,0.7049456447559168,15,25,1,0,False,1,1,5.7001953125,3.2998046875,0.5788932670892581,0.60009765625,1.80029296875,0.09716164522431477,0.07934096624452562,1.8173468156294008,12.10009765625,20.2001953125,83.33316792870399,10.457566620063517,8.386057361415043,2.071509258648474,4362.0435277912175,4311.386501505657,1.168096730231347,0.9024137321622336,86.08978713042586,93.32997427941127,1998.25,0.8922807456524459,4360.60009765625,0.41681284182498557,4358.2001953125,0.5282308411574945,4350.10009765625,0.41087398774873063,4345.0,0.18677160733805595,4345.2998046875,4270.5,74.7998046875,11.80029296875,86.60009765625,4336.89990234375,6.792829241071429,6.599993024553571,6.314313616071429,6.057163783482143,4.421421595982143,0.2820937054659452,0.06222277159311264,0.06908526510770449,0.052779891325687944,0.09437463434490624,0.07495428202965183,0.000556724555039545,0.0009716164522431477,-0.12161398465571333,6.578578404017857,0.3132467572853463,6.319921875,0.00046517255991892494,0.0009081483262525645,0.02557649729966081,5.9628662109375,0.7445144580267347,6.879931640625,0.00040248690434490644,0.0007934096624452562,0.2286407954946533,4.806070382254465,1.3181834873317912,5.869970703125,0.00023153402872837513,0.0006469395898482206,0.6146446512241239,3.832117047991072,1.1766040401835078,4.233955078125,1.9394369907683298,1,1.838196224661843,2.551681349897179,6.964285714285714,0.2784832602128884,48.0498562353591,0,SHORT,-1.0
4357.2001953125,4363.39990234375,4356.0,4360.2001953125,2688,7.39990234375,7.021414620535714,6.8798828125,6.189990234375,0.1610342256322128,0.3244310379287825,0.61613465587862,0.8838545884428506,4351.450157965133,13.445425367376629,4341.38245810489,10.535379623775952,4327.917577811693,6.5263113543251166,4323.960668322403,1.7082397966887584,0.4334503441980579,0.7459157185966943,15,30,1,0,False,1,1,7.39990234375,3.0,0.40541075552622896,3.19970703125,1.2001953125,0.09573354928108664,0.07889310051769176,1.7957703888686105,14.10009765625,26.7001953125,82.44095229133339,10.809451855973748,8.870736260326785,1.938715595646963,4365.020174703218,4312.229874124908,1.2167518575874037,0.9086957388399817,90.83175935641833,90.8185027493525,2113.25,1.271974446941914,4357.10009765625,0.2784832602128884,4360.60009765625,0.41681284182498557,4358.2001953125,0.5282308411574945,4346.10009765625,0.29076030128648894,4345.2998046875,4270.5,74.7998046875,14.900390625,89.7001953125,4333.5,6.964285714285714,6.792829241071429,6.599993024553571,6.221470424107143,4.921421595982143,0.21275572296183248,0.09716164522431477,0.06222277159311264,0.06908526510770449,0.07109921108830003,0.0940374114719203,0.0006483881095791899,0.0009573354928108665,-0.5926679263684379,6.738567243303571,0.2885696560897881,6.8798828125,0.000614717802142839,0.0007957764207337207,-0.13463406498903382,6.172865513392858,0.7136476552834299,6.649951171875,0.0004403780404852842,0.0007889310051769176,0.08661282528667003,4.994283621651786,1.3536433716462062,6.1649658203125,0.0002341551162418476,0.0006486453167362762,0.6024848537830354,3.9099734933035717,1.2552668389390527,4.331953125,2.2779648330687303,1,1.9176876770410192,2.6916659641535965,7.021414620535714,0.3244310379287825,49.32840336953306,1,SHORT,2.0
4360.60009765625,4362.2998046875,4354.2998046875,4360.10009765625,2436,8.0,7.442836216517857,7.319921875,6.475,0.17070333363490248,0.22987976771816832,0.64169827163555,0.8535321215001637,4353.180145903357,12.756340293901303,4343.165090443115,10.4843910881782,4329.17963741344,6.662534438468356,4324.320264634182,1.7907448733385536,0.3899231749306324,0.7142337078274714,15,35,1,0,False,1,1,8.0,0.5,0.0625,1.69970703125,5.80029296875,0.09829453590131254,0.0795034737285653,1.8641835927454071,10.0,27.80029296875,81.9560763833604,10.953975782116686,9.287384164684767,1.6665916174319193,4367.476907863225,4313.463131199274,1.2444222957628943,0.8634272464806446,90.54494578523959,89.15549742402784,2212.2,1.1011662598318417,4360.2001953125,0.3244310379287825,4357.10009765625,0.2784832602128884,4360.60009765625,0.41681284182498557,4350.10009765625,0.41087398774873063,4345.2998046875,4270.5,74.7998046875,14.80029296875,89.60009765625,4332.2998046875,7.021414620535714,6.964285714285714,6.792829241071429,6.314313616071429,5.150006975446429,0.055426277694108975,0.09573354928108664,0.09716164522431477,0.06222277159311264,0.052779891325687944,0.08337205525887698,0.0004597236119173953,0.0009829453590131255,0.28530317788898724,6.964271763392857,0.3139987182028359,7.319921875,0.0006401178394323858,0.0007677118860447763,-0.13604113142664526,6.4021484375,0.7168229432943644,6.779931640625,0.0004253454629502107,0.000795034737285653,0.1365938362065393,5.2021397181919635,1.3959862514624979,6.4499755859375,0.0002522596122363585,0.0006278402772029655,0.7076780589629831,3.9925446428571427,1.3476692961214292,4.403955078125,1.7109574606174955,1,1.879048876372876,2.2842153496814173,7.442836216517857,0.22987976771816832,49.99966586437609,1,SHORT,2.0
4361.10009765625,4367.89990234375,4360.7998046875,4364.2001953125,3351,7.39990234375,7.321358816964286,7.5599609375,7.5149658203125,0.16775946311601403,0.1491612481049507,0.1376715095936472,0.7735469667528594,4358.21612773019,4.131971945004807,4350.580929074104,6.031542929142233,4335.629141972622,5.331051308238784,4326.3580825868175,1.705679338920163,0.3130447740296356,0.6589828697128508,16,5,1,0,False,1,1,7.10009765625,3.10009765625,0.43662746716181833,3.69970703125,0.30029296875,0.06422964773687555,0.07824869485440523,1.6598055655885626,6.5,6.0,77.4686016613924,9.574925627625817,9.737768531970936,-0.16284290434511917,4372.17708292634,4328.883024495536,0.9951444512806962,0.8157509851706558,86.24639233268591,83.28970346574377,2559.5,1.3092400859542879,4360.5,0.009171861535127727,4356.10009765625,-0.09403461934288873,4358.2001953125,0.02524839070926461,4357.7001953125,-0.011472625799470601,4345.2998046875,4270.5,74.7998046875,18.900390625,93.7001953125,4358.2001953125,7.349958147321429,6.949986049107143,6.864292689732143,7.142822265625,6.599993024553571,0.5282308411574945,0.06473604000022785,0.03469285115191628,0.047947226289205586,0.0662307352448549,0.06908526510770449,0.00029830963540473655,0.0006422964773687554,-0.09364169339953198,7.109974888392857,0.21812808125786218,7.5,0.00013776939882484963,0.0006379232670159148,-0.07844053373483424,7.09140625,0.2181734091187378,7.22998046875,0.000385650143196814,0.0007824869485440523,0.20970923225560703,6.265708705357143,1.0373789952209502,7.474951171875,0.00027292699709298375,0.000637086714141125,0.6796403854567737,4.410973772321429,1.6789337692910014,4.921953125,1.0920630189625782,1,2.0422147684985297,1.8660334756385668,7.321358816964286,0.1491612481049507,49.37246505519081,1,SHORT,2.0
4355.60009765625,4357.0,4352.5,4353.60009765625,1032,4.5,8.321358816964286,7.93994140625,7.7749267578125,0.19113741800594108,0.11728406706335517,-0.10555039810235599,0.19793090117951667,4355.297130701413,-0.6372066709091087,4352.4640002298975,1.605680260081499,4340.166455169924,3.2612727606274348,4328.236866864997,1.3654709246047787,0.02610239685595392,0.3095190616554344,16,40,1,0,False,1,1,4.5,2.0,0.4444444444444444,1.39990234375,1.10009765625,0.10960968753008153,0.10157651514548632,1.6308255070706015,5.10009765625,-4.60009765625,43.23751013097727,5.161489083048764,6.928916002068302,-1.7674269190195382,4365.4834139952745,4347.2167324891,0.4193116071725596,0.3494540135816379,39.40785798522749,50.989317167704534,2330.2,0.4428804394472578,4355.5,-0.013776029999238899,4359.89990234375,-0.098535648602208,4352.5,-0.1834651989450751,4348.5,-0.2225734220041826,4345.2998046875,4270.5,74.7998046875,8.30029296875,83.10009765625,4358.2001953125,8.528494698660714,8.307094029017858,8.014229910714286,7.942766462053571,6.864292689732143,0.02524839070926461,0.14081745529358208,0.15944816411253046,0.137112817740556,0.13667581334627454,0.047947226289205586,0.000234938537984819,0.0010960968753008153,0.41701848971298106,8.28422154017857,0.18414876926446422,7.93994140625,-0.00010492880960166762,0.0012216983970994382,-0.0887343689393643,7.847795758928572,0.5327159068090752,8.709912109375,9.936264152330953e-05,0.0010157651514548633,-0.23171229291422868,7.34532470703125,0.6835146562637978,7.7599365234375,0.00021789977856786713,0.0008133042323228977,-0.12374289030422721,5.102543945312501,2.022493704498552,5.801962890625,0.9759628055470813,1,1.4778289616478297,0.13656351084088927,8.321358816964286,0.11728406706335517,33.30589786033122,1,SHORT,2.0
4353.7998046875,4361.39990234375,4353.7998046875,4360.2001953125,1522,7.7998046875,8.307059151785714,7.4798828125,7.934912109375,0.19052013163790837,0.17001449542959846,0.09412312766770467,0.3244310379287825,4356.27774362363,0.9703127882721674,4353.200780713954,2.1575574376920486,4340.95209203826,3.4235911082496386,4328.554909934127,1.4255198768478294,0.160787773207136,0.44340741077384344,16,45,1,0,False,1,1,7.60009765625,6.400390625,0.8421458400256987,1.19970703125,0.0,0.12065400986596192,0.10639372622538107,1.5945409900400433,7.400390625,4.10009765625,50.090505328777155,5.194313397099904,6.581995481074623,-1.3876820839747186,4364.949858425673,4349.160297824328,0.3623906587873395,0.6991896587186753,67.37425775350175,51.413458023848364,2336.35,0.6514434909153166,4353.60009765625,0.11728406706335517,4355.5,-0.013776029999238899,4359.89990234375,-0.098535648602208,4352.7998046875,-0.07576256042705917,4345.2998046875,4270.5,74.7998046875,14.900390625,89.7001953125,4356.10009765625,8.321358816964286,8.528494698660714,8.307094029017858,8.249930245535714,6.949986049107143,-0.09403461934288873,0.10960968753008153,0.14081745529358208,0.15944816411253046,0.15077601728110587,0.03469285115191628,0.00034038000855867167,0.0012065400986596192,0.27143000649041277,8.295647321428572,0.18325937773838324,7.43994140625,9.485937617463858e-05,0.0013131439289319664,-0.3823731012251363,7.983503069196428,0.44406856135743145,8.679931640625,0.00016250374823352786,0.0010639372622538107,-0.26183408467368796,7.449604143415177,0.6617780712893858,7.9099365234375,0.0002570433792654159,0.000827904013634709,-0.17250408086295868,5.209686802455358,2.047869429263713,5.89796875,1.4123204701946763,1,1.474491568181646,0.8439411196330685,8.307059151785714,0.17001449542959846,32.35590854508741,1,SHORT,2.0
4360.0,4360.7001953125,4356.2998046875,4358.7998046875,1260,4.400390625,8.028529575892858,7.0,7.86494140625,0.18419128970453957,0.14473991240666284,-0.03899083390666208,0.19998866315598654,4356.782155836404,2.036211168117916,4353.734021092388,2.5520571757697326,4341.65200233823,3.5363837976310606,4328.855854160529,1.4740202232223965,0.11635491673516059,0.3949603132640512,16,50,1,0,False,1,1,4.400390625,1.2001953125,0.2727474478473147,0.7001953125,2.5,0.1232922377656917,0.10535605766344895,1.510996097957634,6.2998046875,-1.7001953125,51.01253529485819,5.049123924950436,6.2754211698497855,-1.2262972448993494,4364.700347992685,4350.27977896044,0.33093750811080136,0.5908245165644068,61.440423727060185,56.07417982192973,2266.15,0.5560090903073495,4360.2001953125,0.17001449542959846,4353.60009765625,0.11728406706335517,4355.5,-0.013776029999238899,4352.5,-0.1834651989450751,4345.2998046875,4270.5,74.7998046875,13.5,88.2998046875,4360.5,8.307059151785714,8.321358816964286,8.528494698660714,8.014229910714286,7.349958147321429,0.009171861535127727,0.12065400986596192,0.10960968753008153,0.14081745529358208,0.137112817740556,0.06473604000022785,0.00028992011328798917,0.001232922377656917,0.4100238043355462,8.298507254464287,0.17779991068497705,6.96005859375,-3.8263738233978996e-05,0.0012770367904214308,-0.07916851030797571,8.05136021205357,0.38432831517090205,8.15,0.00010042669185963415,0.0010535605766344895,-0.10042909990916425,7.53531494140625,0.6164583630537116,7.8399658203125,0.0002524778872096411,0.000830498519378,-0.1592972929149298,5.313401925223214,2.056847424896925,5.9359765625,1.1620486675690342,1,1.5048856256861913,0.6317069440243618,8.028529575892858,0.14473991240666284,31.473775609503875,1,SHORT,2.0
4353.89990234375,4362.0,4353.7998046875,4360.60009765625,1996,8.2001953125,3.778529575892857,5.62001953125,3.3699462890625,0.08665159591047465,0.3197805627068486,0.2091255350166609,0.33132165332100216,4352.8222662477265,5.106803093196504,4350.367125430981,2.776451063006789,4349.222669096773,1.125622765596745,4346.899350577335,0.3710628043018005,0.2352208889555531,0.26159682833254616,14,15,2,0,False,1,1,8.2001953125,6.7001953125,0.8170775276884602,1.39990234375,0.10009765625,0.07172182684125619,0.0540071309837382,1.0742759411094736,13.89990234375,9.10009765625,76.53446148422351,2.062761550214418,0.8923039693496064,1.1704575808648117,4357.229479838469,4341.350500630281,0.3650935955947207,1.212269175089214,91.90798758114592,86.34634665370749,631.35,3.161479369604815,4354.2998046875,0.1794502401357414,4355.7998046875,0.19321669348203932,4352.2001953125,0.10580774571998627,4346.7001953125,-0.11030230236699988,4373.60009765625,4308.5,65.10009765625,-13.0,52.10009765625,4351.5,3.3213588169642856,3.149937220982143,2.9928152901785716,2.64990234375,2.778529575892857,0.09661618708631772,0.05839191115140997,0.054446279550214464,0.05064205751437259,0.023359547435695186,0.04719594105218443,0.0006389502724116092,0.0007172182684125619,-0.4792993864839946,3.1742257254464286,0.4237218824971685,5.62001953125,0.00020913505126106678,0.0006768625992249611,0.86857301983653,2.9506452287946425,0.371157976466731,4.0599609375,0.00016553915205703152,0.000540071309837382,1.0041252279588524,2.795664760044643,0.32662804404489254,3.3699462890625,4.2825639312842334e-05,0.000501357258672388,0.24398625091292142,3.5172802734375,1.0040313882544436,3.1259765625,1.208300313983488,1,0.3028840482048996,2.714559224028314,3.778529575892857,0.3197805627068486,24.76023193805313,0,SHORT,-1.0
4360.7001953125,4362.7998046875,4359.7001953125,4360.2998046875,1373,3.099609375,3.871372767857143,5.73994140625,3.4149169921875,0.08878684818175253,0.29441758913168486,0.255210357687443,0.3498125863532749,4354.3177739356815,6.645403412057931,4351.313094883983,3.731056170100601,4349.657066570919,1.5834338213571755,4347.032688429177,0.4947318777658438,0.20652868703204755,0.24467993576724859,14,20,2,0,False,1,1,3.099609375,0.400390625,0.129174543163201,2.099609375,0.599609375,0.0764664145948664,0.05340923533277681,1.1140207235956012,12.7998046875,11.099609375,75.18176634115048,2.584240693990978,1.2306913142778808,1.353549379713097,4359.128902740951,4340.9710484309235,0.41741714260608886,1.064484598596113,85.71428571428571,81.58444189180273,683.6,2.008484493856056,4360.60009765625,0.3197805627068486,4354.2998046875,0.1794502401357414,4355.7998046875,0.19321669348203932,4347.5,-0.03909213731601603,4373.60009765625,4308.5,65.10009765625,-13.30029296875,51.7998046875,4349.2001953125,3.778529575892857,3.3213588169642856,3.149937220982143,2.6284877232142856,2.78564453125,0.07594038157598032,0.07172182684125619,0.05839191115140997,0.054446279550214464,0.0215489506257823,0.053335948565476875,0.0005883767159521325,0.000764664145948664,-0.306928663066104,3.422802734375,0.38645579296021637,5.73994140625,0.00025509939453308703,0.0006355510000821932,0.9829872307556334,3.059218052455357,0.4645735896826094,4.0099609375,0.00017475175503883777,0.0005340923533277681,1.003946047704748,2.8431623186383925,0.4054396105862931,3.4149169921875,4.8342829809118194e-05,0.000498515216013444,0.2233453922014453,3.475135323660714,0.9408447088592937,3.13396484375,1.139800236942558,1,0.42776255668619195,2.326118014790543,3.871372767857143,0.29441758913168486,26.592229392586844,0,SHORT,-1.0
4359.60009765625,4368.0,4359.5,4364.2001953125,2390,8.7998046875,4.142822265625,5.8599609375,3.78994140625,0.09492741121442418,0.19285529642477847,0.38644461853377476,0.38875604131964997,4357.075445631336,7.053136308717512,4353.220051877817,4.4574323892429675,4350.5869495960305,2.054849845762874,4347.323374439589,0.6374801149140694,0.25223037897995376,0.3129059566947285,14,30,2,0,False,1,1,8.5,4.60009765625,0.5411879595588235,3.7998046875,0.10009765625,0.08444344980549183,0.058380055504600674,1.2123171083446094,8.400390625,16.80029296875,72.85266036881052,3.4700317661972804,1.941751004224837,1.5282807619724434,4362.8920149880405,4340.1280045432095,0.5231289918613121,1.0574670411274805,83.26091632609163,82.8020018706019,836.1,2.8585097476378425,4359.2001953125,0.16083818955615345,4360.2998046875,0.29441758913168486,4360.60009765625,0.3197805627068486,4355.7998046875,0.19321669348203932,4373.60009765625,4308.5,65.10009765625,-9.39990234375,55.7001953125,4347.39990234375,3.728550502232143,3.871372767857143,3.778529575892857,3.149937220982143,2.707066127232143,-0.07585659366521687,0.0782151743387377,0.0764664145948664,0.07172182684125619,0.054446279550214464,0.02840869184277953,0.00038569844976772406,0.0008444344980549183,0.6184502204857921,3.768526785714286,0.296787699224172,5.8,0.0003859760200640161,0.0006698290162602834,0.4885310900464725,3.2935128348214286,0.561261788434696,4.72998046875,0.00019418179683604596,0.0005838005550460068,0.9011019302712671,2.9835170200892858,0.5132828201215157,3.774951171875,7.405378749715919e-05,0.0005191503231784724,0.2575660098478407,3.417276088169643,0.862380219613042,3.263974609375,0.7989652160722817,1,0.6355817635805495,2.6570868809453794,4.142822265625,0.19285529642477847,29.59485767799665,0,SHORT,-1.0
4364.10009765625,4368.10009765625,4363.0,4367.60009765625,1112,5.10009765625,4.385672433035714,5.8,3.924951171875,0.10041378182469504,0.30545193407288906,0.48545030843782355,0.4993257046900011,4359.180376036319,8.302567640724192,4354.589580047192,5.299609587291343,4351.254131872903,2.495847615292405,4347.525132879557,0.763478252763889,0.2987771262915964,0.37566102295917947,14,35,2,0,False,1,1,5.10009765625,3.5,0.686261369076113,0.5,1.10009765625,0.07452500098823144,0.058447568319169224,1.2905587008899855,13.30029296875,21.10009765625,75.2353400376544,4.167397011464345,2.386880205672739,1.7805168057916063,4365.727826205322,4339.462212857177,0.603447213220717,1.071282228444891,97.80704572224006,86.83292187325334,888.1,1.2521112487332506,4364.2001953125,0.19285529642477847,4359.2001953125,0.16083818955615345,4360.2998046875,0.29441758913168486,4354.2998046875,0.1794502401357414,4373.60009765625,4308.5,65.10009765625,-6.0,59.10009765625,4346.5,4.142822265625,3.728550502232143,3.871372767857143,3.3213588169642856,2.671351841517857,-0.1011262599118829,0.08444344980549183,0.0782151743387377,0.0764664145948664,0.05839191115140997,0.026173812054238237,0.0006103808636708452,0.0007452500098823144,-0.21184260684583833,3.9813895089285714,0.27689737119727836,5.7400390625,0.0004845801655911086,0.0006449543119441102,0.10836185753405143,3.4649448939732146,0.6098243766988501,5.05,0.0002492348040009695,0.0005844756831916922,0.6819133100841716,3.082444545200893,0.5823636598432446,3.9099609375,7.445651501414297e-05,0.0005196999554759012,0.25874658163094166,3.3982742745535712,0.8290691618679925,3.289970703125,1.339612126880912,1,0.7605329000780509,2.975459352912424,4.385672433035714,0.30545193407288906,31.368602462510196,0,SHORT,-1.0
4367.7998046875,4371.60009765625,4367.60009765625,4370.39990234375,1931,4.0,4.414271763392857,4.9599609375,3.974951171875,0.10100384088480277,0.22473523065706558,0.5452344529491099,0.531366565318136,4361.4242812978055,8.60201505007899,4356.095325027816,5.728199596835111,4352.004946401171,2.7822773043981215,4347.752742525967,0.8533919486317245,0.3283807228401835,0.4226777351848047,14,40,2,0,False,1,1,4.0,2.60009765625,0.6500244140625,1.2001953125,0.19970703125,0.059009700087633454,0.05908841682349139,1.3057814405420962,9.7998046875,23.69970703125,82.71569587823073,4.889620332412051,2.887428231020601,2.0021921013914494,4368.839436728994,4338.660612099132,0.6931685204853608,1.05170730251741,95.43657055863952,92.168177535657,969.4,1.9919537858469156,4367.60009765625,0.30545193407288906,4364.2001953125,0.19285529642477847,4359.2001953125,0.16083818955615345,4360.60009765625,0.3197805627068486,4373.60009765625,4308.5,65.10009765625,-3.2001953125,61.89990234375,4346.7001953125,4.385672433035714,4.142822265625,3.728550502232143,3.778529575892857,2.64990234375,-0.11030230236699988,0.07452500098823144,0.08444344980549183,0.0782151743387377,0.07172182684125619,0.023359547435695186,0.00044920618790948995,0.0005900970008763345,-0.2055977446271293,4.108537946428571,0.3049958543608439,4.9,0.0005440782301605496,0.0006272048313271348,-0.18946962736078138,3.6413818359375,0.6030108839238941,5.260009765625,0.00026518077250041184,0.0005908841682349139,0.5869269569328774,3.1767299107142857,0.6379649880482878,3.9599609375,9.784772024574728e-05,0.0005183252400925993,0.18092085055100912,3.380559430803572,0.7964253606491921,3.3159765625,0.9920423829290652,1,0.9266259183601899,3.251170648200491,4.414271763392857,0.22473523065706558,33.43158739162232,0,SHORT,-1.0
4370.5,4374.0,4364.7998046875,4365.60009765625,2308,9.2001953125,4.871442522321429,6.180078125,4.344970703125,0.11158700781907967,0.12155799385748588,0.4163334711040828,0.45330531662442697,4362.259444569495,7.941670633813374,4357.000541468619,5.687446584636746,4352.538089587644,2.8810230167255213,4347.930328149154,0.8976397199767234,0.19737331005086436,0.30010094799292786,14,45,2,0,False,1,1,9.2001953125,4.89990234375,0.532586774227789,3.5,0.80029296875,0.09092802135586042,0.06536441038434627,1.4432120038074,5.30029296875,18.10009765625,75.28117627695178,5.016852243184076,3.313313033453296,1.7035392097307795,4370.233245713903,4339.236822645472,0.7117866603856361,0.8505263640445174,70.73224675899147,87.99195434662361,1074.2,2.1485756842301247,4370.39990234375,0.22473523065706558,4367.60009765625,0.30545193407288906,4364.2001953125,0.19285529642477847,4360.2998046875,0.29441758913168486,4373.60009765625,4308.5,65.10009765625,-8.0,57.10009765625,4347.5,4.414271763392857,4.385672433035714,4.142822265625,3.871372767857143,2.6284877232142856,-0.03909213731601603,0.059009700087633454,0.07452500098823144,0.08444344980549183,0.0764664145948664,0.0215489506257823,0.0002433286043848737,0.0009092802135586042,-0.8766317340503773,4.308551897321428,0.41768350815592553,6.1201171875,0.00041585266016850306,0.0008126535786281906,-0.6242629941079558,3.8656773158482145,0.6015359341524985,5.930029296875,0.0002263689497089938,0.0006536441038434627,0.1434045635744666,3.2942330496651784,0.7218184067552332,4.32998046875,8.048131327017538e-05,0.0005434682459145422,0.034883740535800206,3.3754171316964285,0.7856660694019276,3.461982421875,0.5921627802054438,1,0.9160432172868102,1.7687839642664616,4.871442522321429,0.12155799385748588,34.211994665011474,0,SHORT,-1.0
4365.60009765625,4370.10009765625,4364.5,4369.39990234375,1127,5.60009765625,5.107142857142857,6.5400390625,4.5349853515625,0.11688430840132945,0.23398115650246726,0.3951956771146419,0.5268584457321983,4363.687536124346,8.393277913300153,4358.181432980537,6.117185674790562,4353.199337146707,3.1680302329814367,4348.14395575308,0.990197603670822,0.257411710267904,0.3721530750682704,14,50,2,0,False,1,1,5.60009765625,3.7998046875,0.6785247188072194,0.7001953125,1.10009765625,0.0894818770906126,0.06687744177302533,1.5131684050866894,10.19970703125,17.19970703125,78.06178375685103,5.36248158147373,3.723146743057383,1.6393348384163473,4372.1795059275955,4339.580552666155,0.7483896030695418,0.914733348597012,83.97189424614652,83.38023718792577,1116.85,1.009088060169226,4365.60009765625,0.12155799385748588,4370.39990234375,0.22473523065706558,4367.60009765625,0.30545193407288906,4359.2001953125,0.16083818955615345,4373.60009765625,4308.5,65.10009765625,-4.2001953125,60.89990234375,4352.2001953125,4.871442522321429,4.414271763392857,4.385672433035714,3.728550502232143,2.9928152901785716,0.10580774571998627,0.09092802135586042,0.059009700087633454,0.07452500098823144,0.0782151743387377,0.05064205751437259,0.0004678453084333123,0.0008948187709061261,-1.993122430389964,4.584270368303572,0.39340836879159674,6.480078125,0.00039477974715049766,0.0007960481345200295,-0.6200653422768467,4.0771100725446425,0.6314814846422696,5.75,0.00026298461176180177,0.0006687744177302534,0.003556316141928381,3.4242361886160717,0.8022478380999676,4.5199951171875,0.00010064952605249423,0.0005538071873882899,-0.017896147837143293,3.3751318359375,0.7850214413228788,3.52798828125,1.1949751921376006,1,0.9755152681624372,2.2022777376075586,5.107142857142857,0.23398115650246726,34.820084482505536,0,SHORT,-1.0
4369.39990234375,4375.89990234375,4367.10009765625,4373.60009765625,2413,8.7998046875,5.599993024553571,6.5400390625,4.6849853515625,0.12804081076261473,0.21538659830147683,0.40865727918886885,0.5263498130352132,4365.670048430727,8.594602799390486,4359.649877235366,6.429825357548907,4353.999366970611,3.4124173745804,4348.3972506973905,1.0738762578012029,0.31998487983466833,0.45017761909498616,14,55,2,0,False,1,1,8.7998046875,4.2001953125,0.4773055154810787,2.2998046875,2.2998046875,0.08628624609504446,0.06684949795264565,1.653104857150564,9.39990234375,17.80029296875,81.88283413182596,5.907221212395598,4.1599616369250265,1.7472595754705713,4374.930603219835,4339.11944560829,0.8219176481861096,0.9628466195363716,92.48432239225136,82.39615446579639,1198.15,2.013938154655093,4369.39990234375,0.23398115650246726,4365.60009765625,0.12155799385748588,4370.39990234375,0.22473523065706558,4364.2001953125,0.19285529642477847,4373.60009765625,4308.5,65.10009765625,0.0,65.10009765625,4355.7998046875,5.107142857142857,4.871442522321429,4.414271763392857,4.142822265625,3.149937220982143,0.19321669348203932,0.0894818770906126,0.09092802135586042,0.059009700087633454,0.08444344980549183,0.054446279550214464,0.0004307004481109766,0.0008628624609504445,-2.1327199877141445,4.875704520089285,0.5077468221138285,6.5400390625,0.00040819944893935036,0.0008052237743998235,-0.6347412671805132,4.322115652901785,0.7030224774182591,6.17001953125,0.000262731383810183,0.0006684949795264565,0.0033626551761522603,3.5645961216517863,0.9225140448510413,4.6699951171875,0.00011895406047118362,0.0005669351891672406,-0.04322846624809773,3.387560686383929,0.8152626542648934,3.655986328125,1.2061634480705923,1,1.0090209469869238,2.49908508020864,5.599993024553571,0.21538659830147683,36.164626709125464,1,SHORT,2.0
4373.5,4378.2001953125,4373.5,4376.60009765625,2327,4.7001953125,5.800013950892857,6.46005859375,4.7699951171875,0.13252327883461118,0.20606282165873194,0.5121441786057828,0.5906868898237759,4367.856058275832,8.675682239512753,4361.264183942117,6.674603894924985,4354.885670134754,3.6315382618513468,4348.677876040265,1.152743160708269,0.351639182294875,0.49862221803917184,15,0,2,0,False,1,1,4.7001953125,3.10009765625,0.659567837107833,1.60009765625,0.0,0.0854428712030458,0.06728739850605805,1.70267200880035,9.0,22.30029296875,83.00259773856618,6.506009000584527,4.629171109656927,1.8768378909276002,4377.967831314197,4338.652237045178,0.9020834672313309,0.9652114209799829,95.13653903235381,90.53091855691717,1265.1,1.839380286143388,4373.60009765625,0.21538659830147683,4369.39990234375,0.23398115650246726,4365.60009765625,0.12155799385748588,4367.60009765625,0.30545193407288906,4373.60009765625,4308.5,65.10009765625,3.0,68.10009765625,4354.2998046875,5.599993024553571,5.107142857142857,4.871442522321429,4.385672433035714,3.3213588169642856,0.1794502401357414,0.08628624609504446,0.0894818770906126,0.09092802135586042,0.07452500098823144,0.05839191115140997,0.0004120784767984942,0.000854428712030458,-2.1046327720615263,5.158572823660714,0.5579810554961029,6.46005859375,0.0005112296702346697,0.0007630416907413557,-1.1157564651696446,4.569981166294643,0.7465819476515184,6.100048828125,0.00029473295858452596,0.0006728739850605806,-0.1388538725451001,3.710313197544642,1.0331631875023661,4.7550048828125,0.00012807260265815357,0.0005723980320349639,-0.07128416423378536,3.406418805803572,0.8596461855076946,3.687998046875,1.1951672403809919,1,1.099741114653826,2.6534144445197443,5.800013950892857,0.20606282165873194,37.66243823293749,1,SHORT,2.0
4376.89990234375,4378.10009765625,4373.7001953125,4374.7998046875,1379,4.39990234375,5.935721261160714,6.5400390625,4.90498046875,0.13567983739051834,0.10067505130115047,0.3256365342669718,0.5354430584281282,4369.244807558165,7.820526260359657,4362.5532906797725,6.457965651956329,4355.666616587803,3.6616701866323638,4348.937795728298,1.1850532023308915,0.28071895497279314,0.43927117899316126,15,5,2,0,False,1,1,4.39990234375,2.10009765625,0.4773055154810787,1.2001953125,1.099609375,0.0911632347978343,0.0690587133060137,1.7305355550426205,4.39990234375,14.19970703125,79.48155491341672,6.757389065041025,5.054814700733746,1.7025743643072788,4380.167914699888,4338.782134128237,0.9493294568699396,0.8702909565014989,89.66458889878302,92.42848344112933,1317.65,1.0465601639282054,4376.60009765625,0.20606282165873194,4373.60009765625,0.21538659830147683,4369.39990234375,0.23398115650246726,4370.39990234375,0.22473523065706558,4373.60009765625,4308.5,65.10009765625,1.19970703125,66.2998046875,4360.60009765625,5.800013950892857,5.599993024553571,5.107142857142857,4.414271763392857,3.778529575892857,0.3197805627068486,0.0854428712030458,0.08628624609504446,0.0894818770906126,0.059009700087633454,0.07172182684125619,0.0002016015353362377,0.000911632347978343,-0.8663934559142442,5.462862723214286,0.4561757731158456,6.5400390625,0.0003254038616228638,0.0007356344346688477,-0.8352710682291946,4.785700334821429,0.8020781501899236,5.72001953125,0.0002672694564419653,0.0006905871330601369,-0.05762553587261295,3.868172781808036,1.1207827300912219,4.889990234375,0.00013364292696077973,0.0005655905346215014,-0.05881356567867422,3.429990931919643,0.9120037953556659,3.687998046875,0.5975790424766845,1,1.1602084715518894,2.0689806265378863,5.935721261160714,0.10067505130115047,39.05326321933437,1,SHORT,2.0
4369.39990234375,4370.0,4360.39990234375,4364.7998046875,1914,9.60009765625,7.550013950892857,7.6400390625,6.910009765625,0.17297503410774195,0.13765257109416992,-0.018331797481396694,0.397925352213916,4364.620491395029,-2.535315589003403,4362.447947039105,0.2521312157396096,4357.015564895026,1.2260781856657559,4349.688108992529,0.6521838218513949,0.05391142030682702,0.17865990324185882,15,35,2,0,False,1,1,9.60009765625,4.60009765625,0.47917196480341795,0.60009765625,4.39990234375,0.10510605486402419,0.12003232091143119,1.9849113944664112,6.0,-0.80029296875,54.53044261492029,3.2983674154593245,4.093271009991221,-0.7949035945318963,4377.727551963793,4349.792418739331,0.640162000619559,0.5372226374430644,44.39694470895719,45.08918019058418,1927.3,0.9930991542572511,4369.10009765625,-0.13028497955821638,4361.0,-0.35644329635243893,4359.2998046875,-0.3269684618951176,4358.7998046875,-0.15576994723820117,4373.60009765625,4308.5,65.10009765625,-8.80029296875,56.2998046875,4365.60009765625,7.1357421875,6.478585379464286,6.671456473214286,6.6142578125,4.871442522321429,0.12155799385748588,0.20536794190741822,0.16870810060707314,0.17398051904037629,0.1950392107347358,0.09092802135586042,0.0002755953317933768,0.0010510605486402419,0.6437735180715067,6.902873883928571,0.43500122343218295,7.6400390625,-1.73072902736493e-05,0.0015089713220668188,-1.6372302265939607,6.357149832589285,0.7405620068558287,7.850048828125,0.0001992726849474269,0.001200323209114312,-1.7708333307234831,5.11141357421875,1.436913259717038,6.8900390625,7.240923986667313e-05,0.0008316069683651619,-1.6603131566658809,3.803703264508928,1.423106878323343,4.487978515625,1.0392788321372537,1,0.7195194842569735,0.311671684789187,7.550013950892857,0.13765257109416992,28.22771357327442,0,SHORT,-1.0
4364.60009765625,4369.5,4360.0,4369.10009765625,2061,9.5,7.600027901785714,8.4400390625,7.014990234375,0.1739495029162334,0.2639067317394571,-0.0068614613951720116,0.38830709952064923,4365.516412647273,0.271747528796368,4363.081485193119,1.3233568142404692,4357.489468140565,1.628977080345976,4349.881263108587,0.76012229128537,0.13794407653297644,0.26645226799916083,15,40,2,0,False,1,1,9.5,4.5,0.47368421052631576,0.39990234375,4.60009765625,0.10369803742515944,0.11968012212653105,1.9510893555373896,11.5,-0.2998046875,54.00973364340342,3.438899056983246,3.9623966193896263,-0.5234975624063805,4377.641763045566,4351.568197891934,0.5973865967323393,0.6724013252891794,62.240411694389856,56.29258936591223,1958.75,1.0522016592214423,4364.7998046875,0.13765257109416992,4369.10009765625,-0.13028497955821638,4361.0,-0.35644329635243893,4357.60009765625,-0.27005549849466914,4373.60009765625,4308.5,65.10009765625,-4.5,60.60009765625,4369.39990234375,7.550013950892857,7.1357421875,6.478585379464286,6.678571428571429,5.107142857142857,0.23398115650246726,0.10510605486402419,0.20536794190741822,0.16870810060707314,0.18412639896853944,0.0894818770906126,0.0005276871423577578,0.0010369803742515944,-0.37910886716210723,7.087165178571429,0.5056678713047155,8.4400390625,-5.824865507886301e-06,0.001516892881684615,-1.6278417607025626,6.606438337053571,0.6909469866808032,8.2400390625,0.0001944774408213057,0.0011968012212653105,-1.7799903237682289,5.341774204799107,1.4486490400382053,6.99501953125,0.00011970557729191312,0.000814410983063473,-1.7990002071140963,3.8952741350446427,1.516019084160385,4.547978515625,2.0056985246889516,1,0.7357890161482531,0.7930121915864535,7.600027901785714,0.2639067317394571,27.180636752411587,0,SHORT,-1.0
4369.2001953125,4372.89990234375,4365.39990234375,4367.2001953125,2379,7.5,7.771449497767857,8.87998046875,7.160009765625,0.1779503835457161,0.18123072463391507,-0.1463303045740194,0.2617289851735485,4365.853169180318,1.7974761480363668,4363.473743299726,1.9497409866926319,4357.8702809708375,1.8749148664119275,4350.053590792208,0.8311697373910647,0.08540104128037525,0.21409343876991255,15,45,2,0,False,1,1,7.5,2.0,0.26666666666666666,3.69970703125,1.80029296875,0.11261387938677335,0.11949581851805255,1.9503209644864654,7.900390625,-6.39990234375,49.664512006291936,3.3582533007611346,3.841567955663928,-0.48331465490279335,4377.571983071136,4352.778016928864,0.5679947801009474,0.5816809743499262,54.357031424114105,53.66479594248698,2027.35,1.1734530298172492,4369.10009765625,0.2639067317394571,4364.7998046875,0.13765257109416992,4369.10009765625,-0.13028497955821638,4359.2998046875,-0.3269684618951176,4373.60009765625,4308.5,65.10009765625,-6.39990234375,58.7001953125,4373.60009765625,7.600027901785714,7.550013950892857,7.1357421875,6.671456473214286,5.599993024553571,0.21538659830147683,0.10369803742515944,0.10510605486402419,0.20536794190741822,0.17398051904037629,0.08628624609504446,0.000362706027907711,0.0011261387938677335,0.18363888215025181,7.307163783482143,0.5187085779256116,8.87998046875,-0.00014543735606955543,0.001481835937883882,-1.4336377958312714,6.823583984375,0.6806423568674704,8.11005859375,0.00013138104643489745,0.0011949581851805255,-1.6292782741363314,5.572849818638393,1.4492166788390415,7.1400390625,0.00012160144296749609,0.0008129775894087419,-1.8117349589811085,3.984702845982143,1.6092075965577233,4.543984375,1.408425423936344,1,0.721031814013361,0.47991490424877564,7.771449497767857,0.18123072463391507,26.7405995696272,0,SHORT,-1.0
4367.7001953125,4373.5,4366.89990234375,4370.2001953125,1649,6.60009765625,7.957170758928571,9.1,7.22001953125,0.18207794616510875,0.2109652674271956,-0.1462300004786196,0.3651652696923367,4366.722574406755,3.2780199809285477,4364.114357777134,2.6402604462937234,4358.353807023452,2.1621807662586434,4350.254054518778,0.9144436237102127,0.13945183458634747,0.27180877949738513,15,50,2,0,False,1,1,6.60009765625,2.5,0.3787822741732633,3.2998046875,0.80029296875,0.11357269508843844,0.11955994642923103,1.9517959075147755,9.2001953125,-6.39990234375,49.833021694931865,3.4961148501506614,3.772477334561275,-0.2763624844106136,4377.434805367212,4354.505233695288,0.5251884820406113,0.6844855997214172,66.80511376299208,61.13418562716527,2010.9,0.8200308319657864,4367.2001953125,0.18123072463391507,4369.10009765625,0.2639067317394571,4364.7998046875,0.13765257109416992,4361.0,-0.35644329635243893,4373.60009765625,4308.5,65.10009765625,-3.39990234375,61.7001953125,4376.60009765625,7.771449497767857,7.600027901785714,7.550013950892857,6.478585379464286,5.800013950892857,0.20606282165873194,0.11261387938677335,0.10369803742515944,0.10510605486402419,0.16870810060707314,0.0854428712030458,0.00042209068412781827,0.0011357269508843843,-0.07302076645760705,7.602880859375,0.3061691962402174,9.1,-0.00014533683608097814,0.0014818986327209617,-1.4336211502780876,7.039299665178571,0.6617700989025822,8.300048828125,0.0001829464170768458,0.0011955994642923102,-1.7609644038994354,5.804640415736607,1.4408620895309832,7.200048828125,0.00012059549577138951,0.0008122310555493776,-1.8149533581766946,4.076845703125,1.7013864639182679,4.60798828125,1.6786866571212269,1,0.7239445939020555,0.7658908589615361,7.957170758928571,0.2109652674271956,26.42295151061524,0,SHORT,-1.0
4369.0,4374.5,4366.10009765625,4372.89990234375,3696,8.39990234375,7.807163783482143,7.26005859375,7.2900390625,0.17853515876953244,0.18557775885966277,0.3234857825102819,0.2889731949785742,4368.370396839074,3.749905444044998,4365.397894861922,2.949947822817194,4359.336663422432,2.3210985274063205,4350.667010618697,0.9789016261674988,0.17185163099696993,0.31113079737846216,16,0,2,0,False,1,1,8.39990234375,3.89990234375,0.46427948613613906,1.60009765625,2.89990234375,0.06450985402231543,0.11705146256149168,1.837973392258748,8.10009765625,14.10009765625,53.14176513903012,3.7369805547059514,3.72057492316164,0.016405631544311294,4378.272030408727,4355.797989122522,0.5146292904899543,0.7609629707197083,78.00717223494135,69.29378473840246,2093.8,1.765211577036966,4369.2998046875,0.004570896220874646,4370.2001953125,0.2109652674271956,4367.2001953125,0.18123072463391507,4364.7998046875,0.13765257109416992,4373.60009765625,4308.5,65.10009765625,-0.7001953125,64.39990234375,4358.7998046875,7.607177734375,7.957170758928571,7.771449497767857,7.550013950892857,6.6142578125,-0.15576994723820117,0.08127725496418695,0.11357269508843844,0.11261387938677335,0.10510605486402419,0.1950392107347358,0.00037104673433814296,0.0006450985402231543,-0.5579438202538225,7.748597935267857,0.14960573461152044,7.26005859375,0.0003233210330657599,0.0008236975604379908,0.2585080842386778,7.325735909598215,0.5410437123797686,7.450048828125,0.00014494018954392952,0.0011705146256149167,-1.8339452654968595,6.1928623744419635,1.3735825912605282,7.270068359375,0.00012788797625555405,0.0008179707883883104,-1.7928116541532713,4.247702287946429,1.8402276645027071,4.763994140625,1.4488359579889416,1,0.7763679112655726,0.9625646409445315,7.807163783482143,0.18557775885966277,26.225262534999697,0,SHORT,-1.0
4370.7998046875,4375.5,4370.7998046875,4374.39990234375,1313,4.7998046875,7.714285714285714,6.3,7.27001953125,0.17635071979021613,0.16485864419446009,0.3463881433438704,0.23371308773152297,4369.949065695758,4.095896515439563,4366.7121164749815,3.2383731752552194,4360.355531740464,2.485250769626873,4351.100510531611,1.0469197394031653,0.17605433249798164,0.32209232712910774,16,10,2,0,False,1,1,4.7001953125,3.60009765625,0.7659463951797216,1.10009765625,0.0,0.06362811278398395,0.11645414115575042,1.7439665588356903,7.19970703125,15.10009765625,47.97777618209888,3.9425944456479556,3.7633661984333355,0.17922824721462005,4379.11756785852,4357.122422375855,0.5035380325460604,0.7855133298168959,84.58251953125,77.15649530633208,2114.8,0.6208624929071307,4370.7001953125,0.036623048693902725,4372.89990234375,0.18557775885966277,4369.2998046875,0.004570896220874646,4367.2001953125,0.18123072463391507,4373.60009765625,4308.5,65.10009765625,0.7998046875,65.89990234375,4359.2998046875,7.707170758928571,7.807163783482143,7.607177734375,7.771449497767857,6.671456473214286,-0.3269684618951176,0.06341198778941178,0.06450985402231543,0.08127725496418695,0.11261387938677335,0.17398051904037629,0.0003296619927791289,0.0006362811278398395,-0.6901553156666227,7.75859375,0.13164935666801605,6.280078125,0.00034618401034341995,0.0008624834167449367,0.08094608324998692,7.532878766741071,0.42882696644154267,7.580029296875,0.00011737193218774866,0.0011645414115575043,-1.8156129342717977,6.570366559709821,1.1993425123889798,7.26005859375,0.00012279067017388458,0.0008284442888300633,-1.7025185999699681,4.423413783482143,1.9516861054741814,4.929990234375,1.271766683785835,1,0.8240017248448128,0.9983193304082508,7.714285714285714,0.16485864419446009,27.151475358295553,1,SHORT,2.0
4370.7998046875,4375.7998046875,4366.2998046875,4375.2001953125,1882,9.5,8.057198660714286,8.76005859375,7.9350341796875,0.18415611402985865,0.05260337579456388,0.23827875482011074,0.21990327655993921,4371.045960698728,2.6755638596541758,4368.0683489005005,2.6704540385781,4361.651667682486,2.3150042600536835,4351.710920703597,1.0439100849007446,0.16327231724280786,0.31062837343022015,16,25,2,0,False,1,1,9.5,4.400390625,0.46319901315789475,0.599609375,4.5,0.09448047619622267,0.11749820978563845,1.7072460555001294,2.30029296875,10.400390625,68.72331362913866,3.7432908401178793,3.7083791653118996,0.034911674805979676,4380.080021128016,4357.319978871984,0.5209797481180154,0.7855968033529259,91.44195662693001,76.56732566912153,2199.4,0.8556879148858779,4371.0,0.038912306055903643,4369.0,-0.027463165504118914,4374.39990234375,0.16485864419446009,4372.89990234375,0.18557775885966277,4373.60009765625,4308.5,65.10009765625,1.60009765625,66.7001953125,4364.7998046875,7.771484375,8.271449497767858,7.714285714285714,7.807163783482143,7.550013950892857,0.13765257109416992,0.09153290766192784,0.0894402912524025,0.06362811278398395,0.06450985402231543,0.10510605486402419,0.00010554175018029355,0.0009448047619622268,-0.7682477327218994,7.904317801339286,0.25039074926482213,8.74013671875,0.00023829424225921825,0.0007754185178792168,-0.7964440948208804,7.826457868303573,0.21106378821481936,8.00009765625,0.00011049347599278447,0.0011749820978563844,-1.764980582448201,7.091803850446429,0.9214162610758355,7.9250732421875,0.00012279451496679527,0.0008575651756722742,-1.5981444613089255,4.719412667410714,2.100659982791383,5.43201171875,0.4238358490010104,1,0.7963910892878272,0.8865973204470162,8.057198660714286,0.05260337579456388,23.51008815483391,1,SHORT,2.0
4375.2001953125,4383.60009765625,4350.0,4381.0,4373,33.60009765625,10.07861328125,14.00009765625,9.3350341796875,0.23005280258502625,0.23565571252282097,0.2723650655230709,0.2654849159040741,4373.036768558983,4.200412025223159,4369.2999347195,3.3970588622842115,4362.410425812584,2.6281336885804194,4352.002354328437,1.1360085386568244,0.26777894526142443,0.4261307940541356,16,30,2,0,False,1,1,33.60009765625,5.7998046875,0.17261273305916033,2.60009765625,25.2001953125,0.10025020350778427,0.11947201234342086,2.074832217849126,10.2998046875,11.89990234375,71.23282435453972,4.325320491078855,3.831767430465291,0.4935530606135643,4381.922624594511,4356.637385171113,0.5787049444105373,0.9635113364338057,92.2616366093616,85.7271431711551,2361.7,1.8516322987678369,4375.2001953125,0.05260337579456388,4371.0,0.038912306055903643,4369.0,-0.027463165504118914,4370.7001953125,0.036623048693902725,4373.60009765625,4308.5,65.10009765625,7.39990234375,72.5,4369.10009765625,8.057198660714286,7.771484375,8.271449497767858,7.707170758928571,7.600027901785714,0.2639067317394571,0.09448047619622267,0.09153290766192784,0.0894402912524025,0.06341198778941178,0.10369803742515944,0.00047126987606023186,0.0010025020350778427,-1.7240308459962588,8.378606305803572,0.97656644161618,13.98017578125,0.0002723330283199377,0.0008181437046680263,-0.6138538419271568,8.07431640625,0.730869058819534,10.410107421875,0.0001332540814060257,0.0011947201234342086,-1.695973426601539,7.340377371651786,1.0228321364060102,9.3250732421875,0.00016218380026613132,0.0008668135223613029,-1.618130910454461,4.857555803571429,2.220482262099202,6.036015625,2.3750827940349355,1,0.6835770670686065,1.1639890592615354,10.07861328125,0.23565571252282097,23.996198641051716,1,SHORT,2.0
4355.7001953125,4356.2001953125,4353.60009765625,4353.7001953125,500,2.60009765625,2.842808314732143,2.5599609375,3.1999755859375,0.06529637290580804,-0.07803131136644895,-0.13762414228508493,-0.20400454189077188,4356.489461640801,-1.8521161280577871,4358.158724397094,-1.5109289135070867,4360.603443491123,-1.029038290183962,4362.543921473172,-0.33453993404054927,-0.10230304508267228,-0.15830946950534405,10,35,3,0,True,0,0,2.60009765625,2.0,0.7692018779342723,0.5,0.10009765625,0.03865690809482733,0.038112007783308734,1.0368165335023942,-3.39990234375,-6.0,36.02535330866744,-1.8231035438257095,-1.5319501585535749,-0.29115338527213463,4361.272257407604,4354.647908608021,0.15200572454558628,-0.14306512597590926,17.953051643192488,32.70307321262937,444.65,1.1244799280332847,4355.89990234375,-0.029842396733316554,4355.5,-0.08029364533149805,4356.39990234375,-0.022949465791792988,4357.10009765625,-0.059639368299810966,4375.10009765625,4355.2001953125,19.89990234375,-21.39990234375,-1.5,4359.7001953125,2.871372767857143,2.999965122767857,3.085658482142857,3.2142508370535716,2.914271763392857,0.002296028397279217,0.03343733344583781,0.035288741426877906,0.0420931753472411,0.030586853498764104,0.029177532276318488,-0.00015605157734570606,0.0003865690809482733,0.46561436501019654,2.957094029017857,0.09948923925779567,2.5599609375,-0.0001376606789567192,0.000329198878018615,0.5324778907516254,3.1185337611607142,0.2374198292546467,3.03994140625,-0.00010203223789477245,0.00038112007783308734,-0.29920469661219445,3.0703334263392854,0.18173156083437042,3.1999755859375,-5.6346730145198085e-05,0.00039065766672378614,0.37218850999117725,2.7418624441964283,0.3194673692141726,2.815986328125,-0.22182806076199382,0,-0.8599662106512923,-1.5667492776397773,2.842808314732143,-0.07803131136644895,38.19213320215262,1,LONG,2.0
4355.0,4355.2998046875,4353.5,4354.0,398,2.0,2.8285435267857144,2.7,2.9099609375,0.0649642518784041,-0.05508911940014618,-0.07802594253332742,-0.14219978521090879,4355.833255450113,-2.1773660407070565,4357.533558973585,-1.7411534197017318,4360.152198316873,-1.1646021201140684,4362.389515958989,-0.3833210664215585,-0.08109080345022947,-0.14110054046388754,10,45,3,0,True,0,0,1.7998046875,1.0,0.555615843733044,0.2998046875,0.5,0.036570471445755016,0.03186022632357586,1.0218187920917527,-2.39990234375,-3.39990234375,33.5331267177358,-1.8965153700064548,-1.649148055070294,-0.24736731493616082,4361.208800211631,4353.821326741494,0.16953408909716366,0.02418597633254414,26.5074416142126,29.679862048407276,434.5,0.9159953970080552,4355.5,-0.07342086331015844,4353.7001953125,-0.07803131136644895,4355.89990234375,-0.029842396733316554,4356.39990234375,-0.022949465791792988,4375.10009765625,4355.2001953125,19.89990234375,-21.10009765625,-1.2001953125,4357.39990234375,2.92138671875,2.842808314732143,2.871372767857143,3.085658482142857,3.2999790736607144,-0.002297134968445209,0.040241599485936266,0.03865690809482733,0.03343733344583781,0.0420931753472411,0.029627074473217052,-0.0001101490285413842,0.00036570471445755015,0.651161187905936,2.8928152901785715,0.06962174960331093,2.6599609375,-7.799064804956402e-05,0.000373279092992852,0.194360652541801,3.0706752232142853,0.24457426333256752,2.769921875,-7.109974574962541e-05,0.00031860226323575857,0.4129120922021238,3.059974888392857,0.1876666858651569,2.899951171875,-4.488686509826367e-05,0.00039569937771133715,0.3054019207613771,2.7681459263392854,0.30139989900148406,2.811982421875,-0.1558219720756088,0,-0.9257907182584102,-1.2482373167632255,2.8285435267857144,-0.05508911940014618,39.92783132765664,1,LONG,2.0
4353.89990234375,4354.2001953125,4351.60009765625,4352.0,612,2.60009765625,2.8856724330357144,2.7599609375,2.9649658203125,0.06630681142085741,-0.08035816783377339,-0.1605872906629961,-0.1651723937855035,4355.06660436009,-2.441892832565827,4357.006553357053,-1.9086626178250299,4359.832504265231,-1.2561863506980444,4362.28613769074,-0.4143327971050894,-0.11490809792782408,-0.17965149481244547,10,50,3,0,True,0,0,2.60009765625,1.89990234375,0.7307042253521127,0.30029296875,0.39990234375,0.039837894851492216,0.032860869757622646,1.038918574389448,-3.5,-7.0,29.569737222061804,-2.1032241405719105,-1.7399632721706175,-0.363260868401293,4361.502869806207,4352.807237615669,0.19957132769769567,-0.09283253913926451,4.704733455882353,25.263755985970565,454.45,1.3466828033887117,4354.0,-0.05508911940014618,4355.5,-0.07342086331015844,4353.7001953125,-0.07803131136644895,4355.5,-0.08029364533149805,4375.10009765625,4355.2001953125,19.89990234375,-23.10009765625,-3.2001953125,4359.0,2.8285435267857144,2.92138671875,2.842808314732143,2.999965122767857,3.478550502232143,-0.011469205184080743,0.036570471445755016,0.040241599485936266,0.03865690809482733,0.035288741426877906,0.0261136466057203,-0.00016070453632857084,0.00039837894851492216,0.8677835682292666,2.8699567522321425,0.036558590202298666,2.719921875,-0.0001606468070980749,0.0003547990492915141,0.6706440732248652,3.011387416294643,0.2030496603757879,2.63994140625,-8.259976869234853e-05,0.0003286086975762265,0.40311492866833376,3.052830287388393,0.19160413394042647,2.9549560546875,-7.103241295026485e-05,0.0003783098514487492,0.25842034802476926,2.7775732421875,0.29745243427820695,2.78798828125,-0.23188734968717714,0,-0.9793041219183847,-1.732975775271237,2.8856724330357144,-0.08035816783377339,41.08616552404375,1,LONG,2.0
4353.7998046875,4354.39990234375,4348.60009765625,4350.89990234375,1423,5.7998046875,2.1499720982142856,2.73994140625,2.0399658203125,0.0494144233714992,-0.08267533944769778,-0.15146523594377512,-0.1354182567076474,4355.173673486242,-2.275670820678897,4356.31920293588,-1.2405555263221686,4357.601883929987,-0.670667639682506,4360.815029641248,-0.3159110774849978,-0.12440090681319838,-0.15379976796302666,13,25,3,0,False,0,0,5.7998046875,2.89990234375,0.5,0.60009765625,2.2998046875,0.04257560379186146,0.03310077354940727,0.8381522145552194,-3.60009765625,-6.60009765625,22.289546443908478,-0.9273041442238537,-0.2787929377169866,-0.648511206506867,4361.740962470932,4352.849027763444,0.2040700645114072,-0.21920149931514096,19.99830163043478,18.627580229254352,407.35,3.49331042101387,4353.89990234375,-0.08491360449735079,4355.89990234375,-0.05965579112653436,4356.5,-0.045887346564184923,4354.5,-0.06884681583476765,4375.10009765625,4355.2001953125,19.89990234375,-24.2001953125,-4.30029296875,4357.5,1.8499930245535714,1.8000139508928572,1.80712890625,1.8571079799107142,2.0928431919642856,-0.03211595528948215,0.04327010329796459,0.04042831702278401,0.04073910406858473,0.03760344776421788,0.026325981853348633,-0.0001653328694882994,0.0004257560379186146,0.08387190412936761,1.90712890625,0.1450596651214461,2.719921875,-0.0001515039306729471,0.0003789741891367773,-0.20645489506968726,1.853564453125,0.15032273906746332,2.349951171875,-6.770066928396545e-05,0.0003310077354940727,-0.2906674224665046,2.0435738699776786,0.23705715554594958,2.0349609375,-3.301658398702445e-05,0.00032891435574135096,-0.025100935555171316,2.5651332310267856,0.5015084273475704,2.479970703125,-0.1777496730229451,0,-0.5966035536798042,-2.5175019422557745,2.1499720982142856,-0.08267533944769778,23.805775752345134,1,LONG,2.0
4353.10009765625,4353.39990234375,4346.60009765625,4350.2998046875,1208,6.89990234375,3.0643136160714284,3.40009765625,2.57001953125,0.07043913646525221,-0.10563038782531575,-0.12856350654974402,-0.17210519840614452,4353.257476093422,-1.433831450283833,4354.564419108921,-1.1708515581922256,4356.40898644322,-0.7864102952335088,4360.2369830561,-0.3759490459005974,-0.09793435142920744,-0.14023434839867274,14,5,3,0,False,1,1,6.7998046875,2.80029296875,0.41181961798075545,0.2998046875,3.69970703125,0.03366021302318696,0.03792139972077851,1.2404008700029958,-4.60009765625,-5.60009765625,32.86418338108882,-1.3270755968824233,-0.9852176585261841,-0.3418579383562391,4360.320093660486,4350.029857511388,0.23627606713352328,0.026233331499906042,30.32619571743046,39.51734155002616,477.55,2.529578054653963,4353.5,-0.03903828150838897,4352.89990234375,0.025279142093463033,4354.0,0.07125187262019138,4354.89990234375,-0.022957368682001548,4375.10009765625,4355.2001953125,19.89990234375,-24.80029296875,-4.900390625,4355.89990234375,2.692905970982143,2.44287109375,2.335728236607143,2.364292689732143,1.8000139508928572,-0.05965579112653436,0.016611374275024987,0.04241413146267619,0.03904396826485133,0.057731893408285065,0.04042831702278401,-0.00021130475862420894,0.00033660213023186964,-0.9651899117700641,2.5728794642857142,0.3117449987924045,3.380078125,-0.00012854520212880473,0.000453980423564975,0.5572449567068521,2.3728585379464286,0.32746271754232054,3.2400390625,-8.605471479404825e-05,0.0003792139972077851,0.08089096648593408,2.1235682896205357,0.35868370038592245,2.560009765625,-3.255435039186238e-05,0.0003510480229215728,0.010846175118444538,2.4704220145089284,0.46198204414536503,2.463994140625,-0.32368463568402067,1,-0.6019512247781368,-1.3903400345845902,3.0643136160714284,-0.10563038782531575,27.153655635605876,1,LONG,2.0
4350.2001953125,4350.89990234375,4346.89990234375,4348.2001953125,657,4.0,3.021484375,3.9201171875,2.705029296875,0.06948816152157064,-0.1309103828542725,-0.1309103828542725,-0.22716096743794584,4352.246019937238,-2.2870065664765207,4353.958302556881,-1.602171127055044,4356.087073065544,-0.9790885986076319,4360.117214023826,-0.4289217621726493,-0.1322499400373083,-0.18105418052385142,14,10,3,0,False,1,1,4.0,2.0,0.5,0.69970703125,1.30029296875,0.03583594459382499,0.038731968898280456,1.2276065809416603,-5.69970703125,-5.69970703125,34.48383682893977,-1.66730647620534,-1.1216354220620155,-0.5456710541433245,4360.500704920323,4348.859256017176,0.2673319039598777,-0.05661328844541866,15.687682512327061,31.35117210559626,496.7,1.3227300181195893,4350.2998046875,-0.10563038782531575,4353.5,-0.03903828150838897,4352.89990234375,0.025279142093463033,4353.89990234375,0.0,4375.10009765625,4355.2001953125,19.89990234375,-26.89990234375,-7.0,4353.89990234375,3.0643136160714284,2.692905970982143,2.44287109375,2.328578404017857,1.8499930245535714,-0.08491360449735079,0.03366021302318696,0.016611374275024987,0.04241413146267619,0.054442220226997934,0.04327010329796459,-0.00026190658968385796,0.0003583594459382499,-0.26875957592582356,2.711460658482143,0.3294993922728514,3.90009765625,-0.0001308940205946185,0.00045593750057369145,0.5573120542978139,2.4900076729910716,0.3291697325431449,3.430078125,-0.00011363195810673576,0.0003873196889828045,0.24715329192487762,2.168929617745536,0.41099619355018024,2.69501953125,-4.955133884295248e-05,0.00035187006509845685,0.08617754461585102,2.4612806919642853,0.44586791159745204,2.46599609375,-0.39554367631945225,1,-0.7045446027379721,-1.9032010221806637,3.021484375,-0.1309103828542725,28.03178729407153,1,LONG,2.0
4366.2998046875,4371.10009765625,4365.39990234375,4368.7998046875,2380,5.7001953125,5.114362444196429,7.67998046875,4.375048828125,0.11706561693921012,0.3445266358790846,0.3399128315916399,0.32839142697209783,4359.110136212928,6.553359325637757,4356.7943671943085,2.8511596726066273,4356.8353190082535,0.8379427418485648,4360.068037779151,0.013683549716006382,0.2755566703719084,0.2746141362526875,14,40,3,0,False,1,1,5.7001953125,2.5,0.4385814630803495,2.30029296875,0.89990234375,0.09428635197743883,0.07061542873866075,1.9720405137130639,15.0,14.7998046875,73.22429158439618,1.440422498541011,-0.3566163322778774,1.7970388308188885,4365.276183295588,4345.033728813786,0.46479297949342785,1.1740708566285398,90.61104910714286,82.30603282859519,1019.3,2.334935740213872,4366.10009765625,0.41166233245301515,4361.7998046875,0.26434959695441246,4352.7998046875,-0.016083503215803378,4353.7998046875,-0.004597963079926505,4375.10009765625,4355.2001953125,19.89990234375,-6.30029296875,13.599609375,4354.0,4.864362444196429,4.707205636160714,3.664341517857143,3.328648158482143,2.335728236607143,0.07125187262019138,0.09773201045962196,0.11253389215432172,0.08250818908408927,0.07928051204794104,0.03904396826485133,0.0006884609293317023,0.0009428635197743883,0.47823104238972414,4.382924107142857,0.7173510989302586,7.67998046875,0.0003397580701951397,0.0008997569513558902,0.711584857119148,3.646484375,0.9403694397161678,6.2900390625,0.00016417684355564676,0.0007061542873866075,1.1463326867463455,2.8764508928571426,1.0344854272042712,4.3650390625,5.92733391354483e-05,0.0005143394485312065,1.437832047230542,2.5934368024553573,0.7480195363564358,3.06201171875,1.7620340875653282,1,-0.008007217789468139,2.3538651021247303,5.114362444196429,0.3445266358790846,28.650472971901046,0,SHORT,-1.0
4368.7998046875,4372.7001953125,4367.7001953125,4372.2001953125,1301,5.0,5.185791015625,7.72001953125,4.500048828125,0.11860827006926085,0.4710802463387042,0.4433893129120213,0.36729257799530973,4361.728148032843,9.342687460510206,4358.2615889198505,4.532001608548853,4357.437863177048,1.6090038107959117,4360.188755764559,0.2175274944956982,0.31982032533535987,0.3387846849223651,14,45,3,0,False,1,1,5.0,3.400390625,0.680078125,0.5,1.099609375,0.06847758176639097,0.07179244091083742,1.9640942224161975,20.5,19.30029296875,73.22429158439618,2.4678454327586223,0.20827602072942253,2.2595694120292,4368.630951191329,4343.278960918046,0.5820076315996705,1.1407875311838074,98.0842983555647,92.17811483113012,1053.9,1.234462472720372,4368.7998046875,0.3445266358790846,4366.10009765625,0.41166233245301515,4361.7998046875,0.26434959695441246,4351.7001953125,-0.02756109853580683,4375.10009765625,4355.2001953125,19.89990234375,-2.89990234375,17.0,4352.89990234375,5.114362444196429,4.864362444196429,4.707205636160714,3.5643484933035716,2.44287109375,0.025279142093463033,0.09428635197743883,0.09773201045962196,0.11253389215432172,0.0816736602093859,0.04241413146267619,0.0009405774812339729,0.0006847758176639098,1.3865016918613344,4.707212611607143,0.6138168421994141,7.72001953125,0.0004428579570224245,0.0008832486524468314,0.3712091973883061,3.9207763671875,0.9502672829647074,6.5400390625,0.00018357132364870687,0.0007179244091083742,1.0355788595960316,3.0393136160714285,1.12944016766522,4.4900390625,8.493993999238336e-05,0.0005176166136922863,1.3401396207390175,2.6402964564732145,0.8325697981213024,3.110009765625,2.442923709101664,1,0.1588428342601521,2.6964420368714763,5.185791015625,0.4710802463387042,30.393718037300456,1,SHORT,2.0
4372.39990234375,4375.7001953125,4370.39990234375,4374.2001953125,2134,5.30029296875,5.46435546875,8.16005859375,4.6900634765625,0.12492239094602339,0.49164656279285046,0.47548398558630983,0.4062939357856077,4364.222557488774,11.754228093407619,4359.779551433437,6.138514848211344,4358.095209535301,2.385136627040083,4360.328173073493,0.4283022520130544,0.33076543685155085,0.3695418526415326,14,50,3,0,False,1,1,5.30029296875,1.80029296875,0.3396591432519576,1.5,2.0,0.06378709000066644,0.07199114358096712,2.03048645672765,21.400390625,20.7001953125,75.19665464002958,3.4042269859737644,0.8474662137782909,2.5567607721954735,4371.919829614983,4341.760102025642,0.6922385909500198,1.0756096251453686,94.84537812305989,94.51357519525574,1141.8,1.8689788053949905,4372.2001953125,0.4710802463387042,4368.7998046875,0.3445266358790846,4366.10009765625,0.41166233245301515,4352.7998046875,-0.016083503215803378,4375.10009765625,4355.2001953125,19.89990234375,-0.89990234375,19.0,4353.5,5.185791015625,5.114362444196429,4.864362444196429,3.664341517857143,2.692905970982143,-0.03903828150838897,0.06847758176639097,0.09428635197743883,0.09773201045962196,0.08250818908408927,0.016611374275024987,0.000981527599822174,0.0006378709000066645,1.7353880349169244,5.067215401785715,0.2935811669419248,8.16005859375,0.00047481535861563227,0.0008767446480248106,0.24862453277700114,4.197921316964286,0.9564952623855295,6.630029296875,0.0002030019772811198,0.0007199114358096712,0.9404930129927291,3.2221749441964285,1.212454020311693,4.6800537109375,8.582072068642033e-05,0.0005182240365850922,1.3326035584119813,2.6911558314732145,0.9228661513984131,3.136015625,2.6865315840892525,1,0.30824164126360293,2.6477674206097155,5.46435546875,0.49164656279285046,32.3258852616382,1,SHORT,2.0
4368.39990234375,4373.7998046875,4365.0,4371.60009765625,2111,8.7998046875,6.371442522321429,6.37998046875,5.2900390625,0.14574623433047676,0.1259705429784451,0.5381514487068891,0.40653656973077856,4366.382456324066,9.694737229780912,4361.65673961232,6.126102680452277,4359.016842774009,2.6698701200111827,4360.520834166017,0.540552838207077,0.22797204451292397,0.2886718573501341,15,0,3,0,False,1,1,8.7998046875,3.2001953125,0.36366662967484187,2.19970703125,3.39990234375,0.08776866031096411,0.07886623705933493,2.2579916306407144,5.5,23.39990234375,69.13074399991508,4.038247582000622,1.933123607186154,2.105123974814468,4375.390829332488,4341.319131605012,0.7817559120393317,0.8887425068583904,85.91036461566857,85.33762885156405,1304.85,1.617810476299958,4368.5,0.1536107939960815,4374.2001953125,0.49164656279285046,4372.2001953125,0.4710802463387042,4366.10009765625,0.41166233245301515,4375.10009765625,4355.2001953125,19.89990234375,-3.5,16.39990234375,4348.2001953125,5.871477399553571,5.46435546875,5.185791015625,4.864362444196429,3.021484375,-0.1309103828542725,0.09212993702866873,0.06378709000066644,0.06847758176639097,0.09773201045962196,0.03583594459382499,0.0002521225200244448,0.0008776866031096411,-2.1339451496582695,5.601485770089286,0.5231216071197056,6.37998046875,0.0005372382847874003,0.0009258547662486614,-0.5598837268579379,4.813633510044643,1.016467069444346,7.139990234375,0.00020317213209639085,0.0007886623705933493,0.3621496795143886,3.6518205915178577,1.4005676912540137,5.2850341796875,9.002567953414253e-05,0.0005531809337646228,0.7961680740340933,2.821729910714286,1.1471542300102622,3.366005859375,0.8026140740927842,1,0.4143326772646011,1.564171078314118,6.371442522321429,0.1259705429784451,33.002834261069644,1,SHORT,2.0
4371.7001953125,4373.7998046875,4368.7998046875,4371.89990234375,1258,5.0,6.550013950892857,6.23994140625,5.250048828125,0.14982076665070562,0.07095993853789669,0.4157310503060478,0.48265877108980804,4367.485945528003,8.375809315074548,4362.632278920075,5.837911725766389,4359.522060796352,2.686741788098516,4360.634058725,0.5660209458483223,0.21243191796053024,0.2839265721054056,15,5,3,0,False,1,1,5.0,0.19970703125,0.03994140625,1.89990234375,2.900390625,0.08544686125126204,0.07612716599161182,2.2643011763389556,3.10009765625,18.10009765625,71.01806239737274,4.324754327271876,2.4114497512032984,1.9133045760685774,4377.082694149594,4341.727266787906,0.8110149784222762,0.853408876865664,86.94061781633303,82.70270874932176,1296.6,0.9702298318679624,4371.60009765625,0.1259705429784451,4368.5,0.1536107939960815,4374.2001953125,0.49164656279285046,4368.7998046875,0.3445266358790846,4375.10009765625,4355.2001953125,19.89990234375,-3.2001953125,16.69970703125,4353.7998046875,6.371442522321429,5.871477399553571,5.46435546875,5.114362444196429,3.328648158482143,-0.004597963079926505,0.08776866031096411,0.09212993702866873,0.06378709000066644,0.09428635197743883,0.07928051204794104,0.00014217178685265174,0.0008544686125126203,-1.7017739812442467,5.8886160714285705,0.5798323871507262,6.23994140625,0.00041531635809217705,0.0008958244169936923,-0.2057959044026764,5.135770089285714,1.0039346765788315,6.9599609375,0.00024105300764088456,0.0007612716599161182,0.3304722138756272,3.8718226841517853,1.4946600517232356,5.2450439453125,8.266611228906484e-05,0.0005509197305255719,0.8424684254978613,2.8927308872767856,1.2624761521601724,3.406005859375,0.46478858737772294,1,0.47484145026881214,1.4179070279075343,6.550013950892857,0.07095993853789669,32.977931295846645,1,SHORT,2.0
4360.2998046875,4361.0,4341.39990234375,4344.10009765625,6184,19.60009765625,7.678571428571429,10.9400390625,7.4949951171875,0.17675862102519713,-0.5585418872324597,-0.6881280305484418,-0.2159159835477202,4362.166341919846,-5.764663218076748,4362.573085958594,-1.1667160598799455,4360.4497799609135,0.21853506585739524,4360.84159867626,0.04685697262084432,-0.4234424945636108,-0.3749540329486384,15,40,3,0,False,1,1,19.60009765625,16.19970703125,0.8265115467975387,0.7001953125,2.7001953125,0.21143460567814987,0.13713543463386518,2.2172167444176316,-24.39990234375,-30.10009765625,36.01925346539235,0.8747750987877225,2.78568041572045,-1.9109053169327277,4381.734233578126,4344.135737124999,0.8617707249675529,-0.0009478961158239798,7.872222301308241,42.85201962544293,1974.95,3.13121851186106,4360.10009765625,-0.2037057071126116,4372.2998046875,0.009147106582554982,4365.2998046875,-0.1441186940252788,4368.5,-0.13031400159984605,4375.10009765625,4355.2001953125,19.89990234375,-31.0,-11.10009765625,4374.2001953125,7.478550502232143,6.578578404017857,6.178536551339286,6.30712890625,5.46435546875,0.49164656279285046,0.1569137527228343,0.09122644444432303,0.02950299519568702,0.076160417596146,0.06378709000066644,-0.0011177977211760171,0.002114346056781499,-0.009152742616142689,6.8485630580357135,0.6852024059519312,9.7400390625,-0.000689164795619257,0.001564866431055211,-0.7417366510437872,6.591427176339286,0.5635469504083302,7.749951171875,-0.00010717471850181237,0.0013713543463386517,-1.0353526167185731,5.394674246651785,1.4461667419485498,7.189990234375,-5.477562060324237e-05,0.0008963374660348893,-1.4951924961517824,3.4631577845982138,1.8431013656875603,4.216005859375,-4.28880377696353,1,0.2765235717909216,-2.3955974090975096,7.678571428571429,-0.5585418872324597,27.95095117131708,1,LONG,2.0
4344.0,4348.39990234375,4338.0,4344.89990234375,5096,10.39990234375,7.849993024553571,12.1599609375,7.6699951171875,0.1806714354988727,-0.5174607362621637,-0.5402334361050704,-0.12412713114465215,4358.713054004627,-9.131750105711035,4360.889925614323,-3.207990497628998,4359.839980838672,-0.676313276185283,4360.682974832156,-0.17848585950650886,-0.36666881171784255,-0.34267492753365164,15,45,3,0,False,1,1,10.39990234375,0.89990234375,0.08652988403211419,3.5,6.0,0.21652119787903748,0.13645892414760463,2.19913240403888,-22.60009765625,-23.60009765625,32.27402629215318,-0.6218626587542531,2.1041718008255095,-2.7260344595797625,4382.361980212102,4342.968000256648,0.9029797163805907,0.04904054094778535,18.302033415360704,20.1172004338571,2169.35,2.349090741466338,4344.10009765625,-0.5585418872324597,4360.10009765625,-0.2037057071126116,4372.2998046875,0.009147106582554982,4367.5,-0.022891152569531874,4375.10009765625,4355.2001953125,19.89990234375,-30.2001953125,-10.30029296875,4368.5,7.678571428571429,7.478550502232143,6.578578404017857,6.328578404017857,5.871477399553571,0.1536107939960815,0.21143460567814987,0.1569137527228343,0.09122644444432303,0.050083390802189404,0.09212993702866873,-0.0010351928442950298,0.002165211978790375,-0.13764215770656466,7.152845982142857,0.7327255278068202,10.9599609375,-0.0005404395081484492,0.0015706940681809406,-1.057603475827031,6.789278738839286,0.6264959335854199,8.07998046875,-6.12147938102714e-05,0.0013645892414760464,-1.156874024240609,5.633958217075893,1.4361762083533482,7.3699951171875,-4.971463951537469e-05,0.0008969700505210806,-1.509262018921758,3.5695863560267855,1.9391699057882827,4.37400390625,-4.06206317013834,1,0.1337510456846255,-2.0294785985697796,7.849993024553571,-0.5174607362621637,28.651283471270972,1,LONG,2.0
4363.60009765625,4365.2001953125,4362.2001953125,4364.5,827,3.0,4.092843191964286,5.57998046875,3.969970703125,0.09377576336268267,0.08025682182985554,0.22044358932528743,0.16983549098930545,4361.976409560584,4.464846646816113,4359.524608949979,2.9733441214184495,4357.476663229684,1.461647901030119,4356.755495079286,0.374736468212177,0.11412691741220843,0.16117898759118687,14,35,4,0,False,1,1,3.0,0.89990234375,0.2999674479166667,0.7001953125,1.39990234375,0.05879007203686615,0.050396161651955526,1.4678085262226777,3.5,9.60009765625,67.9245283018868,2.184377586165283,1.1904697920985683,0.9939077940667147,4366.751148861332,4348.3987046542925,0.4211618736454902,0.8773379264398836,80.12770352749695,82.36786142046269,811.6,1.0189748644652539,4363.60009765625,0.05044699779347563,4365.7998046875,0.18586889900577844,4362.39990234375,0.14692154140840222,4361.0,0.14007434827530726,4368.39990234375,4336.2998046875,32.10009765625,-3.89990234375,28.2001953125,4354.89990234375,4.185686383928571,3.949986049107143,3.642822265625,3.449986049107143,2.892857142857143,0.02526752964308521,0.0597144615057394,0.05598900389291333,0.05142233190210863,0.054940264725365284,0.032737706757370914,0.000160600371670383,0.0005879007203686615,-0.1154524061303566,3.884263392857143,0.2778131762787029,5.57998046875,0.0002203564747828013,0.0005401224163577574,-0.24429842554083536,3.5335484095982146,0.43474610447974144,4.689990234375,8.496994768852906e-05,0.0005039616165195553,-0.06566542959627511,3.07889404296875,0.5689720112294852,3.95,4.273703259149331e-05,0.0003912084546059321,0.1731782810745247,2.7884040178571428,0.4907840452375951,3.133984375,0.3284785868350149,1,0.5003723876632855,1.2170193376172966,4.092843191964286,0.08025682182985554,20.527899378940454,0,SHORT,-1.0
4451.89990234375,4453.0,4446.60009765625,4447.10009765625,1318,6.39990234375,4.364362444196429,5.60009765625,4.8800537109375,0.09813951447813314,0.20052953792282338,0.23440624531578202,0.2524898117421962,4443.702568474994,7.6626890385205115,4439.427166129239,4.948646423678838,4430.567042023242,3.601556574460119,4400.719757548217,2.3584264163537227,0.1728360718597257,0.37315890892056747,8,0,0,0,True,0,0,6.39990234375,4.7998046875,0.7499809262226291,1.10009765625,0.5,0.08768762801199816,0.062271663752016954,1.1958969748159685,8.89990234375,10.39990234375,69.677734375,4.629176282860499,3.6295967137008116,0.9995795691596872,4449.4718229140035,4428.1683138047465,0.4799363069729237,0.8886697376666968,71.77067028012056,89.57262898959384,858.05,1.5360410232503934,4452.2001953125,0.3425782130380888,4448.0,0.3134774145287592,4445.10009765625,0.23451195990075602,4438.2001953125,0.033808910540874336,4442.7998046875,4372.7998046875,70.0,4.30029296875,74.30029296875,4436.7001953125,4.278669084821429,4.364362444196429,4.521519252232143,4.721470424107143,4.721400669642857,-0.033797483979750555,0.027376747724471857,0.023250578385534963,0.04096808423570893,0.043861018128207356,0.04730941252316142,0.000401045431734981,0.0008768762801199815,-2.081645961232261,4.462939453125,0.20065557695737282,5.60009765625,0.00023436552833487888,0.0006768378690663308,-0.9921839200668596,4.590046037946428,0.19997584355662876,4.580126953125,0.00012627795048080203,0.0006227166375201695,-0.509500340960589,4.320718819754465,0.5664618005056254,4.8800537109375,0.00012509268171684073,0.0004924576919330685,-0.35139508606501907,3.6494468470982144,0.7829115595524864,3.73603515625,0.8751835842624339,1,2.0301073110412142,1.7611262168841888,4.364362444196429,0.20052953792282338,46.90304081637884,0,SHORT,-1.0
4447.0,4447.7998046875,4445.0,4446.39990234375,875,2.7998046875,4.250069754464286,5.12001953125,4.8450439453125,0.09558451438936079,0.1215920365627111,0.21185265593306285,0.18475297801821322,4444.242035248745,7.2101316995658635,4440.091236244906,4.991623177970723,4431.187938506399,3.6720799379618256,4401.174286352152,2.3886898584169103,0.14208415465307375,0.3432931315135784,8,5,0,0,True,0,0,2.7998046875,0.60009765625,0.21433554237879315,0.7998046875,1.39990234375,0.08958902673400602,0.06186363849897004,1.161713652046846,5.39990234375,9.39990234375,71.28676174361453,4.616887001307077,3.827054771222065,0.7898322300850125,4450.399959591462,4428.060147830413,0.5032361803906477,0.8209448991559348,68.42043781977898,79.25464504670767,873.55,1.0016598935378629,4447.10009765625,0.20052953792282338,4452.2001953125,0.3425782130380888,4448.0,0.3134774145287592,4441.0,0.0901510029299076,4442.7998046875,4372.7998046875,70.0,3.60009765625,73.60009765625,4437.0,4.364362444196429,4.278669084821429,4.364362444196429,4.785784040178571,4.878557477678571,0.04735389078657994,0.08768762801199816,0.027376747724471857,0.023250578385534963,0.05057684169477264,0.028496100546235727,0.00024338698652703883,0.0008958902673400602,-1.1686232470559106,4.355796595982143,0.10575628148109525,5.12001953125,0.00021186316187278288,0.0006866684276671861,-0.8510527226544287,4.527197265625,0.197978220661462,4.45009765625,9.247731387920788e-05,0.0006186363849897004,-0.3578855777132322,4.388223702566964,0.45837426197596404,4.8450439453125,0.0001300887028573694,0.00048819548830938606,-0.3692184932841734,3.6584486607142854,0.787253184997731,3.74203125,0.516774636978894,1,2.0948592029941997,1.4864767118478837,4.250069754464286,0.1215920365627111,46.85930673977701,0,SHORT,-1.0
4448.89990234375,4451.0,4446.7001953125,4448.7998046875,656,4.2998046875,4.250034877232143,3.63994140625,4.105029296875,0.09553216741185055,0.05397405533598053,0.17563172005179015,0.3134208809629322,4446.581919797809,2.339884549063754,4442.989599524208,2.8983632793015204,4434.111432284885,2.923493778485863,4403.421126644184,2.246840292032175,0.13077242323309674,0.3312585312057856,8,30,0,0,True,0,0,4.2998046875,0.10009765625,0.023279582103111516,2.10009765625,2.099609375,0.0472847835141685,0.05392128989918009,1.1502039477149304,2.39990234375,7.7998046875,72.23830940792311,4.369296884631694,4.180479781869389,0.18881710276230557,4454.37724187593,4429.162846014696,0.567665493975865,0.7787994914046319,78.9990234375,78.99983723958324,700.55,0.936407108700307,4449.2001953125,0.04722397989999847,4448.39990234375,-0.08535763896581154,4444.39990234375,-0.08093744730777877,4446.39990234375,0.1215920365627111,4442.7998046875,4372.7998046875,70.0,6.0,76.0,4441.0,4.171491350446429,4.357212611607143,4.278669084821429,4.250069754464286,4.785784040178571,0.0901510029299076,0.04808053279160417,0.07252181395627595,0.07416439059092553,0.08958902673400602,0.05057684169477264,0.0001080142093832892,0.000472847835141685,1.6338857795518147,4.270068359375,0.06765665518619332,3.63994140625,0.00017570059795516402,0.0006791033514234055,-0.5019405689403151,4.312932477678571,0.09511430701063134,4.37998046875,0.0001566157150207248,0.0005392128989918009,-0.40191749710464686,4.492893763950892,0.2116727197293362,4.105029296875,0.00013453718115835622,0.0004729724387536083,-0.30323263064943057,3.6950272042410717,0.8065901361020861,3.706015625,0.2293916176435749,0,2.08896338401449,1.3688836627072558,4.250034877232143,0.05397405533598053,44.224629063244805,0,SHORT,-1.0
4448.60009765625,4450.2998046875,4445.60009765625,4447.89990234375,581,4.69970703125,4.414306640625,3.719921875,4.12001953125,0.09924473881030801,0.05849094033001412,0.06298631360351686,0.3247976168659073,4446.8455163069975,2.3919271705008214,4443.457247411783,2.8699570294866135,4434.652156600919,2.910811577613458,4403.863701526767,2.250355290681,0.09998194389187945,0.29873246592998726,8,35,0,0,True,0,0,4.69970703125,0.7001953125,0.14898701298701297,1.69970703125,2.2998046875,0.046472752426567475,0.053456245068998744,1.1918047988959464,2.60009765625,2.7998046875,71.5615368183344,4.232331048888227,4.190850035273156,0.04148101361507095,4454.748531424044,4430.231546700956,0.5518748383791986,0.7206577742880265,74.49951171875,78.1665039062499,700.85,0.8289933651994007,4448.7998046875,0.05397405533598053,4449.2001953125,0.04722397989999847,4448.39990234375,-0.08535763896581154,4445.2998046875,0.004492745424457342,4442.7998046875,4372.7998046875,70.0,5.10009765625,75.10009765625,4445.10009765625,4.250034877232143,4.171491350446429,4.357212611607143,4.292933872767857,4.521519252232143,0.23451195990075602,0.0472847835141685,0.04808053279160417,0.07252181395627595,0.08238751369427637,0.04096808423570893,0.00011704087224215787,0.0004647275242656747,1.6862797329933454,4.294342912946429,0.09439977791778142,3.719921875,6.314886958200817e-05,0.0006331588471779722,-0.20304255742532404,4.302211216517857,0.07229523310600602,4.229931640625,0.00016228452018618444,0.0005345624506899874,-0.4252201000868891,4.489324079241071,0.2124011600258377,4.12001953125,0.00012324968579104477,0.0004741638445014828,-0.23651679626990715,3.703883928571429,0.8121000077991749,3.74400390625,0.258196946315182,0,1.9946713102870706,1.0074281527707025,4.414306640625,0.05849094033001412,43.699975233480096,0,SHORT,-1.0
4448.10009765625,4449.7998046875,4445.89990234375,4449.10009765625,409,3.89990234375,4.392857142857143,3.91982421875,4.130029296875,0.09873585773382049,0.10575545440952233,0.024732411336555755,0.34960302369611146,4447.296432576848,2.853580798901021,4443.99466172078,3.0442654373928235,4435.2187425246575,2.9809834887855686,4404.31381492109,2.2747318083102073,0.11488393493014164,0.3129801693544166,8,40,0,0,True,0,0,3.89990234375,1.0,0.256416677100288,0.69970703125,2.2001953125,0.043027800429729694,0.05340202717005116,1.1830935747814106,4.7001953125,1.10009765625,69.96632128527,4.172532016765217,4.187186431571568,-0.014654414806351213,4455.109956538405,4431.420121586596,0.5331627697997312,0.7463106478208759,78.57219509577722,77.35691008400897,690.65,0.5921957576196337,4447.89990234375,0.05849094033001412,4448.7998046875,0.05397405533598053,4449.2001953125,0.04722397989999847,4444.39990234375,-0.08093744730777877,4442.7998046875,4372.7998046875,70.0,6.30029296875,76.30029296875,4448.0,4.414306640625,4.250034877232143,4.171491350446429,4.278669084821429,4.364362444196429,0.3134774145287592,0.046472752426567475,0.0472847835141685,0.04808053279160417,0.07416439059092553,0.023250578385534963,0.00021149551662327237,0.0004302780042972969,1.1941778093045696,4.317180524553572,0.10307385018873491,3.91982421875,2.4894106431028185e-05,0.0006045108435269638,-0.11870995103839782,4.3050606863839285,0.07550726281729905,4.079931640625,0.00017464734944937498,0.0005340202717005115,-0.5021745720630204,4.48289794921875,0.2133224892654352,4.130029296875,0.00012864636889476256,0.0004742679973537516,-0.2709211116472767,3.7130259486607144,0.817319601920037,3.79,0.46456860329897315,0,1.9977702235074997,1.1635482545748916,4.392857142857143,0.10575545440952233,43.21279667727001,0,SHORT,-1.0
4441.5,4444.5,4441.0,4442.89990234375,624,3.5,3.5643484933035716,3.32001953125,3.4300048828125,0.0802257213002544,0.06080147093592917,-0.0539874125299567,-0.12363996314949535,4442.797079674778,-1.2795971319446835,4443.48410944014,-0.832603116377868,4439.28927318048,0.6496943146203193,4410.194610051424,1.64279068392716,-0.013147500519891667,0.08133349599637048,10,0,0,0,True,0,0,3.5,1.39990234375,0.3999720982142857,1.60009765625,0.5,0.045235131335793884,0.03717932756844784,0.9179360813900871,2.69970703125,-2.39990234375,40.39400572486951,0.018375753166765207,0.8458699880895013,-0.8274942349227361,4450.725556338691,4439.454375301934,0.25356474499782966,0.3056935232057319,42.6949031656334,26.552706244298548,498.05,1.2528862563999599,4441.2998046875,-0.022510862480393676,4440.7001953125,-0.11246822278461215,4443.2998046875,-0.033747301698899806,4440.2001953125,-0.11471913254585304,4442.7998046875,4372.7998046875,70.0,0.10009765625,70.10009765625,4445.2998046875,3.414341517857143,3.350062779017857,3.407191685267857,3.607142857142857,3.4070870535714284,-0.02699191077251771,0.04939593647986244,0.05700779748653767,0.05542808257279287,0.047502518390085444,0.01831088358540366,0.00012165523069238571,0.00045235131335793886,-0.9351643846185531,3.462904575892857,0.10230697775835652,3.32001953125,-5.3899058047890415e-05,0.0004748421523807205,-0.21750584482336688,3.4507289341517855,0.09750350670065937,3.61005859375,-6.179064967071768e-05,0.00037179327568447843,-0.26800584794380805,3.7260689871651786,0.385467255011252,3.4300048828125,5.421385412182733e-05,0.0004959782902919636,-0.13908137137155624,3.8830029296875,0.6822209630623299,4.00201171875,0.21671763132112004,0,1.1768872397130745,-0.1638813625705597,3.5643484933035716,0.06080147093592917,20.567048493833017,0,SHORT,-1.0
4451.89990234375,4456.0,4450.0,4455.39990234375,1163,6.0,3.57861328125,4.09990234375,3.1400390625,0.08032080979683734,0.2790885064989872,0.26554605338414083,0.2790885064989872,4448.551457459015,5.406552016925161,4446.254294548559,2.844385235963273,4444.427108183549,1.3140371711624539,4423.697411621148,1.3601212440062227,0.20569241409345163,0.24688883163360037,14,5,0,0,False,1,1,6.0,3.5,0.5833333333333334,0.60009765625,1.89990234375,0.018212204451583693,0.0458039183965599,1.3274480540180253,12.39990234375,11.7998046875,72.30746117297977,1.811865224027315,0.5388232645171172,1.2730419595101978,4452.388375854327,4437.791604614424,0.3283796564742591,1.2063145636748995,96.36304450757575,90.83905450550135,575.35,2.0213782914747545,4451.89990234375,0.19805551290959944,4449.5,0.13728446213073,4448.10009765625,0.11704507026495817,4443.0,-0.013504762873835518,4442.7998046875,4372.7998046875,70.0,12.60009765625,82.60009765625,4443.60009765625,3.271449497767857,2.9286063058035716,2.96435546875,2.85009765625,2.828578404017857,0.02025575222697873,0.026745092340255877,0.03187913853432017,0.03251667145426088,0.0098625134596895,0.07658639217326102,0.0005575681913209341,0.00018212204451583693,-0.09451278233737585,3.1314801897321427,0.28971621955986104,4.09990234375,0.0002652805486341725,0.0003376227489974855,0.29338337276938925,2.9872000558035716,0.24719205630452476,3.05,0.000139459266637576,0.00045803918396559903,-0.9892928668675872,2.6903616768973215,0.3759162609233042,3.1350341796875,6.346404686621287e-05,0.00037046038021961125,-0.4446039764096373,2.695859375,0.396661669479689,2.687998046875,0.9987498360015026,1,0.5105850287272292,2.560885710860336,3.57861328125,0.2790885064989872,22.403636021075496,0,SHORT,-1.0
4455.5,4462.0,4455.5,4460.2998046875,3310,6.60009765625,3.7643345424107144,4.819921875,3.350048828125,0.08439644658985997,0.3216330339068826,0.3758148047583796,0.37355376477716323,4450.901126904712,7.185202551039765,4447.591962180839,3.9353775646804934,4445.049566869978,1.8232829561166,4424.061614537231,1.4888743130968578,0.28572410901718437,0.3430836391833723,14,10,0,0,False,1,1,6.5,4.7998046875,0.7384314903846154,1.7001953125,0.0,0.03069053096956521,0.050594756643992427,1.3942707410222612,14.2998046875,16.69970703125,74.37661818624129,2.6920581097838294,0.9694702335704597,1.7225878762133697,4455.852852082156,4435.987089324094,0.44683131700455875,1.223850081142235,92.44357638888889,89.60199695204726,729.8,4.535489175116471,4455.39990234375,0.2790885064989872,4451.89990234375,0.19805551290959944,4449.5,0.13728446213073,4446.0,0.054008063079659524,4442.7998046875,4372.7998046875,70.0,17.5,87.5,4443.60009765625,3.57861328125,3.271449497767857,2.9286063058035716,2.9143763950892856,2.8143136160714284,-0.004494060039323574,0.018212204451583693,0.026745092340255877,0.03187913853432017,0.0331706247843539,0.07571072731297325,0.0006424777271657689,0.0003069053096956521,0.8268201338444556,3.3014718191964283,0.3689941581924043,4.79990234375,0.0003752572611885885,0.00041243819608142594,0.3220236520844219,3.0822021484375,0.3389083008529453,3.519970703125,0.0001865678647277491,0.0005059475664399242,-0.6454763996091945,2.7564400809151786,0.4406774023083409,3.3400390625,7.825385168940712e-05,0.0003964045827062899,-0.108649734256184,2.6998590959821427,0.40648441665165513,2.747998046875,1.2107343395160346,1,0.675390373043987,3.3854992782541324,3.7643345424107144,0.3216330339068826,25.215998039028428,1,SHORT,2.0
4460.60009765625,4462.2998046875,4456.0,4457.2998046875,1905,6.2998046875,3.8143136160714284,5.519921875,3.5600341796875,0.08557453577747053,0.206823291501408,0.32411043823322827,0.26994804686393,4452.1808624612695,7.5881034470812665,4448.516518610045,4.436742275782308,4445.5299683530175,2.112554488474416,4424.392342797433,1.5655990167606433,0.19744303613824793,0.2647566525986783,14,15,0,0,False,1,1,6.2998046875,3.30029296875,0.5238722678654473,1.69970703125,1.2998046875,0.06736222463978668,0.053893006650229114,1.4103203925437322,9.19970703125,14.39990234375,80.69490790490734,3.1116729563482295,1.3979107781260138,1.7137621782222157,4457.670247026841,4435.369694379409,0.5015282241924872,0.9833886475731045,78.0699875787039,88.95886949172275,797.5,2.3887147335423196,4460.2998046875,0.3216330339068826,4455.39990234375,0.2790885064989872,4451.89990234375,0.19805551290959944,4448.10009765625,0.11704507026495817,4442.7998046875,4372.7998046875,70.0,14.5,84.5,4442.89990234375,3.7643345424107144,3.57861328125,3.271449497767857,2.96435546875,2.800048828125,-0.0832140338963769,0.03069053096956521,0.018212204451583693,0.026745092340255877,0.03251667145426088,0.0667583986998147,0.00041348629216446663,0.0006736222463978669,-1.2337845022431702,3.4714634486607148,0.3706414236039031,5.49990234375,0.00032375459655964445,0.0005075561342042796,-0.506697508050477,3.183628627232143,0.39260284234471193,3.999951171875,0.00013493921892234194,0.0005389300665022912,-0.4526052052748869,2.8250174386160714,0.49291736697410393,3.5500244140625,5.7598898511910246e-05,0.0004081486371096191,-0.08061537047579113,2.704572405133929,0.41808302478049975,2.82798828125,0.7888888968945307,1,0.7829849764958203,2.307263888076263,3.8143136160714284,0.206823291501408,27.86210484444695,1,SHORT,2.0
4458.60009765625,4461.7001953125,4457.39990234375,4458.2998046875,1091,4.30029296875,5.021449497767857,4.88017578125,4.4300537109375,0.11263148997939204,0.24282866076447443,0.19777064136419822,0.3805084593898386,4455.146224071547,3.901534102531514,4451.694104128185,3.2743968143349775,4447.595114738559,1.9878902425225533,4426.17640657951,1.554136844736604,0.14838621892706189,0.2406849021276232,14,45,0,0,False,1,1,4.30029296875,0.30029296875,0.0698308163960486,3.10009765625,0.89990234375,0.047307038414545144,0.07292101105247116,1.747291046563926,10.7998046875,8.7998046875,68.2688357571276,3.508084800952929,2.675354314988971,0.8327304859639582,4463.007362407469,4436.83257899878,0.5882079583681428,0.8201491241984211,80.29537691826623,79.0561559087916,1039.4,1.0496440253992687,4458.60009765625,0.029172212454332835,4456.89990234375,-0.07622587029187843,4456.0,0.013468996485238516,4447.5,-0.044948870659624676,4442.7998046875,4372.7998046875,70.0,15.5,85.5,4449.5,4.885707310267857,4.721400669642857,4.642822265625,4.300013950892857,2.9286063058035716,0.13728446213073,0.13119180285827162,0.13316912384962934,0.14468630234819763,0.13569210600547937,0.03187913853432017,0.00048527575005503644,0.0004730703841454514,0.3756226308103382,4.737130301339286,0.23253580125878273,4.88017578125,0.00019804943368604278,0.0010047172611929854,-1.7069033412306491,4.241437639508928,0.5998661217585033,6.0400390625,0.00019016394368225886,0.0007292101105247116,-1.8273746025187616,3.5403860909598217,0.8332362957160112,4.4200439453125,5.585319513898179e-05,0.0005494634986986231,-1.285855467532667,2.8738483537946427,0.7640158118259707,3.26,1.2193518566394115,1,0.8162960498654391,1.3174487787936733,5.021449497767857,0.24282866076447443,26.26799827984079,0,SHORT,-1.0
4458.39990234375,4458.5,4454.5,4454.89990234375,856,4.0,5.185721261160714,4.18017578125,4.4300537109375,0.11640488843380017,0.053900108787198205,0.06738695985551289,0.3242856062098863,4455.096959725988,3.6012077507748472,4451.999418243953,3.191111626660131,4447.881576997585,2.0040475798250554,4426.462212507512,1.5625524218412465,0.06515014552586981,0.15779029240481984,14,50,0,0,False,1,1,4.0,3.5,0.875,0.10009765625,0.39990234375,0.05770821566813099,0.07553669332007294,1.7742018627299834,2.39990234375,3.0,63.25159045185145,3.3187930895537647,2.8040420699019295,0.5147510196518352,4463.115416782999,4438.164514857626,0.5606138019922722,0.6707327669427993,61.65814906643728,74.80634827402108,1050.6,0.8147725109461261,4458.2998046875,0.24282866076447443,4458.60009765625,0.029172212454332835,4456.89990234375,-0.07622587029187843,4452.5,0.013479585557035373,4442.7998046875,4372.7998046875,70.0,12.10009765625,82.10009765625,4451.89990234375,5.021449497767857,4.885707310267857,4.721400669642857,4.414271763392857,3.271449497767857,0.19805551290959944,0.047307038414545144,0.13119180285827162,0.13316912384962934,0.14468769075568647,0.026745092340255877,0.00010791020061649004,0.0005770821566813099,-0.719476189101551,4.891420200892857,0.22037521619705255,4.18017578125,6.785291833159013e-05,0.0010393348440958542,-1.1840652416518047,4.432864815848214,0.5600501168934884,5.800048828125,0.0001621647522322911,0.0007553669332007294,-1.6295501968899428,3.6725306919642855,0.8752183489224638,4.4200439453125,4.194986150345636e-05,0.000561314029136803,-1.1943778562484424,2.922847377232143,0.8306369991449377,3.303994140625,0.2795109401166492,1,0.7940730014181473,0.5596856489658586,5.185721261160714,0.053900108787198205,25.81815729079218,0,SHORT,-1.0
4458.60009765625,4462.10009765625,4458.60009765625,4461.10009765625,760,3.5,5.357212611607143,4.180078125,4.680029296875,0.12008725413764396,0.06281078194440276,0.3057919652894885,0.39834801506755485,4457.585824860015,2.439600788467942,4454.363483056193,2.6693789280079727,4449.539831422932,1.944716684373816,4427.740452574354,1.5640459948444914,0.15123630178996322,0.2598081300829875,15,10,0,0,False,1,1,3.5,2.5,0.7142857142857143,1.0,0.0,0.05854012556575117,0.07580350305906475,1.6990112458479292,2.80029296875,13.60009765625,60.900654895517555,3.600504251390703,3.2042685463659213,0.39623570502478156,4465.198599389612,4442.351351782263,0.512986123739751,0.8206128894036244,92.68466966385805,81.91165232580056,1126.3,0.6747758146142236,4458.60009765625,0.0,4458.2998046875,0.03140977752302297,4458.2001953125,0.04937601688734291,4458.2998046875,0.24282866076447443,4442.7998046875,4372.7998046875,70.0,18.30029296875,88.30029296875,4447.5,5.564348493303571,5.500034877232143,5.307163783482143,5.021449497767857,4.300013950892857,-0.044948870659624676,0.05338424087156476,0.05615005265740624,0.05639939476210392,0.047307038414545144,0.13569210600547937,0.00012572710068632366,0.0005854012556575117,-0.8043721701458291,5.382896205357143,0.15159106715866533,4.180078125,0.00030550142537068005,0.0005363610881653251,-0.49356779746348517,5.060013253348214,0.38740518681882613,4.530126953125,0.00019907121995844658,0.0007580350305906475,-1.7564913721608333,4.194318498883929,0.9907822605655192,4.6750244140625,6.032013342238241e-05,0.0005595696967894721,-1.2711037194234456,3.1531354631696433,1.0673600059445103,3.4080078125,0.3364907131774607,1,0.9004032475414065,1.259386792345308,5.357212611607143,0.06281078194440276,25.837218801916432,1,SHORT,2.0
4461.0,4463.5,4458.7001953125,4462.7001953125,1537,4.7998046875,5.271484375,4.3400390625,4.8000244140625,0.11812320219352905,0.17509468539677442,0.22908917040988208,0.44113563110111154,4458.608698950513,3.5117392245247174,4455.157455652032,3.1580374080785987,4450.055924124485,2.1743471268991925,4428.088310711052,1.6260982035400957,0.16930354842788156,0.28413735475702084,15,15,0,0,False,1,1,4.7998046875,1.7001953125,0.3542217700915565,0.7998046875,2.2998046875,0.031002632010869256,0.07561353920182518,1.6429417117882132,7.80029296875,10.2001953125,59.05736960077543,3.8177244590287955,3.3269597288984962,0.4907647301302993,4465.674489285396,4443.8354716521035,0.4902406019869203,0.863808252603741,95.45568039950062,88.52700883851905,1174.1,1.3090878119410614,4461.10009765625,0.06281078194440276,4458.60009765625,0.0,4458.2998046875,0.03140977752302297,4454.89990234375,0.053900108787198205,4442.7998046875,4372.7998046875,70.0,19.900390625,89.900390625,4452.5,5.357212611607143,5.564348493303571,5.500034877232143,5.185721261160714,4.414271763392857,0.013479585557035373,0.05854012556575117,0.05338424087156476,0.05615005265740624,0.05770821566813099,0.14468769075568647,0.00034998279527949095,0.00031002632010869257,0.15821414782389068,5.400048828125,0.12647428746072498,4.3400390625,0.00022894649794799049,0.0004549796566389589,-0.9800981086292454,5.145734514508929,0.31710524475502955,4.260107421875,0.00022037870654421644,0.0007561353920182517,-1.8606092870796453,4.312888881138393,0.9694107305697005,4.79501953125,6.70457757445453e-05,0.0005611233515303943,-1.2948304112518616,3.208564453125,1.1040819884404371,3.462001953125,0.923008898214637,1,0.9677599637288491,1.4332793666607544,5.271484375,0.17509468539677442,26.569847502169715,1,SHORT,2.0
4462.7998046875,4464.5,4461.0,4464.39990234375,886,3.5,5.050048828125,4.1,4.8900146484375,0.11311820039853043,0.139063002100457,0.18850768275920107,0.4816543403950034,4459.76693962916,4.04933278586941,4456.037688670291,3.4477202293328446,4450.61843307426,2.3322043780508466,4428.4496200805315,1.6716067490888236,0.18766029952396282,0.30965290502269777,15,20,0,0,False,1,1,3.5,1.60009765625,0.45717075892857145,0.10009765625,1.7998046875,0.022734873420410567,0.07546937568448193,1.5481479960841624,6.19970703125,8.39990234375,55.5257235361472,4.0799935648383325,3.477566496086464,0.6024270687518687,4466.06747329657,4445.582477875306,0.4597351900827375,0.9185954930168585,99.46184338329877,95.86739781555237,1205.35,0.7350562077404904,4462.7001953125,0.17509468539677442,4461.10009765625,0.06281078194440276,4458.60009765625,0.0,4458.2001953125,0.04937601688734291,4442.7998046875,4372.7998046875,70.0,21.60009765625,91.60009765625,4456.0,5.271484375,5.357212611607143,5.564348493303571,5.307163783482143,4.642822265625,0.013468996485238516,0.031002632010869256,0.05854012556575117,0.05338424087156476,0.05639939476210392,0.14468630234819763,0.0002779920943680292,0.00022734873420410568,-0.06528375211013024,5.3486258370535715,0.20287541126442013,4.1,0.00018842593840840972,0.00041624344406228744,-1.2399267122062239,5.1864571707589295,0.26763434828575866,4.110107421875,0.00024054862806189293,0.0007546937568448193,-1.9578887995674477,4.422886439732143,0.9181515609387002,4.885009765625,7.556117229653215e-05,0.00056261850069521,-1.3279795290922103,3.2619935825892856,1.1274889225078737,3.496005859375,0.7022749507929572,1,1.073109544178974,1.6589752918876952,5.050048828125,0.139063002100457,27.423424718729862,1,SHORT,2.0
4460.60009765625,4462.7998046875,4460.5,4461.2998046875,1000,3.89990234375,4.878627232142857,3.77998046875,4.935009765625,0.10935439100095604,0.06729022567853715,0.0987211389117405,0.3441251616621682,4460.073512640828,3.839466228695528,4456.538842576691,3.4050802074916646,4451.037310392426,2.3583924416561786,4428.776487589059,1.6848245923811191,0.10683093492473351,0.2305641040373453,15,25,0,0,False,1,1,2.2998046875,0.69970703125,0.30424628450106156,1.5,0.10009765625,0.049603488251764916,0.07750414297796557,1.4720652776970955,3.0,4.39990234375,55.376315858556694,3.9916781672982324,3.5803888303288174,0.41128933696941505,4465.993839760871,4447.186091879754,0.42202105253933764,0.7504201405164562,82.79473919092747,92.57075432457553,1221.95,0.8183640901837227,4464.39990234375,0.139063002100457,4462.7001953125,0.17509468539677442,4461.10009765625,0.06281078194440276,4458.2998046875,0.03140977752302297,4442.7998046875,4372.7998046875,70.0,18.5,88.5,4456.89990234375,5.050048828125,5.271484375,5.357212611607143,5.500034877232143,4.721400669642857,-0.07622587029187843,0.022734873420410567,0.031002632010869256,0.05854012556575117,0.05615005265740624,0.13316912384962934,0.00013464268029077519,0.0004960348825176491,-1.5929419582430655,5.224344308035715,0.26710401947461426,3.4599609375,9.879023209646842e-05,0.0005009089254638826,-0.7928406815006381,5.202179827008928,0.24052327263780457,4.070068359375,0.0001720674500736541,0.0007750414297796556,-1.6253380603284528,4.521098981584822,0.8508889016405118,4.85,6.0775046017991216e-05,0.0005730586460902287,-1.2276244104449143,3.3141378348214285,1.1409505415355568,3.526005859375,0.3282839274523499,1,1.1276803745157657,0.9769240535005086,4.878627232142857,0.06729022567853715,28.017841045508707,1,SHORT,2.0
4523.2001953125,4527.2001953125,4522.7001953125,4526.89990234375,1018,4.5,2.907261439732143,4.08017578125,3.045068359375,0.06422190687774965,0.16816980471990461,0.2014276428718262,0.26578662339270526,4521.907211156786,3.141730922914576,4520.208974239431,1.7870032124510544,4518.326040268142,0.9731503559723933,4504.534407644635,0.9262638350874113,0.14802253927750855,0.1897574898136276,14,10,1,0,False,1,1,4.5,3.69970703125,0.8221571180555556,0.30029296875,0.5,0.07776394370780082,0.055321103402231085,1.060112150065191,7.60009765625,9.10009765625,58.99562783475666,1.6003093215786066,0.957744844551308,0.6425644770272986,4526.542719611106,4514.087260857644,0.27554404461571264,1.0286768026544844,97.47661250615461,87.19006164977868,575.9,1.767667997916305,4523.10009765625,0.09958836592629877,4525.10009765625,0.13276979642720887,4518.60009765625,0.013282373976316954,4519.2998046875,0.03320200240930676,4530.7998046875,4479.7998046875,51.0,-3.89990234375,47.10009765625,4517.7998046875,2.8358328683035716,2.7572195870535716,2.6786411830357144,2.6500418526785716,2.6500069754464284,-0.17676433658674368,0.07252894223040948,0.06646506037139088,0.016292025144956656,0.015727567842862108,0.03959100623541375,0.0003363553400944852,0.0007776394370780082,0.7537342512092579,2.775802176339286,0.09540480351017784,4.08017578125,0.00020138021073321522,0.0005477243617365958,1.5107471658216942,2.747206333705357,0.08313161807122664,2.990087890625,0.00013287114143566424,0.0005532110340223109,0.7139736555675711,2.5503627232142856,0.2709892112840945,3.040087890625,3.502493129134754e-05,0.0004328722319222285,0.8475538067925752,2.7424093191964287,0.44880965989113925,2.733994140625,0.4889135885894632,1,0.6476658567943439,2.304860544849261,2.907261439732143,0.16816980471990461,21.03424900286337,1,SHORT,2.0
4526.89990234375,4529.2998046875,4524.7998046875,4526.89990234375,1461,4.5,2.9501255580357144,4.36015625,3.1000732421875,0.06516878264766404,0.17259641342189405,0.21029796354914565,0.20807752836192583,4522.905749394178,4.073345675830751,4520.846205487462,2.359650971980045,4518.66227015346,1.2408622905422817,4504.756949880448,0.9946572764047232,0.13390627730136545,0.18230245364211475,14,15,1,0,False,1,1,4.5,0.0,0.0,2.39990234375,2.10009765625,0.07724671718991885,0.05438464655528613,1.0784381223401136,7.7998046875,9.5,66.51004238068914,1.930741982220752,1.1523442720851969,0.7783977101355553,4527.5166216102525,4514.053349092873,0.29780829128135766,0.9541924694975613,82.85784040178571,85.11148430264666,632.9,2.3084215515879287,4526.89990234375,0.16816980471990461,4523.10009765625,0.09958836592629877,4525.10009765625,0.13276979642720887,4519.10009765625,0.03763659072153192,4530.7998046875,4479.7998046875,51.0,-3.89990234375,47.10009765625,4517.39990234375,2.907261439732143,2.8358328683035716,2.7572195870535716,2.7000558035714284,2.685756138392857,-0.11498242604281773,0.07776394370780082,0.07252894223040948,0.06646506037139088,0.014729217373651382,0.0352137426039327,0.0003451933034906318,0.0007724671718991886,0.7271841479986532,2.825816127232143,0.11017311165874864,4.36015625,0.00021023191645366257,0.0005432155111855755,1.5016004546680275,2.7736432756696425,0.10143895778192512,3.26005859375,0.00010407650907958698,0.0005438464655528613,0.8956908691538144,2.5932303292410714,0.26247181671159486,3.0950927734375,4.962906799194533e-05,0.0004186109961426027,0.9579432049960684,2.7355538504464287,0.4428072024675716,2.7219921875,0.5091810904612281,1,0.7402855543057213,2.0547610659743585,2.9501255580357144,0.17259641342189405,23.270959264115426,1,SHORT,2.0
4510.2001953125,4510.7998046875,4502.0,4502.39990234375,3134,8.7998046875,6.492815290178571,7.81982421875,5.1749755859375,0.1442078764882413,-0.36072968473675693,-0.5412092276949929,-0.3408717298135176,4514.126156894575,-7.5483927447812675,4517.202703686089,-3.6736056713089056,4517.753427739735,-1.2531890622603896,4505.734635556297,0.3401299864426619,-0.32769840791647065,-0.3398486801362868,15,0,1,0,False,1,1,8.7998046875,7.80029296875,0.8864166019309733,0.599609375,0.39990234375,0.10871060531514325,0.08107068306475874,2.1717269756950244,-16.30029296875,-24.5,31.965155765539635,-2.111800213342576,-0.019698798929633332,-2.0921014144129426,4530.622228751297,4507.227771248703,0.517699618882685,-0.20636806407746777,1.46485423001252,16.894276452602167,1262.55,2.4822779295869473,4510.0,-0.2896265254673033,4510.0,-0.23227519079747813,4519.2998046875,-0.05528771966880064,4518.7001953125,-0.1811329432533884,4530.7998046875,4479.7998046875,51.0,-28.39990234375,22.60009765625,4526.89990234375,6.085693359375,5.721400669642857,4.721435546875,4.471435546875,2.907261439732143,0.16816980471990461,0.09696558870207264,0.1083084017829733,0.062415022353454405,0.07022429773991434,0.07776394370780082,-0.0007220294853641729,0.0010871060531514325,-0.4304332979521672,5.534270368303571,0.8216622826437953,7.73984375,-0.0005421804071128356,0.0008833796207934319,-0.5269343006431071,4.617170061383929,1.1770050152089366,7.319873046875,-0.00017040009818981017,0.0008107068306475875,-0.6200840630056588,3.6821881975446424,1.256856704974029,5.15498046875,-4.3750274867728756e-05,0.0006002258371474295,-0.8244335926461416,2.9897014508928574,1.0120984261594663,3.551982421875,-2.3421512126801107,1,-0.08482053300966717,-2.2724029775391026,6.492815290178571,-0.36072968473675693,22.66591871787142,0,LONG,-1.0
4502.39990234375,4502.5,4482.10009765625,4499.0,7116,20.39990234375,7.821358816964286,10.93984375,6.1049560546875,0.1738466062894929,-0.47781482966053085,-0.6163136571521086,-0.4073117886730292,4511.10092551566,-10.35873372707556,4515.469112858843,-5.38089062225572,4517.017999200922,-2.0511070463398937,4505.667624257229,0.12181926362973172,-0.364726508967657,-0.3988914634413473,15,5,1,0,False,1,1,20.39990234375,3.39990234375,0.16666267742167118,0.10009765625,16.89990234375,0.08869367754936434,0.08208036041564493,2.5372950258590166,-21.60009765625,-27.89990234375,30.081082958684405,-3.2741098481428708,-0.6705810087722809,-2.6035288393705898,4532.713909411139,4503.296100354486,0.651123870488407,-0.14603740020926095,35.80510008793255,20.626313960613967,1605.65,4.4318500295830345,4502.39990234375,-0.36072968473675693,4510.0,-0.2896265254673033,4510.0,-0.23227519079747813,4520.60009765625,-0.1391637726347417,4530.7998046875,4479.7998046875,51.0,-31.7998046875,19.2001953125,4526.89990234375,6.492815290178571,6.085693359375,5.721400669642857,4.650006975446429,2.9501255580357144,0.17259641342189405,0.10871060531514325,0.09696558870207264,0.1083084017829733,0.07776072859919418,0.07724671718991885,-0.0009571463692735538,0.0008869367754936434,-0.3189032426233924,6.168540736607143,1.133343830263781,10.85986328125,-0.0006176935205077672,0.000863944578029267,-0.27101257223116326,5.104293387276786,1.3977348386028936,8.90986328125,-0.0002037308020270523,0.0008208036041564493,-0.4832454207627579,3.9389683314732147,1.5361473096932705,6.0849609375,-5.752406435531876e-05,0.0006086006647449681,-0.754077265878664,3.0825578962053566,1.2211650193827295,3.90998046875,-3.7371612308416813,1,-0.19803289662651002,-2.0979788835239446,7.821358816964286,-0.47781482966053085,26.09049460120422,0,LONG,-1.0
4499.0,4501.2998046875,4497.2001953125,4499.5,1831,4.099609375,7.635602678571429,11.059765625,6.1949462890625,0.16969891495880496,-0.43811664512638177,-0.4931621400926027,-0.40947321823815847,4508.780740412528,-12.246947919160448,4513.948244967524,-6.754120533231799,4516.331018840101,-2.7471344048171886,4505.606254861635,-0.07640585031276714,-0.3200799872624195,-0.3726701778476729,15,10,1,0,False,1,1,4.099609375,0.5,0.12196283944735588,1.7998046875,1.7998046875,0.09756802410229483,0.08203493852663933,2.409913351083761,-19.7998046875,-22.2998046875,20.370056401388,-4.107553466882564,-1.3579755003943377,-2.7495779664882263,4533.957233856381,4500.202775909243,0.7472627872574836,-0.020820239813776068,36.8644286970465,24.71146100499708,1679.75,1.0900431611847001,4499.0,-0.47781482966053085,4502.39990234375,-0.36072968473675693,4510.0,-0.2896265254673033,4519.2998046875,-0.05528771966880064,4530.7998046875,4479.7998046875,51.0,-31.2998046875,19.7001953125,4521.7998046875,7.821358816964286,6.492815290178571,6.085693359375,4.721435546875,3.4143763950892856,0.07081190993001692,0.08869367754936434,0.10871060531514325,0.09696558870207264,0.062415022353454405,0.10172056876758294,-0.000877391758199253,0.0009756802410229483,-0.23711843518913822,6.751374162946428,0.9350877295080708,10.97978515625,-0.0004939179024178286,0.0008715620534880132,-0.6916356917636791,5.526416015625,1.4663937725466827,8.45986328125,-0.00020481608084181314,0.0008203493852663933,-0.4803708047940695,4.186818150111607,1.711927583824037,6.174951171875,-7.081553259333573e-05,0.0005971817994390885,-0.7858674524723013,3.168413783482143,1.3803643490074,3.90197265625,-3.3452846290537286,1,-0.3120610085257297,-1.886164017843721,7.635602678571429,-0.43811664512638177,29.27045792144182,0,LONG,-1.0
4499.5,4500.5,4494.10009765625,4498.10009765625,1710,6.39990234375,7.785574776785714,9.21982421875,6.38994140625,0.17308584975337507,-0.2638559277993348,-0.49551824673708655,-0.46469428749523106,4506.644611861273,-12.177538804077813,4512.438897604546,-7.244194991376389,4515.61608075446,-3.1060664808537695,4505.531566730238,-0.19405258159076766,-0.3177616422885528,-0.3878979697335931,15,15,1,0,False,1,1,6.39990234375,1.39990234375,0.2187380788891432,1.0,4.0,0.0728857832794863,0.08137447642408453,2.390634685300426,-11.89990234375,-22.39990234375,20.657007931777557,-4.825399754377031,-2.0514603511908764,-2.7739394031861546,4534.876197731292,4497.183812034332,0.834635413321146,0.024309568231762616,33.89851549164641,35.52268142554171,1749.8,0.977254543376386,4499.5,-0.43811664512638177,4499.0,-0.47781482966053085,4502.39990234375,-0.36072968473675693,4510.0,-0.23227519079747813,4530.7998046875,4479.7998046875,51.0,-32.69970703125,18.30029296875,4520.5,7.635602678571429,7.821358816964286,6.492815290178571,5.721400669642857,3.628662109375,-0.10165736794712218,0.09756802410229483,0.08869367754936434,0.10871060531514325,0.1083084017829733,0.07152902410216298,-0.0005280570164968523,0.000728857832794863,-1.2293091873379258,7.164208984375,0.8145733256349607,9.21982421875,-0.0004962850054484713,0.0008709709478047568,-0.6834193201714104,5.942107282366072,1.457819238621997,8.609814453125,-0.00023254688865071427,0.0008137447642408453,-0.3884316875978552,4.437166922433035,1.8552585839141864,6.3699462890625,-7.21654724501164e-05,0.0005976565154330745,-0.7778057943252177,3.2566978236607143,1.5269828912995396,3.989970703125,-2.054270056179894,1,-0.4080858820324928,-1.8358614684061234,7.785574776785714,-0.2638559277993348,32.36715963470274,0,LONG,-1.0
4497.89990234375,4502.5,4493.39990234375,4494.2001953125,1533,9.10009765625,8.114153180803571,9.75986328125,6.76494140625,0.18054721258894346,-0.3503282635809313,-0.6389401454706952,-0.5399880895945177,4504.155728551518,-12.901991980762432,4510.701878338637,-8.059014962435867,4514.776242109678,-3.60386013601601,4505.418816765883,-0.34933369707232487,-0.3658340424886247,-0.45574898275718007,15,20,1,0,False,1,1,9.10009765625,3.69970703125,0.4065568492783173,4.60009765625,0.80029296875,0.06727999225308323,0.08252753718833536,2.417303248437292,-15.7998046875,-28.89990234375,11.70968221477662,-5.643927947165139,-2.769953870385729,-2.87397407677941,4535.972377683488,4493.647641847762,0.937464383754277,0.013055095414707386,25.635959240676563,32.13296780978971,1815.55,0.8443722288011898,4498.10009765625,-0.2638559277993348,4499.5,-0.43811664512638177,4499.0,-0.47781482966053085,4510.0,-0.2896265254673033,4530.7998046875,4479.7998046875,51.0,-36.599609375,14.400390625,4523.10009765625,7.785574776785714,7.635602678571429,7.821358816964286,6.085693359375,4.035749162946429,0.0,0.0728857832794863,0.09756802410229483,0.08869367754936434,0.09696558870207264,0.07727357752922114,-0.000701459220053069,0.0006727999225308323,-0.4933058642909505,7.569900948660714,0.6265754114376711,9.75986328125,-0.0006405040290549113,0.0007894248576627146,-0.5859416631460337,6.349947684151786,1.4355555086068337,8.65986328125,-0.00027036536468863503,0.0008252753718833536,-0.24627405640430586,4.7028721400669635,1.9844897380293978,6.7449462890625,-9.659455374346316e-05,0.0006047839523681652,-0.680051263593585,3.3566964285714285,1.6740927983041827,4.1259765625,-2.8426171942606056,1,-0.5021304972008968,-2.026251401186285,8.114153180803571,-0.3503282635809313,34.68222078382885,0,LONG,-1.0
4494.10009765625,4499.0,4493.0,4494.89990234375,1625,6.0,8.221296037946429,9.19990234375,6.999951171875,0.18290276127527655,-0.166577828772958,-0.5267066178331409,-0.5399044851691843,4502.304563309965,-11.821593584610127,4509.196928243886,-8.00577544220323,4513.996777805131,-3.7566499346039564,4505.314150950738,-0.42048460555906786,-0.3170636840139925,-0.42305912922399075,15,25,1,0,False,1,1,6.0,0.7998046875,0.13330078125,4.10009765625,1.10009765625,0.04743195724922058,0.08252981914054734,2.373953972156414,-7.5,-23.80029296875,13.13314281856843,-6.165089611988151,-3.4489810187062133,-2.7161085932819375,4536.41084531219,4490.769183984685,1.0112052973216283,0.09050324284703273,28.318335511888428,29.28427008140369,1883.05,0.8629616845012081,4494.2001953125,-0.3503282635809313,4498.10009765625,-0.2638559277993348,4499.5,-0.43811664512638177,4502.39990234375,-0.36072968473675693,4530.7998046875,4479.7998046875,51.0,-35.89990234375,15.10009765625,4518.7001953125,8.114153180803571,7.785574776785714,7.635602678571429,6.492815290178571,4.471435546875,-0.1811329432533884,0.06727999225308323,0.0728857832794863,0.09756802410229483,0.10871060531514325,0.07022429773991434,-0.00033328784192980797,0.0004743195724922058,-0.08745987157480478,7.9155970982142865,0.24344398351054458,9.19990234375,-0.0005276586636469904,0.0008168309136834868,-0.9126718580237607,6.724933733258929,1.3789838451123304,8.469873046875,-0.00027032332901524847,0.0008252981914054734,-0.2463758728057806,4.981434849330357,2.070329769855432,6.9799560546875,-9.525177817500286e-05,0.0006052777463004794,-0.6843899470668523,3.4631236049107144,1.8082357585249051,4.203974609375,-1.369485643700838,1,-0.5838312522856769,-1.7335095534003335,8.221296037946429,-0.166577828772958,36.85630558186948,0,LONG,-1.0
4495.10009765625,4495.10009765625,4479.2001953125,4487.7998046875,8376,15.89990234375,8.742745535714286,8.29990234375,7.63994140625,0.1948113979278332,-0.24894855106690375,-0.7255738676322119,-0.6926222542621557,4499.403611585472,-11.697313930187192,4507.159106952801,-8.310005906041624,4512.969445526009,-4.04855367491291,4505.139878848616,-0.5277454086135549,-0.4295233828208407,-0.5577179536072633,15,30,1,0,False,1,1,15.89990234375,7.30029296875,0.4591407425605749,0.0,8.599609375,0.0731314985674045,0.08731791415695848,2.4399792476393216,-11.2001953125,-32.80029296875,12.55458280453442,-7.069539280802928,-4.1730926711255565,-2.8964466096773718,4537.404405164741,4486.645594835259,1.1249673999918441,0.02273910370927214,19.281804247865118,24.412033000143264,2265.4,3.697360289573585,4494.89990234375,-0.166577828772958,4494.2001953125,-0.3503282635809313,4498.10009765625,-0.2638559277993348,4499.0,-0.47781482966053085,4530.7998046875,4479.7998046875,51.0,-43.0,8.0,4520.60009765625,8.221296037946429,8.114153180803571,7.785574776785714,7.821358816964286,4.650006975446429,-0.1391637726347417,0.04743195724922058,0.06727999225308323,0.0728857832794863,0.08869367754936434,0.07776072859919418,-0.0004981795581645576,0.000731314985674045,-0.8549147368881738,8.099874441964285,0.4308604412503765,8.29990234375,-0.0007276629637190557,0.0008036403384479786,-0.5432278255772877,7.1342075892857135,1.2998102653549528,9.5798828125,-0.00034709332392236504,0.0008731791415695848,-0.11232283481856435,5.2835693359375,2.158899628736028,7.6199462890625,-0.00012994425145913314,0.0006393896027131804,-0.6781097654191993,3.5831229073660715,1.9527669179205593,4.4759765625,-2.176493833462713,1,-0.6645896931887242,-2.2048164911785872,8.742745535714286,-0.24894855106690375,39.53487472636804,0,LONG,-1.0
4487.7001953125,4491.0,4478.7001953125,4490.39990234375,3368,12.2998046875,9.271275111607142,9.93994140625,8.1649169921875,0.2064688070825948,-0.202246864234915,-0.6394774321848375,-0.6240914155498546,4497.6028697371285,-11.17787067539939,4505.56299222813,-8.385252739394673,4512.084365401214,-4.246653438886824,4504.993212415731,-0.6130424459033748,-0.33654151346979627,-0.4805863831745092,15,35,1,0,False,1,1,12.2998046875,2.69970703125,0.21949186184994046,0.60009765625,9.0,0.08493064952251006,0.08963379858789308,2.494879802291198,-9.10009765625,-28.89990234375,17.772712539601216,-7.490173945833703,-4.836508926067186,-2.6536650197665175,4537.542545558051,4483.687434910699,1.19396381123083,0.1246393768829968,25.94192542549045,24.51402172841456,2413.6,1.395425919787869,4487.7998046875,-0.24894855106690375,4494.89990234375,-0.166577828772958,4494.2001953125,-0.3503282635809313,4499.5,-0.43811664512638177,4530.7998046875,4479.7998046875,51.0,-40.39990234375,10.60009765625,4519.2998046875,8.742745535714286,8.221296037946429,8.114153180803571,7.635602678571429,4.721435546875,-0.05528771966880064,0.0731314985674045,0.04743195724922058,0.06727999225308323,0.09756802410229483,0.062415022353454405,-0.0004045326714736452,0.0008493064952251006,-0.4028203330313519,8.427008928571428,0.5839754438876431,9.93994140625,-0.0006409622148364491,0.000897656399988584,-0.3408598020335237,7.589191545758927,1.1489630684105054,10.45986328125,-0.00031259273700063873,0.0008963379858789309,-0.16870540680406743,5.613201032366072,2.2419341989721424,8.144921875,-0.00011614303693356698,0.0006472132854293751,-0.6924790708527084,3.7161209542410716,2.1063428083817874,4.67796875,-1.8750863187817561,1,-0.7033954978771151,-1.6299872035157728,9.271275111607142,-0.202246864234915,42.04085066706545,0,LONG,-1.0
4490.2001953125,4490.60009765625,4477.0,4482.60009765625,2766,13.60009765625,9.628452845982142,11.37998046875,8.509912109375,0.2147961592874731,-0.3445899304925723,-0.6075366373337029,-0.9392057431395304,4494.6023153209535,-12.042296540319512,4503.376049887951,-9.06284771659466,4510.928119607294,-4.687961147165879,4504.770395353447,-0.761171376791026,-0.46134171345113273,-0.6279865517677649,15,40,1,0,False,1,1,13.60009765625,7.60009765625,0.5588266973037016,0.39990234375,5.60009765625,0.10302179746505948,0.08498739290987789,2.498038249075769,-15.5,-27.39990234375,10.982218458933119,-8.35657955366787,-5.540523051587323,-2.8160565020805475,4537.249963291827,4479.730017176923,1.2758139918131193,0.04989713435394496,12.069201384869563,19.097643686074935,2500.45,1.1062008838409088,4490.39990234375,-0.202246864234915,4487.7998046875,-0.24894855106690375,4494.89990234375,-0.166577828772958,4498.10009765625,-0.2638559277993348,4530.7998046875,4479.7998046875,51.0,-48.19970703125,2.80029296875,4510.0,9.271275111607142,8.742745535714286,8.221296037946429,7.785574776785714,5.721400669642857,-0.23227519079747813,0.08493064952251006,0.0731314985674045,0.04743195724922058,0.0728857832794863,0.1083084017829733,-0.0006897069874182371,0.0010302179746505948,0.3007309501534023,8.795584542410714,0.6551524777248735,11.37998046875,-0.0006088820019575447,0.0008456199596631113,-0.19921735026043136,7.979896763392857,1.106771250879674,10.29990234375,-0.0004713674458862227,0.0008498739290987789,-0.3543969921460248,5.9567626953125,2.306786724836367,8.4899169921875,-0.00014424078379271288,0.0006861072471518842,-0.7328278289941096,3.8544056919642857,2.260544645589926,4.877978515625,-3.3178678969479964,1,-0.7843492449043578,-2.147811743848244,9.628452845982142,-0.3445899304925723,44.433275701879204,0,LONG,-1.0
4482.5,4488.0,4481.0,4484.0,2206,7.0,9.564174107142858,10.9599609375,8.6448974609375,0.21329558668918058,-0.22696352786284232,-0.5764966740576497,-0.8644535122384454,4492.481852256763,-11.673876294755246,4501.530711803384,-9.171166535252269,4509.872114916812,-4.904127192865417,4504.563724752916,-0.8550920129673614,-0.3894389025807893,-0.5736773517643196,15,45,1,0,False,1,1,7.0,1.5,0.21428571428571427,4.0,1.5,0.11112850689391457,0.08677935664329148,2.3962782816046424,-10.2001953125,-26.0,14.51880254827951,-8.828482568809704,-6.1981149550318,-2.6303676137779046,4536.40755590585,4476.662414797275,1.325744531059356,0.12281476060773155,15.695032898698285,17.902053236352657,2554.3,0.8636417022276162,4482.60009765625,-0.3445899304925723,4490.39990234375,-0.202246864234915,4487.7998046875,-0.24894855106690375,4494.2001953125,-0.3503282635809313,4530.7998046875,4479.7998046875,51.0,-46.7998046875,4.2001953125,4510.0,9.628452845982142,9.271275111607142,8.742745535714286,8.114153180803571,6.085693359375,-0.2896265254673033,0.10302179746505948,0.08493064952251006,0.0731314985674045,0.06727999225308323,0.09696558870207264,-0.0004538453936308251,0.0011112850689391457,-0.5343996354205359,9.085588727678573,0.5963992281486352,10.9599609375,-0.000577652306841947,0.0008758322060511072,-0.19814947946194464,8.327744838169641,0.9852483471937272,10.359912109375,-0.00043365363966631486,0.0008677935664329147,-0.43478867708534397,6.293179757254464,2.318276585396118,8.62490234375,-0.00013755145412892134,0.0006889462899518276,-0.7480809823899103,3.9912618582589285,2.3937599067580204,4.973984375,-2.170718696451593,1,-0.8721509060775396,-1.8258179113114466,9.564174107142858,-0.22696352786284232,46.65481323420626,0,LONG,-1.0
4484.10009765625,4489.39990234375,4481.7001953125,4483.10009765625,1945,7.69970703125,9.771309988839286,11.29990234375,8.8048828125,0.21795877352699966,-0.26251540510050725,-0.42865594141145424,-0.9675452435964657,4490.60550133666,-11.699061973304197,4499.775415217942,-9.421513025943568,4508.822231886987,-5.174545918144759,4504.350156324093,-0.9639946266443076,-0.37058110734365685,-0.5704845502407767,15,50,1,0,False,1,1,7.69970703125,1.0,0.12987507134250745,5.2998046875,1.39990234375,0.10731924577208904,0.08171174811342449,2.363006789354573,-11.7998046875,-19.2998046875,10.855471059552684,-9.169384746911419,-6.792368913407724,-2.3770158335036946,4534.353073722029,4474.336916512347,1.332405871991179,0.14601369949906598,13.677319057159435,13.813851113575652,2600.65,0.7478899505892758,4484.0,-0.22696352786284232,4482.60009765625,-0.3445899304925723,4490.39990234375,-0.202246864234915,4494.89990234375,-0.166577828772958,4530.7998046875,4479.7998046875,51.0,-47.69970703125,3.30029296875,4502.39990234375,9.564174107142858,9.628452845982142,9.271275111607142,8.221296037946429,6.492815290178571,-0.36072968473675693,0.11112850689391457,0.10302179746505948,0.08493064952251006,0.04743195724922058,0.10871060531514325,-0.000525121990206956,0.0010731924577208904,-0.33153213563649564,9.395591517857143,0.40788212213703556,11.29990234375,-0.00042920491606838194,0.0007887321249072254,-0.5866699847442856,8.655594308035713,0.8418557477418952,10.24990234375,-0.00048569266159060876,0.0008171174811342449,-0.5283701763092893,6.636382184709821,2.298637000396316,8.7848876953125,-0.0001402372530401541,0.0006889250175743771,-0.7360070767543491,4.1351171875,2.5199315814695695,5.0959765625,-2.565119400082778,1,-0.9258550470077758,-1.7002348717004094,9.771309988839286,-0.26251540510050725,48.29985049716625,0,LONG,-1.0
4482.2998046875,4485.7001953125,4470.7998046875,4476.7001953125,3747,14.900390625,10.585623604910714,11.1,9.32490234375,0.23646040929867929,-0.24732853197699406,-0.49566136224716606,-1.1089201907305193,4487.824440131829,-11.57917145364354,4497.577775226948,-9.581331725853488,4507.562544178183,-5.406901347825624,4504.075032333929,-1.0648465146869057,-0.4641960841554162,-0.6846793264254063,15,55,1,0,False,1,1,14.900390625,5.599609375,0.3758028575173679,3.400390625,5.900390625,0.10374055490884385,0.08346213140648802,2.464490296106506,-11.099609375,-22.2998046875,9.810948757163118,-9.84251245521773,-7.402397621769726,-2.4401148334480034,4532.29400134904,4471.37601818221,1.3531811591202967,0.08739910373771415,12.266899471114314,13.879750475657234,2714.95,1.3801359141052323,4483.10009765625,-0.26251540510050725,4484.0,-0.22696352786284232,4482.60009765625,-0.3445899304925723,4487.7998046875,-0.24894855106690375,4530.7998046875,4479.7998046875,51.0,-54.099609375,-3.099609375,4499.0,9.771309988839286,9.564174107142858,9.628452845982142,8.742745535714286,7.821358816964286,-0.47781482966053085,0.10731924577208904,0.11112850689391457,0.10302179746505948,0.0731314985674045,0.08869367754936434,-0.0004947164026658068,0.0010374055490884385,-0.35035514230306486,9.764167131696428,0.49401413908611685,11.1,-0.0004964479804151822,0.0008461781733718874,-0.3965863928917119,8.932020786830359,0.9799908248152938,9.699951171875,-0.0005570707504614747,0.0008346213140648801,-0.3055844519610024,7.018157087053571,2.2882294636542073,9.3049072265625,-0.00017188817184975668,0.0007110817574856533,-0.6577950246062536,4.2952587890625,2.669007873614433,5.34998046875,-2.6181267462635827,1,-0.9432386153049439,-1.9631027685868465,10.585623604910714,-0.24732853197699406,50.30030572797075,0,LONG,-1.0
4475.10009765625,4480.7998046875,4457.7001953125,4463.39990234375,8973,23.099609375,11.121337890625,13.2599609375,10.04990234375,0.24916740901448553,-0.6012827495811105,-0.8023135383098121,-1.2915189717866336,4482.939532574213,-14.663337162915013,4494.322739714262,-11.240252513867745,4505.8306758709505,-6.253689530263728,4503.670304672336,-1.3229077433952625,-0.6880422070551578,-0.9416859305082265,16,0,1,0,False,1,1,23.099609375,11.7001953125,0.5065105267608015,5.69970703125,5.69970703125,0.13002064092563465,0.0988562490871667,2.490318971005646,-27.0,-36.10009765625,9.122371182593056,-11.318718361451829,-8.185661769706147,-3.1330565917456816,4532.365528973465,4465.464500323409,1.487048064527265,-0.030860481838904465,10.594289448367247,12.179502658880224,3090.0,2.903883495145631,4476.7001953125,-0.24732853197699406,4483.10009765625,-0.26251540510050725,4484.0,-0.22696352786284232,4490.39990234375,-0.202246864234915,4530.7998046875,4479.7998046875,51.0,-67.39990234375,-16.39990234375,4499.5,10.585623604910714,9.771309988839286,9.564174107142858,9.271275111607142,7.635602678571429,-0.43811664512638177,0.10374055490884385,0.10731924577208904,0.11112850689391457,0.08493064952251006,0.09756802410229483,-0.0012047911965186175,0.0013002064092563464,-0.22131337373431725,10.1341796875,0.6874996993871269,13.2599609375,-0.0008046619339961314,0.001117957819979476,-0.6375088649961068,9.280594308035713,1.0822205886864125,11.599951171875,-0.00064928991820698,0.000988562490871667,-0.7122810369959098,7.403505161830357,2.298316112936747,10.0299072265625,-0.00024193810154988116,0.0008064937915880626,-1.0816169797395683,4.465828683035714,2.8258969355977595,5.763974609375,-6.687068625895588,1,-1.034761848787053,-2.761365179244441,11.121337890625,-0.6012827495811105,52.53082863566498,1,LONG,2.0
4463.39990234375,4472.7001953125,4459.7001953125,4471.60009765625,3071,13.0,11.5927734375,13.13994140625,10.4548828125,0.25925335862605986,-0.24539329318605524,-0.5891376231002043,-1.0817365854164362,4480.671645590621,-13.930669730332738,4492.158678565879,-11.217371322071813,4504.4883002546885,-6.439819352605809,4503.351198134862,-1.4191972185853956,-0.4576548243436611,-0.7301207241803465,16,5,1,0,False,1,1,13.0,8.2001953125,0.6307842548076923,1.10009765625,3.69970703125,0.1815053690645833,0.1133088426377051,2.4942346880428197,-11.0,-26.5,20.55208980820646,-11.692155062360143,-8.886960428236947,-2.805194634123197,4530.422256543334,4462.517782519166,1.5101729518758555,0.13375135096181817,26.17703314083937,16.34607402010687,3191.65,0.9621982360221202,4463.39990234375,-0.6012827495811105,4476.7001953125,-0.24732853197699406,4483.10009765625,-0.26251540510050725,4482.60009765625,-0.3445899304925723,4530.7998046875,4479.7998046875,51.0,-59.19970703125,-8.19970703125,4498.10009765625,11.121337890625,10.585623604910714,9.771309988839286,9.628452845982142,7.785574776785714,-0.2638559277993348,0.13002064092563465,0.10374055490884385,0.10731924577208904,0.10302179746505948,0.0728857832794863,-0.0004899504263005561,0.0018150536906458331,-0.20577467196080634,10.527043805803572,0.8646745570856043,13.13994140625,-0.0005898287068593966,0.0013953427539957109,0.026203560740477073,9.661314174107142,1.1643990050612212,12.2599609375,-0.000543056856153934,0.001133088426377051,-0.17041460259688254,7.801710728236607,2.299794696755077,10.4348876953125,-0.00020032603795452575,0.0008584210585066219,-0.7465152766547748,4.6478278459821425,2.9848028545964613,5.981982421875,-2.844788850987951,1,-1.0635609981754472,-1.7652802137995451,11.5927734375,-0.24539329318605524,54.60202847852391,1,LONG,2.0
4471.7001953125,4477.89990234375,4467.60009765625,4476.5,2698,10.2998046875,11.699916294642858,13.79990234375,10.539892578125,0.26136303573423114,-0.1672613737734166,-0.3938452793215909,-1.0302689891916592,4479.837316472497,-12.644535784265827,4490.667375845319,-10.863335958065363,4503.390719852544,-6.481395064268327,4503.084022034018,-1.4797027188978973,-0.3154848635978539,-0.5971216251345929,16,10,1,0,False,1,1,10.2998046875,4.7998046875,0.4660092917417275,1.39990234375,4.10009765625,0.1931699932106106,0.11656416859105684,2.420282058889057,-7.5,-17.7001953125,29.27991624934569,-11.460614341206565,-9.40169121083087,-2.0589231303756943,4526.767563728601,4461.512465568274,1.4520041197566445,0.22967606906211027,41.96403269754769,26.24511842891799,3225.85,0.8363687090224282,4471.60009765625,-0.24539329318605524,4463.39990234375,-0.6012827495811105,4476.7001953125,-0.24732853197699406,4484.0,-0.22696352786284232,4530.7998046875,4479.7998046875,51.0,-54.2998046875,-3.2998046875,4494.2001953125,11.5927734375,11.121337890625,10.585623604910714,9.564174107142858,8.114153180803571,-0.3503282635809313,0.1815053690645833,0.13002064092563465,0.10374055490884385,0.11112850689391457,0.06727999225308323,-0.0003332532624240603,0.0019316999321061059,-0.3767614078273059,10.95419224330357,0.7948083477902601,13.79990234375,-0.0003935493280274427,0.001487056476692422,-0.2733336090909331,10.019890485491072,1.1869122939929282,12.379931640625,-0.000517026678541177,0.0011656416859105684,-0.1200889456569178,8.184919084821429,2.2776791573513515,10.5198974609375,-0.00017708068185181557,0.0008776408110865721,-0.7129303850429642,4.834112723214286,3.127960989241752,6.163974609375,-1.9569440724759464,1,-1.0874730798758596,-1.2070752955236443,11.699916294642858,-0.1672613737734166,55.33104012046786,1,LONG,2.0
4476.5,4480.0,4473.39990234375,4476.0,2438,6.60009765625,10.714215959821429,13.57998046875,10.47490234375,0.2393703297547236,-0.15837472957523094,-0.4204743766128169,-0.9449663280780455,4479.069853177998,-11.535648158662298,4489.270482907669,-10.504932310273034,4502.316573975974,-6.505657911012349,4502.814529277461,-1.535627046632726,-0.2956044408149372,-0.5845118517006954,16,15,1,0,False,1,1,6.60009765625,0.5,0.07575645483465265,3.5,2.60009765625,0.1933635837346044,0.11638234949003635,2.1426728064314084,-7.10009765625,-18.89990234375,30.7045715222022,-11.188488541542938,-9.759050676973285,-1.4294378645696533,4523.431905456264,4460.578104309361,1.3992371130170287,0.24536138482053932,40.847956403269755,36.32967408055216,3270.3,0.7454973549827233,4476.5,-0.1672613737734166,4471.60009765625,-0.24539329318605524,4463.39990234375,-0.6012827495811105,4483.10009765625,-0.26251540510050725,4530.7998046875,4479.7998046875,51.0,-54.7998046875,-3.7998046875,4494.89990234375,11.699916294642858,11.5927734375,11.121337890625,9.771309988839286,8.221296037946429,-0.166577828772958,0.1931699932106106,0.1815053690645833,0.13002064092563465,0.10731924577208904,0.04743195724922058,-0.00031545376930546264,0.001933635837346044,-0.42116597097560204,11.1427734375,0.5018578218860775,13.57998046875,-0.00042028787975620927,0.0014784624264662385,-0.21645792913342504,10.269182477678571,1.0167774828437026,12.43994140625,-0.00047397327170159984,0.0011638234949003636,-0.23804024112967528,8.49705810546875,2.167066800805269,10.4549072265625,-0.0001788713068996861,0.000877409590414559,-0.7072248388943916,5.000397600446428,3.2156850859617703,6.24197265625,-1.6968610552473422,1,-1.2176430937390277,-1.2349251518257722,10.714215959821429,-0.15837472957523094,55.5545434777176,1,LONG,2.0
4543.10009765625,4544.7998046875,4540.60009765625,4544.7998046875,245,4.19970703125,3.228515625,3.55986328125,3.4199462890625,0.07103757621337058,0.160877238292011,0.06384778189967524,-0.07695183146003003,4541.7842503066095,1.6027432139944722,4540.967479594423,0.7984892016575031,4534.075122304683,1.7566385602676746,4521.859238978654,1.0281429858441697,0.08439446242013988,0.23653517186027298,9,10,4,0,True,0,0,4.19970703125,1.69970703125,0.4047203813510057,0.0,2.5,0.02355027343500648,0.048210053799561066,0.7138244652524149,7.2998046875,2.89990234375,57.476326297775245,1.8084273977519842,2.343241782864882,-0.5348143851128979,4548.513444208924,4535.796467900451,0.27997671659178663,0.7079777903691211,91.39497033653593,78.49355104040872,300.1,0.8163945351549483,4543.10009765625,0.12341813016528926,4542.89990234375,0.07489596527701288,4540.60009765625,-0.015407637930615526,4537.5,-0.09687360880585512,4544.60009765625,4535.7001953125,8.89990234375,0.19970703125,9.099609375,4541.89990234375,3.0785435267857144,3.221435546875,3.3214285714285716,3.414271763392857,3.4142368861607144,0.008805512358251678,0.027133753532052156,0.04119626009652317,0.04143901502806178,0.04411177540252513,0.036153277986299165,0.000321569802379873,0.0002355027343500648,-0.2697943249603252,3.2485560825892863,0.11850591561476713,3.55986328125,6.39126497323006e-05,0.000429994538248939,-0.3809276344825108,3.347837611607143,0.13401476369295845,3.519921875,-3.837956133087017e-05,0.00048210053799561064,-0.6573800840665412,3.4321079799107146,0.16608519919305975,3.4049560546875,0.0001863944288436503,0.001190160358700516,5.140984572993625,4.522842494419643,1.2147664555764914,3.72396484375,0.5193946775326058,0,2.134837829610992,1.188025646689439,3.228515625,0.160877238292011,21.72381352835535,0,SHORT,-1.0
4544.89990234375,4546.2998046875,4544.89990234375,4545.60009765625,176,1.5,3.0785435267857144,3.31982421875,3.3549560546875,0.06772578890899439,0.16747681040656676,0.14320019079015803,-0.04836859856897663,4542.547419776538,2.8022141024457596,4541.408681314597,1.446261435427914,4534.527082122391,1.9857938189334163,4522.095466428182,1.093535569629239,0.09229330887789385,0.24419339290120723,9,15,4,0,True,0,0,1.39990234375,0.7001953125,0.500174398325776,0.69970703125,0.0,0.02221834117426928,0.04841044213401005,0.6859742710687935,7.60009765625,6.5,53.0933803171407,1.990354162494441,2.272664258790794,-0.28231009629635295,4548.0591121810285,4536.030829225221,0.264820868868352,0.7955639608900914,93.0029296875,85.83900879854758,296.15,0.5942934323822388,4544.7998046875,0.160877238292011,4543.10009765625,0.12341813016528926,4542.89990234375,0.07489596527701288,4538.0,-0.02423602988658549,4544.60009765625,4535.7001953125,8.89990234375,1.0,9.89990234375,4539.10009765625,3.228515625,3.0785435267857144,3.221435546875,3.392857142857143,3.5142647879464284,-0.055046678400640266,0.02355027343500648,0.027133753532052156,0.04119626009652317,0.038289942601718176,0.04591727389741526,0.00033474919841176566,0.0002221834117426928,-0.37649278879398806,3.185693359375,0.10547211886280734,3.2998046875,0.00014316554148179338,0.000357608216972836,-0.5477200677171018,3.3042654854910714,0.14432817902339093,3.259912109375,-2.407851105961645e-05,0.0004841044213401005,-0.7424776947708062,3.40675048828125,0.17956979005719906,3.3349609375,0.00018236450010844063,0.0011898408583886648,5.155623149602851,4.487841099330357,1.2308821159840517,3.671962890625,0.5155846505638545,0,2.2353425028200404,1.3627498529682944,3.0785435267857144,0.16747681040656676,21.349883034265968,0,SHORT,-1.0
4545.7998046875,4547.2998046875,4544.10009765625,4545.60009765625,326,3.19970703125,3.1928013392857144,3.31982421875,3.36494140625,0.07023938029506709,0.11011760323444651,0.09469299878222674,-0.07254071881862749,4543.157955352481,3.2417712819569715,4541.8078638233255,1.7847127272916623,4534.96131802568,2.1039979828974538,4522.329343355824,1.132405862467749,0.08349613076173015,0.2345947161287253,9,20,4,0,True,0,0,3.19970703125,0.19970703125,0.06241416145276973,1.5,1.5,0.021628515696350162,0.048011489846775016,0.717371110406536,5.0,4.30029296875,53.36875395319419,2.1102072783187396,2.240172862696383,-0.1299655843776435,4547.248728601934,4536.511232335565,0.23641083235450738,0.8464603940447649,84.54811789772727,89.64867264058763,289.55,1.1258849939561388,4545.60009765625,0.16747681040656676,4544.7998046875,0.160877238292011,4543.10009765625,0.12341813016528926,4540.60009765625,-0.015407637930615526,4544.60009765625,4535.7001953125,8.89990234375,1.0,9.89990234375,4541.2998046875,3.0785435267857144,3.228515625,3.0785435267857144,3.3214285714285716,3.4571010044642856,-0.06821797647366248,0.02221834117426928,0.02355027343500648,0.027133753532052156,0.04143901502806178,0.04079410595667364,0.0002201569702826145,0.0002162851569635016,0.4493492791225083,3.1599679129464286,0.07552309919336027,3.2998046875,9.470423893449542e-05,0.0003385225646699485,-0.25780008042135677,3.277835518973214,0.13725715446642303,3.159912109375,-3.617334486382684e-05,0.00048011489846775014,-0.6870853489225821,3.402464076450893,0.18376573330095972,3.3449462890625,0.00015128446902840765,0.0011734643663272668,5.423257895045731,4.450696847098214,1.2415475307165331,3.57396484375,0.35158363108587376,0,2.1443694956533275,1.1887367230600991,3.1928013392857144,0.11011760323444651,21.281948096323536,0,SHORT,-1.0
4545.60009765625,4547.2001953125,4544.89990234375,4545.39990234375,184,2.30029296875,3.1785365513392856,2.819921875,3.269970703125,0.06992864477557482,0.05503092856415816,0.1299681097863201,0.004393800551534768,4543.606344750735,3.093417025565941,4542.149962730033,1.8528353246920233,4535.370674273448,2.11952747376381,4522.558901156699,1.1460137643343842,0.07155068943967519,0.2211335917302747,9,25,4,0,True,0,0,2.30029296875,0.2001953125,0.08703035448949267,1.60009765625,0.5,0.016904734859280388,0.044403728136152544,0.7184323724436664,2.5,5.89990234375,55.67608942381292,2.1640913495102723,2.224956560059161,-0.060865210548888715,4547.285391713673,4536.494539926953,0.23758505529472904,0.8252696443997978,82.72816051136364,86.75973603219687,273.05,0.6738692547152536,4545.60009765625,0.11011760323444651,4545.60009765625,0.16747681040656676,4544.7998046875,0.160877238292011,4542.89990234375,0.07489596527701288,4544.60009765625,4535.7001953125,8.89990234375,0.7998046875,9.69970703125,4539.5,3.1928013392857144,3.0785435267857144,3.228515625,3.221435546875,3.414271763392857,-0.10562253578755838,0.021628515696350162,0.02221834117426928,0.02355027343500648,0.04119626009652317,0.041596767416934965,0.00011004906654989987,0.00016904734859280387,1.1579884659722535,3.1513881138392854,0.06894456757873461,2.79990234375,0.00012993201149760213,0.00029760415126272856,-0.21587980062640433,3.2542619977678577,0.13133674497751024,3.119921875,2.2905306372111856e-06,0.00044403728136152543,-0.8445292063140334,3.3988943917410714,0.18753935221111687,3.2599609375,0.00016059893737128573,0.001169953254392182,5.4510871436780315,4.424266880580357,1.2544744708342515,3.51796875,0.17491781789531785,0,2.132833254262466,1.0231957114184904,3.1785365513392856,0.05503092856415816,21.21886565394842,0,SHORT,-1.0
4545.89990234375,4550.7001953125,4544.7998046875,4549.2998046875,417,5.900390625,3.0785435267857144,3.1,3.139990234375,0.06767071107544176,0.09680966442145456,0.1364642402320913,0.1320626033485522,4545.845391325838,1.9803350564998254,4544.049079940708,1.6372181998449378,4537.686116143468,1.9417466515769775,4523.933039868352,1.151840192378586,0.11555167328563527,0.25593856090474265,9,55,4,0,True,0,0,5.900390625,3.39990234375,0.5762164846077458,1.400390625,1.10009765625,0.04517627338613038,0.038123290773416675,0.7286785894074299,4.39990234375,6.19970703125,84.30136830750014,2.3192512890582293,2.179454067493115,0.13979722156511443,4549.7859390623025,4536.173973047072,0.29962637182867935,0.9642862482716617,90.13822983288632,86.15773025679535,241.9,1.7238528317486563,4545.7998046875,0.008797957327006539,4547.0,0.030796865401155758,4544.5,-0.02420137347359746,4544.89990234375,0.03961622347763161,4544.60009765625,4535.7001953125,8.89990234375,4.69970703125,13.599609375,4543.10009765625,2.835658482142857,2.978515625,2.8999720982142856,3.221400669642857,3.0785435267857144,0.12341813016528926,0.032463378694041096,0.028999446117486366,0.010128009609565766,0.019597780932108802,0.027133753532052156,0.00019362600955699082,0.0004517627338613038,0.40333932326310074,2.968526785714286,0.10147165399252944,3.07998046875,0.000136430632239104,0.00033378312813929,0.823058032305133,3.0742431640625,0.13641143555933002,2.92998046875,6.605894509821853e-05,0.00038123290773416676,0.13208226177049542,3.220326450892857,0.19770269439770521,3.1249755859375,0.00019814290302277993,0.0011445983241547431,5.759280738037863,4.224830496651785,1.3296707689701996,3.297978515625,0.29803276573496623,0,2.0668747223734805,1.7075581362934709,3.0785435267857144,0.09680966442145456,22.379844597597142,1,SHORT,2.0
4549.2001953125,4551.39990234375,4548.0,4548.2998046875,467,3.39990234375,3.1285226004464284,3.4400390625,3.1999755859375,0.06878444110527099,0.06600224691242906,0.07701109290644892,0.14090804468076162,4546.33627399817,2.1842680451991328,4544.453910868973,1.7670069427158523,4538.102339223627,1.9832467828873632,4524.175495239688,1.1702298422060267,0.08462829404713557,0.2247077016253006,10,0,4,0,True,0,0,3.39990234375,0.900390625,0.2648283785724544,2.19970703125,0.2998046875,0.04891787128231248,0.037716059600647965,0.7463636602663715,3.0,3.5,79.09517241379311,2.3879719811393443,2.221157650222361,0.16681433091698317,4550.4834557891,4536.116446554651,0.3162240967766918,0.8480093479466841,77.53520628405633,82.28003426120301,259.0,1.803088803088803,4549.2998046875,0.09680966442145456,4545.7998046875,0.008797957327006539,4547.0,0.030796865401155758,4545.2998046875,0.011001584700921274,4544.60009765625,4535.7001953125,8.89990234375,3.69970703125,12.599609375,4544.7998046875,3.0785435267857144,2.835658482142857,2.978515625,3.0499441964285716,3.228515625,0.160877238292011,0.04517627338613038,0.032463378694041096,0.028999446117486366,0.01122141809172367,0.02355027343500648,0.00013206534976386574,0.0004891787128231248,0.7037097709995266,2.9842424665178573,0.12136817859791442,3.42001953125,7.703629377954213e-05,0.00033958034754323917,1.2369558795826978,3.064243861607143,0.12720024557834156,2.85,7.047447175592136e-05,0.00037716059600647966,0.1290214461867601,3.206040736607143,0.1932255035836663,3.1849609375,0.00018575565885670998,0.0011457250854678633,5.774946013742348,4.191686662946428,1.3360432599592995,3.2759765625,0.20648952114577981,0,2.0302144035783285,1.2303406509855388,3.1285226004464284,0.06600224691242906,23.593516100894604,0,SHORT,-1.0
4548.2001953125,4549.7001953125,4547.0,4547.7998046875,154,2.7001953125,3.0928431919642856,3.56005859375,3.12998046875,0.06800746129538147,0.07261095142479922,0.0483920051036647,0.19166149333745836,4546.628980136036,2.407375373659306,4544.772567423119,1.9129876803144725,4538.482631986916,2.0348765046373956,4524.410562995388,1.1914196416628329,0.06660921354085925,0.20529268163145536,10,5,4,0,True,0,0,2.7001953125,0.400390625,0.14828209764918626,1.5,0.7998046875,0.04795810823937294,0.03441710577059299,0.7435278997780936,3.2998046875,2.19970703125,73.0758396193934,2.3747135834119035,2.25186883686027,0.12284474655163358,4550.9012124449455,4536.56866060193,0.315435474191237,0.7836109165056443,70.96672573341209,79.54672061678481,241.05,0.6388716034017838,4548.2998046875,0.06600224691242906,4549.2998046875,0.09680966442145456,4545.7998046875,0.008797957327006539,4544.5,-0.02420137347359746,4544.60009765625,4535.7001953125,8.89990234375,3.19970703125,12.099609375,4545.60009765625,3.1285226004464284,3.0785435267857144,2.835658482142857,2.8999720982142856,3.0785435267857144,0.16747681040656676,0.04891787128231248,0.04517627338613038,0.032463378694041096,0.010128009609565766,0.02221834117426928,0.00014527171651459447,0.00047958108239372935,0.6659473737961591,3.022816685267857,0.1185049681841467,3.5400390625,4.843419323703468e-05,0.0003423444900755555,1.495360367480613,3.065673828125,0.12745897619188462,2.980029296875,9.579986735941404e-05,0.0003441710577059299,0.38055431044539767,3.1849696568080357,0.1803968752908269,3.119970703125,0.0001871066743019889,0.0011453277802231788,5.77758407185555,4.159686802455357,1.3429382542126154,3.275986328125,0.2245742867762397,0,2.033706543074937,0.9794397889894886,3.0928431919642856,0.07261095142479922,24.19030382457975,0,SHORT,-1.0
4549.0,4553.60009765625,4547.5,4553.39990234375,578,6.10009765625,2.900111607142857,3.5400390625,3.02509765625,0.06369112463963678,0.21127906309486377,0.10552267916392975,0.17820821517420016,4547.413040101247,1.744094002930069,4546.300791916149,0.8515641711246644,4541.964350527864,1.1797138179408648,4527.301300062531,1.016788398238532,0.15615135804968966,0.25177546394782524,11,15,4,0,True,0,0,6.10009765625,4.39990234375,0.721283918994637,0.2001953125,1.5,0.046005174676509435,0.04292343391540602,0.9002557899183737,9.60009765625,4.7998046875,63.08440002738038,1.3355384447941105,1.098865957545265,0.2366724872488455,4551.634014115006,4541.7658394006185,0.21704037815014127,1.178947807457199,98.30347167625274,77.25416310208426,267.7,2.1591333582368324,4548.89990234375,0.09681818338101,4546.2998046875,0.052815915740400156,4544.2998046875,-0.06597321770839709,4543.7998046875,-0.10553341392274602,4544.60009765625,4535.7001953125,8.89990234375,8.7998046875,17.69970703125,4548.60009765625,2.657261439732143,2.6358468191964284,2.8644321986607144,2.907261439732143,2.7643345424107144,0.0066023125485377325,0.038597151513963764,0.03232202015196965,0.043359533143194726,0.03256711665024341,0.02391967954007284,0.0004222861021166757,0.00046005174676509437,-0.7267460058955055,2.7758440290178568,0.12149283196364925,3.5400390625,0.00010558628025832961,0.000502640256293585,0.13062287832163125,2.789397321428571,0.10665356483862903,3.160107421875,8.911626747556967e-05,0.0004292343391540602,0.3967671278243158,2.849691336495536,0.1456926134763829,3.005078125,4.846204108981622e-05,0.0004210470079014871,-0.3558162158390224,3.2214306640625,0.4803605592122545,3.170009765625,0.6127328632276825,0,1.4952670709654807,2.4516972958664365,2.900111607142857,0.21127906309486377,20.157430138652035,1,SHORT,2.0
4553.2001953125,4553.2001953125,4550.2998046875,4552.60009765625,425,3.10009765625,2.9786900111607144,3.6400390625,3.07509765625,0.06542832551214395,0.22234667377545406,0.10774462109002984,0.17823957874903731,4548.450451612248,3.415294733594237,4546.900725796158,1.732376883993311,4542.3814386505455,1.5295327919920965,4527.553029391821,1.1071695848841046,0.12534630078367512,0.22496259162110865,11,20,4,0,True,0,0,2.900390625,0.60009765625,0.2069023569023569,0.0,2.30029296875,0.041830731425558675,0.042922417046225465,0.9407934103372824,10.10009765625,4.89990234375,63.98074653460764,1.6818188346987881,1.2154565329759697,0.46636230172281845,4552.57891884364,4541.63094443761,0.2407680176863627,1.0019344959920775,91.52563412918443,92.13786675591496,279.25,1.521933751119069,4553.39990234375,0.21127906309486377,4548.89990234375,0.09681818338101,4546.2998046875,0.052815915740400156,4542.5,-0.11434780414636947,4544.60009765625,4535.7001953125,8.89990234375,8.0,16.89990234375,4547.7001953125,2.900111607142857,2.657261439732143,2.6358468191964284,2.821568080357143,2.6643763950892856,-0.002190276161614036,0.046005174676509435,0.038597151513963764,0.03232202015196965,0.03271587149660948,0.025332628381323205,0.00044436833631300576,0.00041830731425558675,-0.4247314282225298,2.8072684151785716,0.15261092379554625,3.60009765625,0.00010780544087413135,0.0005011986922052311,0.1214284796508561,2.8208286830357143,0.11190126177107255,3.2701171875,8.913191861196213e-05,0.0004292241704622547,0.3967225220061018,2.8536272321428573,0.14816475402765342,3.0450927734375,4.538976697805008e-05,0.0004221309596621301,-0.3334201942074322,3.166146763392857,0.31477048402487545,3.144013671875,0.6623018161897549,0,1.5172062647270448,1.9157803566348337,2.9786900111607144,0.22234667377545406,21.219707885879554,1,SHORT,2.0
4552.7998046875,4554.0,4550.7998046875,4551.2001953125,533,3.2001953125,3.1072823660714284,3.76005859375,3.0451171875,0.06827391089655357,0.15184716945572482,0.08577377328363867,0.0923728900923686,4549.000400352298,4.11231391187448,4547.310199083428,2.224568668851134,4542.727272245133,1.7401546677965598,4527.788324575112,1.164813575333028,0.085544993826365,0.18651621723220707,11,25,4,0,True,0,0,3.2001953125,1.599609375,0.49984742142203237,1.2001953125,0.400390625,0.05394122845371077,0.04235480901435878,0.9830040875016192,6.900390625,3.900390625,60.26811989100818,1.822281986436792,1.3368216236681343,0.4854603627686578,4553.086188418795,4541.543694393705,0.25383097880440614,0.8366043679818618,77.05114864324021,88.96008481622569,295.6,1.8031123139377536,4552.60009765625,0.22234667377545406,4553.39990234375,0.21127906309486377,4548.89990234375,0.09681818338101,4544.2998046875,-0.06597321770839709,4544.60009765625,4535.7001953125,8.89990234375,6.60009765625,15.5,4547.2998046875,2.9786900111607144,2.900111607142857,2.657261439732143,2.8644321986607144,2.7286551339285716,0.013187792228266508,0.041830731425558675,0.046005174676509435,0.038597151513963764,0.043359533143194726,0.022505428083085383,0.00030362639683290116,0.0005394122845371077,0.015460657459482753,2.8558384486607142,0.20500354147732394,3.7201171875,8.58601722813046e-05,0.0005153319730632343,0.20643964364394796,2.8586914062499997,0.13821116000580758,3.2701171875,4.625138606498824e-05,0.0004235480901435878,0.6281525139425781,2.8600655691964283,0.15644367828021274,3.0201171875,3.0433752624468012e-05,0.00042109957933283184,-0.2548841981070312,3.161006556919643,0.31356490543385096,3.1540234375,0.47183203198763374,0,1.474898737345878,1.2529675347876295,3.1072823660714284,0.15184716945572482,22.400385543035433,1,SHORT,2.0
4551.10009765625,4552.2001953125,4549.7001953125,4551.0,290,2.5,3.128696986607143,3.72001953125,3.0701171875,0.06874746180195876,0.10338507169399222,0.15625559120674642,0.11439560772424924,4549.4003202818385,4.229890191999402,4547.6616086945305,2.460342634913104,4543.051692941402,1.856234693078477,4528.019286519639,1.1999915030664852,0.07340896471027925,0.1749552414503183,11,30,4,0,True,0,0,2.5,0.10009765625,0.0400390625,1.10009765625,1.2998046875,0.055208674820434955,0.04178871411293204,0.9924242273382309,4.7001953125,7.10009765625,59.37527247362455,1.8955947215708875,1.448576243248685,0.44701847832220243,4553.52459164536,4541.62531069839,0.2616621182659739,0.7878366216739666,75.41022972864805,81.32900416702414,302.2,0.9596293845135672,4551.2001953125,0.15184716945572482,4552.60009765625,0.22234667377545406,4553.39990234375,0.21127906309486377,4546.2998046875,0.052815915740400156,4544.60009765625,4535.7001953125,8.89990234375,6.39990234375,15.2998046875,4543.89990234375,3.1072823660714284,2.9786900111607144,2.900111607142857,2.6358468191964284,2.857212611607143,-0.059389329488026395,0.05394122845371077,0.041830731425558675,0.046005174676509435,0.03232202015196965,0.04165697257117891,0.00020680656200524616,0.0005520867482043495,0.7922087720751146,2.954408482142857,0.190775401497103,3.680078125,0.00015622893476898713,0.00042981459421758035,0.744902247528069,2.88583984375,0.16242994139521272,3.060107421875,5.724967895626154e-05,0.00041788714112932045,0.5896089102741162,2.8747174944196425,0.1673778296439014,3.0451171875,1.987068593370944e-05,0.00041607997149093216,-0.21255801741065694,3.152580217633928,0.30851823424256264,3.1040234375,0.32346056226915687,0,1.4734299207824706,1.0678061820194744,3.128696986607143,0.10338507169399222,22.922461237066305,1,SHORT,2.0
4550.10009765625,4556.2001953125,4549.7001953125,4555.7001953125,1189,6.5,4.564313616071429,5.06005859375,4.1050048828125,0.10018906908685062,0.2332203346130067,0.2861734087892126,0.38561542564992446,4547.958870001333,5.390370432142845,4544.839252084358,3.370607304907935,4542.719728377444,1.558653406740632,4532.246097689802,0.8910147159867847,0.23897309950315235,0.28574219214911495,14,35,4,0,False,1,1,6.5,5.60009765625,0.8615534855769231,0.5,0.39990234375,0.05376717750395281,0.049016533016844,1.2309703208115517,10.60009765625,13.0,76.17217795952901,2.6320049997084425,1.224560011246866,1.4074449884615765,4552.806288787376,4533.84376004075,0.41737116857651146,1.1526118464363144,97.83550698598576,89.58671565613479,502.35,2.366875684283866,4550.0,0.14085531750585392,4548.2998046875,0.08802236146202219,4548.60009765625,0.2115024819618859,4545.10009765625,0.05282986419016601,4544.60009765625,4535.7001953125,8.89990234375,11.10009765625,20.0,4542.7001953125,4.285714285714286,4.142857142857143,4.128557477678571,3.885707310267857,3.1356724330357144,0.07491002514283354,0.03105440007677329,0.03575094646354147,0.053186589335703936,0.0671048949797688,0.04043316308605431,0.0004661217073537394,0.0005376717750395281,0.7443394108299674,4.222858537946429,0.2172206131419582,4.97998046875,0.0002859695800899731,0.0006038891005963591,0.5074092258608494,3.874986049107143,0.4817729770131961,5.439990234375,0.00019256951348841644,0.00049016533016844,0.7099884895305736,3.9660487583705355,0.5022150182290209,4.07998046875,3.133428161324003e-05,0.0005332349910983037,0.26368942398861844,3.7078989955357144,0.6874972326637239,4.00203125,1.0644907488188813,1,0.46436855246998915,2.385221278940065,4.564313616071429,0.2332203346130067,20.651906798456242,0,SHORT,-1.0
4555.89990234375,4560.89990234375,4554.7001953125,4554.89990234375,2053,6.19970703125,4.771449497767857,5.6400390625,4.2949951171875,0.10475421194904153,0.2112093386304147,0.2972651669154449,0.3901019630902782,4549.347076469816,6.232315876963185,4545.797409251919,3.9638921002733696,4543.197382258475,1.8740041616229064,4532.471508681384,0.9776722576807515,0.20023974392930655,0.2575833515614833,14,40,4,0,False,1,1,6.19970703125,1.0,0.1612979443963141,5.0,0.19970703125,0.05874467333440995,0.0488282406357817,1.272372805501726,9.60009765625,13.5,71.09208117180349,3.0868589290430464,1.5970197948061022,1.4898391342369441,4554.549495278315,4533.870524252935,0.45506195754465745,1.0169450919489784,78.41711455369375,86.09686450763252,592.35,3.4658563349371145,4555.7001953125,0.2332203346130067,4550.0,0.14085531750585392,4548.2998046875,0.08802236146202219,4545.2998046875,0.08587445341990951,4544.60009765625,4535.7001953125,8.89990234375,10.2998046875,19.19970703125,4541.39990234375,4.564313616071429,4.285714285714286,4.142857142857143,3.9928501674107144,3.0713936941964284,0.004397670718329943,0.05376717750395281,0.03105440007677329,0.03575094646354147,0.06382681576416918,0.04100202717413922,0.00042220021495893435,0.0005874467333440995,0.5567507290807537,4.378578404017857,0.2808665102543551,5.5599609375,0.0002970265213090406,0.0005931651595113974,0.5247300398284768,4.044991629464286,0.46640634177239665,5.819970703125,0.00019480367263826625,0.000488282406357817,0.7132655602755076,3.9696219308035716,0.5079333575860426,4.269970703125,3.1777743936856065e-05,0.0005330496963061073,0.26180915697552803,3.7500404575892863,0.6868053063552519,4.09001953125,1.0077746927319733,1,0.5449134470898596,1.91151973943267,4.771449497767857,0.2112093386304147,20.98645099373976,0,SHORT,-1.0
4572.5,4579.60009765625,4570.7001953125,4575.2001953125,2664,8.89990234375,7.628522600446429,6.47998046875,6.73994140625,0.1667363672580316,0.3641490216433932,0.5715290355168459,0.3927850128839056,4564.86351920949,8.682253883595877,4559.986438783027,5.280105278327028,4553.263963704146,3.1805607044316275,4537.965309119884,1.5082296346363364,0.3336360038284153,0.4817693808928415,16,35,4,0,False,1,1,8.89990234375,2.7001953125,0.3033960607889395,4.39990234375,1.7998046875,0.041006447396338075,0.08041100230829067,1.4896202971653731,16.60009765625,26.0,61.55451486315117,4.942230808549539,3.4686691952940754,1.4735616132554634,4573.423047227532,4546.306884413092,0.5946703031273182,1.0655383321426832,87.64075765680506,91.04950043784635,1546.7,1.722376672916532,4572.60009765625,0.28951606779906425,4566.39990234375,0.23047038400905934,4562.5,0.21085676957905541,4558.60009765625,0.2066275815567683,4544.60009765625,4535.7001953125,8.89990234375,30.60009765625,39.5,4549.2001953125,7.464250837053571,7.021379743303571,6.814208984375,6.914236886160714,6.614222935267857,-0.20181877914045832,0.05812970029700566,0.04215507297918676,0.03831129694827429,0.05984130224292548,0.12034291725350445,0.0007273067216674534,0.00041006447396338077,0.883708482714892,7.154234095982143,0.3712523865166842,6.47998046875,0.0005701819694133526,0.0005111953258554804,-0.38777908678405615,7.047084263392857,0.2846900281180497,6.719921875,0.0001963342116307998,0.0008041100230829066,-0.7829166067109044,6.391020856584822,0.7853262877118081,6.73994140625,0.00018159662604192884,0.0006708799510572428,-0.5117247671087296,5.121118861607142,1.2557067050684108,5.369951171875,2.7779190415370807,1,0.8812289654208477,2.000979206366536,7.628522600446429,0.3641490216433932,21.013584656061486,1,SHORT,2.0
4575.39990234375,4575.39990234375,4568.2001953125,4570.7001953125,2440,7.19970703125,7.414202008928571,7.2599609375,6.8199462890625,0.16221151447500837,0.23905414912721248,0.4991247869942832,0.22146422488217216,4566.030854430092,9.12588123187652,4561.006796547738,5.8153705494387395,4553.947737492709,3.483299132690263,4538.291029380508,1.601683972849969,0.2125276106165574,0.36786671225643713,16,40,4,0,False,1,1,7.19970703125,4.69970703125,0.6527636486944727,0.0,2.5,0.08765555582327508,0.08351800018223404,1.4314390008881681,10.900390625,22.7001953125,54.581104490681696,5.179752817901317,3.810885919815524,1.368866898085793,4574.769631847252,4545.9703095589975,0.631512848151964,0.8586967952224539,75.00034289319562,85.57355712503401,1586.5,1.5379766782225024,4575.2001953125,0.3641490216433932,4572.60009765625,0.28951606779906425,4566.39990234375,0.23047038400905934,4559.7998046875,0.25945041089489884,4544.60009765625,4535.7001953125,8.89990234375,26.10009765625,35.0,4548.0,7.628522600446429,7.464250837053571,7.021379743303571,6.842808314732143,6.735665457589286,-0.348384116303356,0.041006447396338075,0.05812970029700566,0.04215507297918676,0.0485062193459373,0.08348805045473465,0.00047795912990475917,0.0008765555582327508,-1.4755443478042705,7.268512834821429,0.33786553751395637,7.2599609375,0.000498208174120629,0.0006682182070988923,-1.2439636253255455,7.1149379185267865,0.28307601851358327,6.64990234375,0.00011094717181429071,0.0008351800018223404,-0.5363609474809381,6.465304129464286,0.8091795074600491,6.8199462890625,0.00015927819685832345,0.0006908170794699411,-0.4696818863120831,5.179544503348215,1.2932800078817213,5.401943359375,1.7723957527016891,1,0.9520996388455897,1.3101881904277586,7.414202008928571,0.23905414912721248,22.44024113996751,0,SHORT,-1.0
4570.5,4577.7001953125,4570.0,4577.7001953125,1971,7.7001953125,7.249930245535714,7.8400390625,6.9899658203125,0.15837494672454827,0.3331549657534247,0.54471421513096,0.42560584990591727,4568.364722606574,10.340744048001397,4562.596644049145,6.709163384017302,4554.879206426819,3.942785257389005,4538.683160384807,1.7369925433940807,0.3310297280618561,0.5010229218259191,16,45,4,0,False,1,1,7.7001953125,7.2001953125,0.9350665821179455,0.0,0.5,0.09992278146465677,0.08791463632239574,1.3856599559671168,15.2001953125,24.80029296875,69.5827751567748,5.8652215965339565,4.221753055159211,1.6434685413747454,4577.6407553757435,4545.039225093007,0.7147358090502959,1.001823225359085,94.66321030325474,85.76810361775172,1635.2,1.2053571428571428,4570.7001953125,0.23905414912721248,4575.2001953125,0.3641490216433932,4572.60009765625,0.28951606779906425,4562.5,0.21085676957905541,4544.60009765625,4535.7001953125,8.89990234375,33.10009765625,42.0,4552.89990234375,7.414202008928571,7.628522600446429,7.464250837053571,6.814208984375,7.049909319196429,-0.2869053363173456,0.08765555582327508,0.041006447396338075,0.05812970029700566,0.03831129694827429,0.10632358151395942,0.0006658231146384086,0.0009992278146465678,-1.46223755322629,7.355657087053572,0.23054023855228636,7.8400390625,0.0005436200572111582,0.0007249722572655845,-0.8780128000409051,7.1349400111607135,0.2850305369294461,6.349951171875,0.00021274106440307138,0.0008791463632239575,-0.5808587872351703,6.536017717633928,0.8130460691409869,6.9899658203125,0.00017623469464743248,0.000713968470894019,-0.3571864214176216,5.232113560267858,1.3232070557148556,5.455947265625,2.415350262666169,1,1.0644843965330282,2.090164731910506,7.249930245535714,0.3331549657534247,24.001219269768935,1,SHORT,2.0
4577.7998046875,4578.7998046875,4574.0,4574.2001953125,1292,4.7998046875,6.957066127232143,7.619921875,6.9699462890625,0.15209360828504032,0.17081931358544447,0.4016833855224858,0.3268131349835919,4569.531817147759,9.832653832150754,4563.701744169464,6.8130804873244415,4555.636892265474,4.094060069599436,4539.036563717421,1.797323890910775,0.23004244649529113,0.40747986474828307,16,50,4,0,False,1,1,4.7998046875,3.599609375,0.7499491353001018,1.0,0.2001953125,0.11704386204423678,0.09058803349874911,1.3182046833726184,7.80029296875,18.30029296875,71.13863498774327,6.05622737356498,4.5886479188403655,1.4675794547246142,4579.327963600188,4544.842055931062,0.7559242669811207,0.8513082985407786,84.83177659822519,84.83177659822509,1648.95,0.7835289123381546,4577.7001953125,0.3331549657534247,4570.7001953125,0.23905414912721248,4575.2001953125,0.3641490216433932,4566.39990234375,0.23047038400905934,4544.60009765625,4535.7001953125,8.89990234375,29.60009765625,38.5,4555.89990234375,7.249930245535714,7.414202008928571,7.628522600446429,7.021379743303571,7.028494698660714,-0.04607498148859149,0.09992278146465677,0.08765555582327508,0.041006447396338075,0.04215507297918676,0.09342915510034487,0.0003419532784416868,0.0011704386204423678,-0.24444136206603792,7.342794363839286,0.2544117572122783,7.619921875,0.0004012703805519657,0.0008317125247258173,-0.47354237209811356,7.127797154017857,0.2888636688800461,6.219921875,0.0001635432591043373,0.0009058803349874912,-0.42315082991227565,6.617086356026786,0.7665677096452593,6.9699462890625,0.00016667436579643314,0.0007234296745198007,-0.3432464278638526,5.277682756696429,1.3428437096346355,5.485947265625,1.1884012604223413,1,1.1592317446031115,1.5125056804764998,6.957066127232143,0.17081931358544447,25.562274283944102,0,SHORT,-1.0
4574.2001953125,4581.10009765625,4574.10009765625,4580.10009765625,1956,7.0,6.707066127232143,7.119921875,7.1699462890625,0.1464392913740971,0.16402046625166783,0.4540113996550096,0.46502875181797454,4571.645473249458,9.366123065720785,4565.263492120587,6.878501393294755,4556.596233653348,4.227626341379619,4539.445156094922,1.854066936772142,0.3249890299052839,0.5158206432536535,16,55,4,0,False,1,1,7.0,5.89990234375,0.8428431919642857,1.0,0.10009765625,0.11559974113489396,0.0937585327358394,1.2614460295526226,7.5,20.7001953125,80.35359688420326,6.607506418619778,4.992419618796248,1.6150867998235299,4582.086444414147,4544.203594648353,0.8301916683262828,0.9475660682821537,97.30458930522104,92.26652540223357,1713.85,1.1412900778947983,4574.2001953125,0.17081931358544447,4577.7001953125,0.3331549657534247,4570.7001953125,0.23905414912721248,4572.60009765625,0.28951606779906425,4544.60009765625,4535.7001953125,8.89990234375,35.5,44.39990234375,4559.39990234375,6.957066127232143,7.249930245535714,7.414202008928571,7.464250837053571,6.971365792410714,0.1317696694487925,0.11704386204423678,0.09992278146465677,0.08765555582327508,0.05812970029700566,0.08303247078780572,0.0003283603403738455,0.0011559974113489397,-0.24795876248734977,7.191357421875,0.36525140239562404,7.119921875,0.00045342908203821475,0.000872631192571889,-0.49814180954014486,7.1013671875,0.31561903327589447,6.38994140625,0.00023241990804663272,0.000937585327358394,-0.5244997025902067,6.697441755022321,0.6783173287266754,7.1699462890625,0.00020966499853140917,0.000725058187234653,-0.3871285243855638,5.316966378348215,1.3555494426156358,5.515947265625,1.1000961133693843,1,1.292257792427111,2.2192748056603167,6.707066127232143,0.16402046625166783,27.241621149478227,1,SHORT,2.0
4580.2998046875,4583.7998046875,4577.89990234375,4582.7998046875,1251,5.89990234375,6.564208984375,6.519921875,7.299951171875,0.14323577865349524,0.16610441184160957,0.5308583010756305,0.5352734044067641,4573.876339537066,9.012820327576264,4566.93361712696,6.947178343933047,4557.623824674295,4.359860970149384,4539.876545633157,1.9112365132723426,0.3474144555339885,0.5523926717449987,17,0,4,0,False,1,0,5.89990234375,2.5,0.42373582719523295,1.0,2.39990234375,0.11571160298944855,0.09371922336009006,1.225850212175276,7.599609375,24.19970703125,83.20629181653838,7.179482226570144,5.429832140351028,1.7496500862191162,4585.079719161342,4543.650310135534,0.9076708127603408,0.9449686942813577,97.23754670407489,93.12463753584028,1747.0,0.7160847166571265,4580.10009765625,0.16402046625166783,4574.2001953125,0.17081931358544447,4577.7001953125,0.3331549657534247,4575.2001953125,0.3641490216433932,4544.60009765625,4535.7001953125,8.89990234375,38.19970703125,47.099609375,4558.60009765625,6.707066127232143,6.957066127232143,7.249930245535714,7.628522600446429,6.914236886160714,0.2066275815567683,0.11559974113489396,0.11704386204423678,0.09992278146465677,0.041006447396338075,0.05984130224292548,0.000332523772642479,0.0011571160298944855,-0.26417497258134187,6.978494698660714,0.3568204809285068,6.519921875,0.0005299152471549661,0.0008444535024292253,-0.8324413755363379,7.066364397321429,0.3555602152154255,6.499951171875,0.00026737582720490205,0.0009371922336009007,-0.643471980015063,6.7695835658482135,0.5699419301931148,7.299951171875,0.00021571608649939344,0.000726975792074645,-0.40707976714332433,5.354821428571429,1.3635598751040503,5.581943359375,1.0903440725550186,1,1.4182657003798973,2.4254725935091,6.564208984375,0.16610441184160957,29.05511665670146,1,SHORT,2.0
4495.7001953125,4496.0,4463.2998046875,4474.89990234375,5071,33.400390625,10.478690011160714,13.2001953125,8.440087890625,0.23416590850830987,-0.8156635276205683,-1.1290344157368537,-1.3687480197542428,4502.117452686491,-18.941258457735785,4514.361366715558,-12.715665869549412,4525.764057490405,-6.657699108225643,4538.329215555507,-2.1625773001387643,-0.8741317135743196,-1.123879957075362,8,0,0,0,True,0,0,32.7001953125,20.80029296875,0.6360907869195161,0.2998046875,11.60009765625,0.1934371584064183,0.13502064685253198,2.0720882141495527,-36.80029296875,-51.10009765625,12.408446939321038,-11.497789104480944,-7.178491846343585,-4.319297258137359,4554.576589243283,4485.493479116092,1.5283755458706982,-0.15334539445080153,15.868785443760896,10.240178854988805,916.7,5.531798843678412,4496.7001953125,-0.4714432201748562,4496.60009765625,-0.33247627616180814,4505.39990234375,-0.3538727019414078,4511.7001953125,-0.3159479603954927,4571.7998046875,4490.2998046875,81.5,-96.89990234375,-15.39990234375,4526.0,8.335797991071429,8.014369419642858,7.492919921875,7.192905970982143,5.335728236607143,-0.242450958783337,0.07610693723508857,0.12822012900562094,0.1338358233966389,0.13465966531873316,0.11066864534460845,-0.001635174737165479,0.0019343715840641831,-1.547638548388134,8.331515066964286,1.265469701199943,13.02021484375,-0.0011335726389851807,0.001657860419517682,-1.0333147512155294,7.228630719866072,1.5295084917838808,11.16015625,-0.0006879958533970665,0.0013502064685253197,-1.5496054608476293,5.707550920758928,1.9379374520488641,8.380078125,-0.000273307079665559,0.001042022416602526,-1.8175634597553496,5.057067522321429,1.3802593743071359,5.92408203125,-8.54708525934576,1,-1.0881790340875326,-3.732958905686731,10.478690011160714,-0.8156635276205683,48.531811470290414,1,LONG,2.0
4475.7001953125,4482.60009765625,4468.0,4478.60009765625,2600,14.60009765625,10.764404296875,14.74013671875,9.065087890625,0.24035198638316133,-0.6499657339832774,-1.016664434583469,-1.2654299458498677,4497.413981680443,-21.012967703688446,4510.955531567052,-14.295107661735528,4523.9144904380855,-7.545624817217686,4537.73489597442,-2.4325994631972208,-0.7172634197873012,-1.0016633355385853,8,5,0,0,True,0,0,14.60009765625,2.89990234375,0.19862211966154977,4.0,7.7001953125,0.2227274845910501,0.1389044685623056,2.088062652230678,-29.2998046875,-46.0,18.241411791845294,-12.87557029763866,-8.3179075366026,-4.55766276103606,4555.456309927324,4478.873768197676,1.6953673613293843,-0.003573536934729095,22.667100694444443,16.12173188518527,1040.85,2.497958399385118,4474.89990234375,-0.8156635276205683,4496.7001953125,-0.4714432201748562,4496.60009765625,-0.33247627616180814,4507.89990234375,-0.3690977092351372,4571.7998046875,4490.2998046875,81.5,-93.19970703125,-11.69970703125,4524.60009765625,10.478690011160714,8.335797991071429,8.014369419642858,7.335797991071429,5.371442522321429,-0.26671583166884827,0.1934371584064183,0.07610693723508857,0.12822012900562094,0.13357208382519928,0.10888779773522593,-0.0013013352841914072,0.002227274845910501,-1.2262749919343277,9.017236328125,1.4985062169016847,14.56015625,-0.0010199546276786209,0.0017566180994696978,-0.9328599672159761,7.767926897321428,1.7384127228450943,12.100146484375,-0.0006356314660970585,0.001389044685623056,-1.4753220227651378,6.061124093191965,2.180889031068592,9.005078125,-0.0002572108133057571,0.0010528380790313311,-1.7861143645289845,5.155211356026785,1.5959293330431998,6.10408203125,-6.996493939711105,1,-1.2038714371584265,-2.9842208944504547,10.764404296875,-0.6499657339832774,51.37995291445496,1,LONG,2.0
4491.7001953125,4494.2998046875,4482.10009765625,4482.60009765625,1144,12.19970703125,7.371442522321429,7.4,8.0100341796875,0.16444568691674336,-0.5148854373670739,-0.30026021900707567,0.08931362284597118,4494.563393482961,-6.568567047771467,4498.242746790017,-3.737800462310588,4508.921665508439,-3.515261349239154,4530.3095308497395,-1.8961622114275087,-0.34775022190453664,-0.583766359339071,9,45,0,0,True,0,0,12.19970703125,9.10009765625,0.7459275565339204,2.599609375,0.5,0.07412058331571314,0.12396802013525211,1.040650223965748,-23.19970703125,-13.5,37.41826573785204,-4.814142735891437,-4.683632486823802,-0.1305102490676351,4508.432201644895,4485.127759292605,0.5182473337256854,-0.10846265266274378,1.7605694341763665,12.668137528827367,965.85,1.1844489309934254,4491.60009765625,-0.3350588457593847,4491.89990234375,-0.31070375071398904,4498.60009765625,-0.02666134235572546,4505.7998046875,0.2157360116672294,4571.7998046875,4490.2998046875,81.5,-89.19970703125,-7.69970703125,4496.10009765625,7.000034877232143,7.164341517857143,7.050048828125,7.535749162946429,10.342947823660714,-0.05557284367869214,0.056873354848788624,0.06396967909024102,0.08911761339865612,0.09299256447945871,0.0626599992951167,-0.001031678319204299,0.0007412058331571314,-0.09009805044128487,7.138616071428572,0.14396617317873628,7.4,-0.000300116210806034,0.0011059647549262863,0.31585276733652584,8.136478097098214,1.345162288092961,8.210009765625,4.536746649170808e-05,0.0012396802013525212,0.6670893362013227,9.660794503348214,1.8537168401755257,8.0100341796875,-0.00025370131905521064,0.001229582936188772,-0.67948826394067,7.083496791294643,2.8799285091462044,7.462060546875,-3.7954484071317154,1,-1.448687782084094,-2.114681317732571,7.371442522321429,-0.5148854373670739,35.56595096596116,0,LONG,-1.0
4482.7998046875,4486.0,4475.39990234375,4478.0,2363,10.60009765625,7.6357421875,8.7599609375,7.655029296875,0.17051679739839212,-0.5419310339592113,-0.3405026451059183,-0.30944372416886257,4491.250714786369,-10.1348341069679,4496.314866143349,-5.705619689114428,4507.709051174776,-4.334266878434391,4529.789038005464,-2.1200800236892974,-0.4073305960233637,-0.6590720660427934,9,50,0,0,True,0,0,10.60009765625,4.7998046875,0.4528075913215717,3.2001953125,2.60009765625,0.07256069188883311,0.10512633813025471,1.0673501389351225,-24.39990234375,-15.2998046875,33.33366015314776,-5.86586971161978,-4.920079931782998,-0.9457897798367823,4510.331978509834,4481.837992193292,0.6337510614095703,-0.13469481421993373,7.407665020518884,8.87851928392744,1006.25,2.3483229813664597,4482.60009765625,-0.5148854373670739,4491.60009765625,-0.3350588457593847,4491.89990234375,-0.31070375071398904,4502.39990234375,0.2025259397727389,4571.7998046875,4490.2998046875,81.5,-93.7998046875,-12.2998046875,4493.2998046875,7.371442522321429,7.000034877232143,7.164341517857143,7.107212611607143,10.307233537946429,-0.01780763559688772,0.07412058331571314,0.056873354848788624,0.06396967909024102,0.0968335900114811,0.05032678224498009,-0.0010860084351202559,0.0007256069188883312,0.2560072512710081,7.244321986607143,0.2613352882561636,8.7599609375,-0.0003404546932472052,0.001126214065154595,0.39954753007505206,7.869328962053572,1.1110567989984044,8.210009765625,-0.00015442484701974624,0.001051263381302547,0.41479923917831923,9.473646763392857,1.8600823235316504,7.655029296875,-0.000268938353450745,0.001234428615309895,-0.6381527729999482,7.153924386160714,2.8487255889380143,7.642060546875,-4.138045658717845,1,-1.4922170958154533,-2.3888004128513183,7.6357421875,-0.5419310339592113,36.643790177299174,1,LONG,2.0
4477.60009765625,4483.89990234375,4472.5,4481.10009765625,1356,11.39990234375,8.157156808035714,9.7599609375,7.7350341796875,0.18203469305008724,-0.389009905750845,-0.41556753284380055,-0.41556753284380055,4489.220591360346,-11.607867285573775,4494.8658405731485,-6.828894004437643,4506.6655628015005,-4.850570138103649,4529.304570937313,-2.273114053304198,-0.3062548117152078,-0.5672811702796545,9,55,0,0,True,0,0,11.39990234375,3.5,0.3070201738981454,2.7998046875,5.10009765625,0.10883224458614431,0.09732735890017497,1.1271803026781917,-17.5,-18.69970703125,33.33366015314776,-6.37572357231511,-5.2112086598894205,-1.1645149124256893,4510.75973307122,4479.54026692878,0.6945144465132437,0.04996340169154745,22.6318359375,10.600023464064988,1017.9,1.3321544356027115,4478.0,-0.5419310339592113,4482.60009765625,-0.5148854373670739,4491.60009765625,-0.3350588457593847,4498.60009765625,-0.02666134235572546,4571.7998046875,4490.2998046875,81.5,-90.69970703125,-9.19970703125,4499.7998046875,7.6357421875,7.371442522321429,7.000034877232143,7.050048828125,10.46435546875,0.11568786806998546,0.07256069188883311,0.07412058331571314,0.056873354848788624,0.08911761339865612,0.08413692153023175,-0.000778759215695568,0.0010883224458614431,0.4305868367317339,7.465743582589286,0.45375441232599373,9.7599609375,-0.00041588501195685137,0.0010127706480081975,0.2135157051348911,7.638609095982145,0.6605040691161163,8.37001953125,-0.0002077450673801995,0.0009732735890017496,0.2998814708804207,9.3057861328125,1.8172169550518498,7.7350341796875,-0.000252450301094056,0.0012417773689065929,-0.6585538064940709,7.236780831473214,2.8156009542723663,7.8040625,-3.1732148010888364,1,-1.446548412153606,-1.6823980450305762,8.157156808035714,-0.389009905750845,37.83450106107619,0,LONG,-1.0
4481.2001953125,4485.60009765625,4480.2001953125,4485.10009765625,921,5.39990234375,8.171421595982142,9.19990234375,7.64501953125,0.1821903952656983,-0.15137925678067868,-0.46161266646604715,-0.2490871943097308,4488.396492619527,-10.646254765958474,4493.935769819158,-6.826123593301418,4505.819858286,-4.927010708668604,4528.8647254320285,-2.3181557511570645,-0.19661322759100092,-0.45984440748663635,10,0,0,0,True,0,0,5.39990234375,3.89990234375,0.7222171986617235,0.5,1.0,0.12136237644318065,0.09932486286286794,1.1158689905193688,-6.7998046875,-20.7998046875,39.539656804401,-6.383435587705208,-5.445654045452578,-0.9377815422526297,4510.817409974372,4478.362619322503,0.7220856751359951,0.2075958032210952,33.158151726973685,21.06588422833076,990.75,0.9295987887963664,4481.10009765625,-0.389009905750845,4478.0,-0.5419310339592113,4482.60009765625,-0.5148854373670739,4491.89990234375,-0.31070375071398904,4571.7998046875,4490.2998046875,81.5,-86.69970703125,-5.19970703125,4505.89990234375,8.157156808035714,7.6357421875,7.371442522321429,7.164341517857143,8.942905970982142,0.18230888398910466,0.10883224458614431,0.07256069188883311,0.07412058331571314,0.06396967909024102,0.09742379417805182,-0.00030235250054040376,0.0012136237644318065,-0.6062308968878352,7.667159598214286,0.5069192401239246,9.19990234375,-0.00046218497370073,0.0009299846294012666,-0.1105021182599917,7.561460658482143,0.5217034742930593,7.7,-0.00012422255088625488,0.0009932486286286795,0.09172760471655855,9.13649379185268,1.7530077051694692,7.64501953125,-0.00022886710752612505,0.0012522697641629906,-0.6847425937693864,7.322922014508929,2.775924778285877,7.8760546875,-1.2369837280413638,1,-1.4543477321847982,-1.0791635162999071,8.171421595982142,-0.15137925678067868,38.579953645843425,0,LONG,-1.0
4485.39990234375,4486.2001953125,4479.5,4485.39990234375,983,6.7001953125,8.300013950892858,9.2599609375,7.6500244140625,0.18504512711466067,-0.1380397893333226,-0.4726361205678784,-0.14470491643432387,4487.797174564372,-9.757042875266961,4493.122830059595,-6.766511376082235,4505.01907570003,-4.976939516661332,4528.432239630156,-2.356783010473009,-0.17188329827480936,-0.43549589972005703,10,5,0,0,True,0,0,6.7001953125,0.0,0.0,0.80029296875,5.89990234375,0.12215519087001415,0.09732280327835945,1.1199706785277819,-6.2001953125,-21.30029296875,39.77052057659272,-6.292816016854886,-5.61508643973304,-0.6777295771218457,4510.972521095764,4477.557508201111,0.7435033934523536,0.23469672650923729,33.947111430921055,29.912366365131486,978.65,1.0044448985847851,4485.10009765625,-0.15137925678067868,4481.10009765625,-0.389009905750845,4478.0,-0.5419310339592113,4491.60009765625,-0.3350588457593847,4571.7998046875,4490.2998046875,81.5,-86.39990234375,-4.89990234375,4506.7001953125,8.171421595982142,8.157156808035714,7.6357421875,7.000034877232143,8.421456473214286,0.23799366798265123,0.12136237644318065,0.10883224458614431,0.07256069188883311,0.056873354848788624,0.08969611825458776,-0.0002756349013855575,0.0012215519087001416,-0.6953709316767972,7.927155412946428,0.40166173081301393,9.2599609375,-0.00047326151640257884,0.0009221442673904327,-0.0884603294014086,7.54931640625,0.5004402474661857,7.6400390625,-7.195228560945566e-05,0.0009732280327835944,-0.04170070740838315,8.968631417410714,1.6570353635961665,7.6500244140625,-0.00023502518074018042,0.0012499958886647519,-0.6752032360361686,7.410920758928572,2.7346372748287275,7.95005859375,-1.1457321772448885,1,-1.4332801981803223,-0.9288723294415866,8.300013950892858,-0.1380397893333226,39.32528748168015,0,LONG,-1.0
4486.39990234375,4486.89990234375,4482.39990234375,4482.5,425,4.5,6.878592354910714,5.0400390625,7.3150146484375,0.15345437490040634,-0.06465203564646974,-0.20260257944598623,-0.3002669039145907,4485.802465661254,-1.9947089031174983,4489.946043505915,-3.176786553679449,4501.4198088875555,-3.599266812474525,4526.324802118948,-2.107437511207536,-0.1658381511440457,-0.42030758495798254,10,30,0,0,True,0,0,4.5,3.89990234375,0.8666449652777778,0.5,0.10009765625,0.06304465166909536,0.09022424898038853,0.8889628302718025,-2.89990234375,-9.10009765625,25.473889802631575,-5.452005072890643,-5.622222834540433,0.1702177616497904,4509.679813126442,4473.370138045433,0.8084041673679522,0.2514443308621626,29.673418528499813,32.999632119495395,940.75,0.45176720701567896,4486.5,0.031212287647304417,4483.89990234375,0.06248029783946094,4485.7998046875,0.1741805423738276,4485.39990234375,-0.1380397893333226,4571.7998046875,4490.2998046875,81.5,-89.2998046875,-7.7998046875,4491.60009765625,6.935756138392857,7.057163783482143,7.600027901785714,8.300013950892858,7.000034877232143,-0.3350588457593847,0.04645794024423713,0.05624106374867912,0.05091691345238582,0.12215519087001415,0.056873354848788624,-0.00012917852336760127,0.0006304465166909536,0.14212820276268073,7.298597935267857,0.4949049688708671,5.0400390625,-0.00020240671237657936,0.0009196757388028049,-0.6996597908325908,7.612876674107143,0.5388015047479396,7.15,-0.00014996126232787453,0.0009022424898038853,-0.05242465536860209,8.023252650669644,1.1622648370226791,7.3150146484375,-0.00024092033613426267,0.0012382829869244532,-0.7001380525116597,7.737772739955358,2.4942251975670975,8.034052734375,-0.4447149981272217,0,-1.6680397368581976,-1.0807000533655464,6.878592354910714,-0.06465203564646974,40.049490001246454,0,LONG,-1.0
4482.10009765625,4485.2001953125,4480.7998046875,4484.5,425,4.400390625,6.921456473214286,4.580078125,7.2900390625,0.15434176548587994,-0.06685236768802229,0.04238393571497429,-0.25800354539030296,4485.541972529003,-2.1957671224945443,4489.427372695828,-3.159949739043441,4500.756286970397,-3.5757661531615668,4525.908634933685,-2.116318730002604,-0.10975503748642489,-0.36119011859092776,10,35,0,0,True,0,0,4.400390625,2.39990234375,0.5453839325343985,0.7001953125,1.30029296875,0.06252841652118543,0.09114339752798335,0.8870997374354282,-3.0,1.89990234375,30.585830341160644,-5.239066783990893,-5.545591624430525,0.30652484043963213,4509.225138419865,4472.664802986385,0.8140900338789006,0.3237168607259705,39.34426229508197,36.11447188123324,910.7,0.466673987042934,4482.5,-0.06465203564646974,4486.5,0.031212287647304417,4483.89990234375,0.06248029783946094,4487.5,0.10930937931117118,4571.7998046875,4490.2998046875,81.5,-87.2998046875,-5.7998046875,4482.60009765625,6.878592354910714,6.935756138392857,7.057163783482143,8.021449497767858,7.371442522321429,-0.5148854373670739,0.06304465166909536,0.04645794024423713,0.05624106374867912,0.07605268615113288,0.07412058331571314,-0.00013358409616692768,0.0006252841652118543,0.14217685755609427,7.078599330357143,0.2989348102137853,4.580078125,4.258527352080099e-05,0.0006821438464740491,-0.44883555107334255,7.567878069196429,0.5785313065362524,6.370068359375,-0.0001287654686426165,0.0009114339752798336,-0.11241848406093428,7.8521780831473205,1.0491593237145347,7.2900390625,-0.00022758854513797998,0.0012420908296538406,-0.7236631200752668,7.802343052455358,2.4282943053015447,8.08005859375,-0.4627157530839634,0,-1.636781841858178,-0.7111168978850764,6.921456473214286,-0.06685236768802229,40.2501833096355,0,LONG,-1.0
4493.60009765625,4493.60009765625,4488.2998046875,4489.60009765625,689,5.5,4.714390345982143,4.24013671875,5.9500732421875,0.10500691026898461,-0.07567109601046072,0.15839593209704406,-0.04452756159310832,4491.807463394733,1.4904464468527294,4491.6096890880945,0.7575471543668755,4498.488642454606,-1.2401034361864731,4523.104697908934,-1.5464686009554498,-0.044741007588583494,-0.1975895796305863,11,20,0,0,True,0,0,5.30029296875,4.0,0.7546752648549055,0.0,1.30029296875,0.04850581758234737,0.09328382181018474,0.5829337813341301,-3.39990234375,7.10009765625,52.9087146470453,-0.9591531514588496,-2.0773022251510778,1.1181490736922282,4498.818971137276,4477.491038628348,0.4752049001365718,0.567755877079644,55.697024011866866,72.69720770596471,746.95,0.9224178325189102,4493.7998046875,0.006671963669745188,4493.2001953125,0.008911828757254174,4494.60009765625,-0.03336224655634174,4493.0,0.2342442833240379,4571.7998046875,4490.2998046875,81.5,-82.19970703125,-0.69970703125,4482.5,4.800118582589286,5.007254464285714,5.092947823660714,6.114362444196429,6.878592354910714,-0.06465203564646974,0.02200390863036171,0.022329916299789723,0.039389531368741376,0.1261673923804348,0.06304465166909536,-0.0001512938691639487,0.00048505817582347374,-1.409986150606607,5.047244698660714,0.35543444652174117,4.2001953125,0.00015869613973935605,0.0009585491439301546,1.9232749814648264,5.9343645368303575,1.0094741678764148,4.73017578125,-2.1855286318611666e-05,0.0009328382181018474,0.6219651240136325,6.77362060546875,1.1668924405645915,5.940087890625,-0.00016069729462460104,0.0012677117140358944,-0.5483316717120974,8.087351422991071,2.071552107305907,7.860087890625,-0.3567430845016039,1,-1.4591395412078854,-0.42607679317461483,4.714390345982143,-0.07567109601046072,25.34882539057131,0,LONG,-1.0
4489.7001953125,4491.10009765625,4485.2001953125,4485.2998046875,755,5.89990234375,4.857247488839286,4.680078125,5.6350830078125,0.10829259359124825,-0.18471365471705473,0.01783486871446092,0.06022636354872601,4490.505931653286,-0.46770143626781646,4491.008747716609,-0.10510428593079268,4497.971433130405,-1.5169736139341694,4522.728529817179,-1.6136708334697687,-0.12711939231941055,-0.2817187399095138,11,25,0,0,True,0,0,5.89990234375,4.400390625,0.7458412645866093,1.39990234375,0.099609375,0.0563972595920368,0.08406466288223835,0.6013627440176784,-8.30029296875,0.7998046875,49.35400842817129,-1.383013493578801,-1.9384444788366224,0.5554309852578214,4498.72375718061,4477.85622328814,0.46493283495213333,0.35670632848693956,28.48048456379987,55.4848213273998,727.5,1.0378006872852235,4489.60009765625,-0.07567109601046072,4493.7998046875,0.006671963669745188,4493.2001953125,0.008911828757254174,4493.60009765625,0.20292335056862526,4571.7998046875,4490.2998046875,81.5,-86.5,-5.0,4484.5,4.714390345982143,4.800118582589286,5.007254464285714,5.621512276785714,6.921456473214286,-0.06685236768802229,0.04850581758234737,0.02200390863036171,0.022329916299789723,0.12707812186700282,0.06252841652118543,-0.0003695732890652614,0.000563972595920368,-0.11345852730112206,4.894391741071429,0.15397251242696053,4.64013671875,1.829475096795097e-05,0.0010130381227600456,1.9636227212308026,5.7279436383928575,0.9961636206282835,4.880126953125,3.044001224437598e-05,0.0008406466288223835,1.32779513256389,6.647910853794643,1.2326726938614279,5.62509765625,-0.00017366793404129056,0.001272571625669924,-0.5154120057088407,8.077067522321428,2.0865321335325495,7.87408203125,-0.8971999355287409,0,-1.4334631763760084,-1.173851212754441,4.857247488839286,-0.18471365471705473,25.25050536276004,0,LONG,-1.0
4485.2001953125,4485.2998046875,4479.0,4483.2001953125,1848,6.2998046875,4.985804966517857,5.1400390625,5.420068359375,0.11121084826260638,-0.2536355203145789,-0.2869131483632788,0.11612763091782044,4489.044784385129,-2.654141617764253,4490.265076059075,-1.1807993390557385,4497.392168902252,-1.90453944647561,4522.335213055939,-1.7110462713826564,-0.15733772120142986,-0.31556006362718086,11,30,0,0,True,0,0,6.2998046875,2.0,0.3174701596651682,0.099609375,4.2001953125,0.04571581120808496,0.0812517602809455,0.6179894576972073,-11.39990234375,-12.89990234375,49.10063137811139,-1.8668271762235236,-1.9241210183140027,0.05729384209047916,4498.128172576268,4478.971827423732,0.4267824832637763,0.22072936434892507,23.86461367734776,36.014040751004735,701.75,2.6334164588528677,4485.2998046875,-0.18471365471705473,4489.60009765625,-0.07567109601046072,4493.7998046875,0.006671963669745188,4494.60009765625,-0.03336224655634174,4571.7998046875,4490.2998046875,81.5,-88.599609375,-7.099609375,4496.10009765625,4.857247488839286,4.714390345982143,4.800118582589286,5.092947823660714,7.307198660714286,0.22961998790018587,0.0563972595920368,0.04850581758234737,0.02200390863036171,0.039389531368741376,0.13364892237446982,-0.000507702839969082,0.00045715811208084964,0.4457027553076424,4.872963169642857,0.12396176811647566,5.10009765625,-0.0002871870783429542,0.00046462173881324623,-0.4075962116741576,5.495804268973215,0.8464904111807457,4.330078125,5.834515640187887e-05,0.0008125176028094549,1.471108713909974,6.515413992745536,1.2629504783922432,5.4100830078125,-0.00016888435497651954,0.0012709733506700242,-0.5278115186830695,8.067783203125,2.099452899147657,7.868076171875,-1.2645772368697683,0,-1.4294768630218684,-1.4147695450528563,4.985804966517857,-0.2536355203145789,26.065911805405694,0,LONG,-1.0
4483.10009765625,4485.89990234375,4480.7998046875,4485.60009765625,447,5.10009765625,4.950090680803571,5.32001953125,5.105078125,0.11035514921158532,-0.16914665107018265,-0.16024989637282047,0.1004217692515647,4488.355847039354,-3.6433328254615844,4489.820792401663,-1.792161083550127,4496.9297347357415,-2.1278946703887414,4521.969689519624,-1.7696437976001107,-0.09400586216171909,-0.25194160789255143,11,35,0,0,True,0,0,5.10009765625,2.5,0.49018669219722355,0.2998046875,2.30029296875,0.0659911953869443,0.08068092775809724,0.615087372231849,-7.60009765625,-7.19970703125,48.83732667146119,-2.0331638953039146,-1.9459295937119852,-0.08723430159192946,4497.812465654708,4479.737534345291,0.402669577098798,0.32434775051700504,37.5003467887363,29.948481676627882,656.3,0.681090964497943,4483.2001953125,-0.2536355203145789,4485.2998046875,-0.18471365471705473,4489.60009765625,-0.07567109601046072,4493.2001953125,0.008911828757254174,4571.7998046875,4490.2998046875,81.5,-86.19970703125,-4.69970703125,4492.7998046875,4.985804966517857,4.857247488839286,4.714390345982143,5.007254464285714,7.028634207589286,0.19848574985132897,0.04571581120808496,0.0563972595920368,0.04850581758234737,0.022329916299789723,0.1393764919625457,-0.0003383481882684558,0.000659911953869443,0.46397754816205905,4.861530412946428,0.11037101221657389,5.280078125,-0.00016025260988026258,0.000500950825113359,-0.5846866772799028,5.287949916294642,0.6637532612440782,4.41005859375,5.049590417352534e-05,0.0008068092775809724,1.5186980600328945,6.355060686383928,1.247027797957218,5.0950927734375,-0.00011482961094073208,0.0012413694758098216,-0.6100545963970548,8.047784598214285,2.1246488963441252,7.740078125,-0.8372912611516445,0,-1.4361236576223968,-0.8518484441671178,4.950090680803571,-0.16914665107018265,26.656095451043306,0,LONG,-1.0
4485.5,4486.5,4482.39990234375,4483.0,383,4.10009765625,4.921526227678571,5.37998046875,5.040087890625,0.10978198143382938,-0.2403267870596879,-0.23367085790586403,-0.046823874841665954,4487.284677631484,-5.074627197868722,4489.171193125315,-2.650031902973751,4496.383470628458,-2.4679695730201274,4521.581931414951,-1.8594961447633978,-0.13746842924514396,-0.29764967147224364,11,40,0,0,True,0,0,4.10009765625,2.5,0.6097415743717994,1.0,0.60009765625,0.06074267363466958,0.07929753065054473,0.614198211699947,-10.7998046875,-10.5,50.67024479643932,-2.347729925335443,-2.026289660036677,-0.321440265298766,4497.933223816452,4479.406766417924,0.4127382369093967,0.19395146653141296,22.727146622277708,28.030702362787157,629.4,0.6085160470289165,4485.60009765625,-0.16914665107018265,4483.2001953125,-0.2536355203145789,4485.2998046875,-0.18471365471705473,4493.7998046875,0.006671963669745188,4571.7998046875,4490.2998046875,81.5,-88.7998046875,-7.2998046875,4493.5,4.950090680803571,4.985804966517857,4.857247488839286,4.800118582589286,6.735770089285714,0.15602362643486015,0.0659911953869443,0.04571581120808496,0.0563972595920368,0.02200390863036171,0.13927886933572053,-0.0004809686957784276,0.0006074267363466957,1.574516151443208,4.885811941964286,0.10677916811248592,5.3400390625,-0.0002338028781757262,0.0005033716510837242,-0.13875302254516939,5.106525530133928,0.4312836799898659,4.590087890625,-2.3118711298664162e-05,0.0007929753065054473,1.810565107943423,6.19256591796875,1.2090503307580194,5.0301025390625,-0.00015479357413887616,0.001223026379417685,-0.5788295821828136,8.012928292410715,2.1617799839159475,7.548076171875,-1.182774585727977,0,-1.4654554643194422,-1.2521948269625875,4.921526227678571,-0.2403267870596879,27.030572002997047,0,LONG,-1.0
4482.89990234375,4486.2998046875,4481.2001953125,4485.2998046875,490,5.099609375,4.971470424107143,5.29990234375,4.96005859375,0.11083920006666123,-0.09578343004302152,-0.17138204568217227,-0.002231632818239821,4486.8877030426875,-4.919760352045159,4488.8024894645705,-2.8071996235239567,4495.948817062145,-2.5398253924604433,4521.220915228609,-1.8837826803255666,-0.07803160832519283,-0.23685795385908828,11,45,0,0,True,0,0,5.099609375,2.39990234375,0.47060513213328226,1.0,1.69970703125,0.06780534386151206,0.08018652574277092,0.623890404118967,-4.30029296875,-7.7001953125,51.063581112669475,-2.3839698321944525,-2.0978256944682325,-0.28614413772621994,4497.935763256128,4479.394217212623,0.4130748470613087,0.31850566619529763,35.794146206131224,32.00721320571498,604.75,0.8102521703183133,4483.0,-0.2403267870596879,4485.60009765625,-0.16914665107018265,4483.2001953125,-0.2536355203145789,4489.60009765625,-0.07567109601046072,4571.7998046875,4490.2998046875,81.5,-86.5,-5.0,4493.0,4.921526227678571,4.950090680803571,4.985804966517857,4.714390345982143,6.114362444196429,0.2342442833240379,0.06074267363466958,0.0659911953869443,0.04571581120808496,0.04850581758234737,0.1261673923804348,-0.00019145637377189219,0.0006780534386151206,0.27223097780148264,4.937227957589286,0.05084570200956007,5.29990234375,-0.00017137512146792044,0.0005561958253414245,-0.1909949074496913,4.992236328125,0.24629136606620933,4.750048828125,-8.106544151953443e-07,0.0008018652574277093,1.675647691672663,6.026138741629465,1.1302079044183182,4.9500732421875,-0.00011664587792130199,0.0012132811311624122,-0.6649620549637454,7.968499581473214,2.2014405120811245,7.460068359375,-0.4761844895784171,0,-1.4374675876419871,-0.7040073212208572,4.971470424107143,-0.09578343004302152,27.560631296144834,0,LONG,-1.0
4485.2001953125,4485.89990234375,4481.2001953125,4482.7998046875,374,4.69970703125,4.464285714285714,5.05986328125,4.8600341796875,0.09958699716229964,-0.05573763424659592,-0.24034833394238095,-0.10473972841225627,4486.07012337165,-4.4358082816361275,4488.230805200088,-2.7779425165208522,4495.433169518042,-2.538263612363153,4520.838615621235,-1.8899141959445842,-0.12100537490843127,-0.2810266409075803,11,50,0,0,True,0,0,4.69970703125,2.400390625,0.5107532467532467,0.69970703125,1.599609375,0.05817032843881496,0.08030850451807973,0.5643087583629015,-2.5,-10.80029296875,26.665752908321494,-2.5846253736690414,-2.1951856303083943,-0.38943974336064713,4498.0565660409875,4478.803394896512,0.428951130534616,0.20757150918146883,21.589679567207657,26.703657465205435,586.55,0.6376268007842469,4485.2998046875,-0.09578343004302152,4483.0,-0.2403267870596879,4485.60009765625,-0.16914665107018265,4485.2998046875,-0.18471365471705473,4571.7998046875,4490.2998046875,81.5,-89.0,-7.5,4493.60009765625,4.971470424107143,4.921526227678571,4.950090680803571,4.857247488839286,5.621512276785714,0.20292335056862526,0.06780534386151206,0.06074267363466958,0.0659911953869443,0.0563972595920368,0.12707812186700282,-0.00011136478217905754,0.0005817032843881496,0.5863954718678536,4.8586356026785715,0.22177400688474908,5.05986328125,-0.00024046903562215948,0.0005570212725480699,0.20865469337493564,4.876513671875,0.18097305888619494,4.85,-5.208984410252082e-05,0.0008030850451807973,1.850056347090927,5.848280552455357,1.0783876217790302,4.850048828125,-0.00011094701514261285,0.001210468971103764,-0.6807656777527423,7.9110693359375,2.255084811983733,7.4160546875,-0.24882872431516037,0,-1.6133296072216181,-1.2150720310526637,4.464285714285714,-0.05573763424659592,28.052829211210636,0,LONG,-1.0
4483.10009765625,4483.39990234375,4479.7001953125,4482.7001953125,742,3.69970703125,4.428536551339286,3.9998046875,4.74501953125,0.09879171834802039,-0.06464915018316533,-0.23368644938086786,-0.026755883435821325,4484.888902395356,-3.466944643997522,4487.244728275327,-2.5760641263359503,4494.46161105897,-2.468123676771029,4520.085385432662,-1.8843040869614924,-0.1012766906647869,-0.2616868662874008,12,0,0,0,True,0,0,3.69970703125,0.39990234375,0.10809027319519598,0.2998046875,3.0,0.04551920677727876,0.07942015426309992,0.569508673799874,-2.89990234375,-10.5,28.225171300307167,-2.783342821876431,-2.3942905218210173,-0.3890523000554138,4498.228371969892,4478.221628030109,0.44576071698238406,0.2238528816018627,21.765854779411764,22.098712122892653,602.05,1.2324557760983308,4482.89990234375,-0.006698183343763621,4482.7998046875,-0.05573763424659592,4485.2998046875,-0.09578343004302152,4485.60009765625,-0.16914665107018265,4571.7998046875,4490.2998046875,81.5,-89.099609375,-7.599609375,4493.2001953125,4.328543526785714,4.464285714285714,4.971470424107143,4.950090680803571,5.007254464285714,0.008911828757254174,0.05468127041088573,0.05817032843881496,0.06780534386151206,0.0659911953869443,0.022329916299789723,-0.00012924886540608416,0.0004551920677727876,0.438112435528751,4.622872488839286,0.30010845362806116,3.9998046875,-0.00023379852683726998,0.0005456943323007162,0.1134867329485496,4.742201450892857,0.24751686562181843,4.63994140625,-1.3080279747762492e-05,0.0007942015426309992,1.759074016107368,5.553274972098214,1.0298228707744759,4.7350341796875,-6.123639499811651e-05,0.0011789353881344646,-0.7864337953263139,7.776065150669643,2.3606064050561737,7.1800390625,-0.28630112459917056,0,-1.629631527250361,-1.0251536501067076,4.428536551339286,-0.06464915018316533,29.24151761746897,0,LONG,-1.0
4469.39990234375,4469.89990234375,4444.60009765625,4449.7001953125,4889,25.2998046875,7.435721261160714,10.79990234375,6.589990234375,0.16710611804799375,-0.5897969609208106,-0.7560866626234303,-0.4296293819689397,4469.828959056642,-10.865941438175469,4474.44240528808,-5.602151310181398,4480.858815082945,-3.1984087238188295,4508.103941436961,-2.122591840147834,-0.5529674478844346,-0.6953716029963294,14,40,0,0,False,1,1,25.2998046875,19.69970703125,0.7786505577643108,0.5,5.10009765625,0.1841078580884238,0.12000615922392319,1.3202903490619367,-26.39990234375,-33.89990234375,20.93011252193662,-4.044317163825326,-1.7460733271505275,-2.2982438366747986,4492.686250481364,4459.933769049886,0.7316848332672397,-0.31245185983223,11.564821683625453,17.073500704885344,998.05,4.898552176744652,4469.5,-0.20764055311797702,4470.7001953125,-0.35438643956825866,4471.89990234375,-0.3254228832330325,4476.10009765625,-0.16727629219029902,4571.7998046875,4490.2998046875,81.5,-122.099609375,-40.599609375,4483.60009765625,5.821463448660714,5.564313616071429,5.342912946428571,4.964320591517857,4.921421595982143,0.14966149475426754,0.03191576140722654,0.0652658547899937,0.07120212709164087,0.08755445056509659,0.03933548626671268,-0.0011810271624087764,0.001841078580884238,-2.0940530196517892,5.845744977678573,0.9315702886158054,10.79990234375,-0.0007577484737788076,0.0014304716616070873,-2.2205987945668113,5.3814453125,0.7996867719993577,8.769970703125,-0.0002145688871969309,0.001200061592239232,-2.4185673206312184,6.015726143973215,0.9725389000655658,6.57998046875,-0.0001463345401555949,0.001047927351918499,-1.6229451149808103,5.631883370535714,0.9885325999968643,6.03001953125,-4.385565802086846,1,-0.8629169342830629,-3.309079609674252,7.435721261160714,-0.5897969609208106,32.50527666493875,0,LONG,-1.0
4449.2001953125,4449.60009765625,4434.2001953125,4437.0,3658,15.5,8.092843191964286,12.819921875,6.95,0.18239448257751378,-0.7870889892047945,-1.0592039246292786,-0.8513797864812949,4463.2631672453135,-15.732792213040739,4470.876461927311,-8.421012643735594,4479.13886155028,-4.453380746904259,4507.396439532115,-2.4517222229569597,-0.7577141130110118,-0.9407804234873708,14,45,0,0,False,1,1,15.39990234375,12.2001953125,0.7922254985890484,0.39990234375,2.7998046875,0.1966936738564873,0.12745362668023658,1.4310164448666625,-35.2001953125,-47.5,10.376122427588129,-6.516189298376048,-2.700096521395632,-3.8160927769804163,4498.444853788953,4450.365155976671,1.0745495269161693,-0.27797920088543604,5.13725630733945,11.314437384509077,1121.25,3.2624303232998884,4449.7001953125,-0.5897969609208106,4469.5,-0.20764055311797702,4470.7001953125,-0.35438643956825866,4472.2001953125,-0.2742737136247073,4571.7998046875,4490.2998046875,81.5,-134.7998046875,-53.2998046875,4484.5,7.435721261160714,5.821463448660714,5.564313616071429,5.064313616071429,4.728550502232143,0.16304396428693732,0.1841078580884238,0.03191576140722654,0.0652658547899937,0.0842351387982615,0.03778749337738211,-0.0015776064413250078,0.001966936738564873,-0.9501451401365056,6.451450892857143,1.2324477619617626,12.79990234375,-0.0010632363272969347,0.001526046093648642,-1.4616272037124824,5.717874581473214,1.1327964756432163,9.969970703125,-0.0004266478131443485,0.0012745362668023657,-2.0944370250886197,6.072867257254464,1.0599655576537537,6.9349853515625,-0.0002123415072076762,0.0011118368899683817,-1.4834267991514547,5.655311104910714,1.0326162520926523,6.250009765625,-6.3697877677560735,1,-1.0209514044672916,-4.154260053831394,8.092843191964286,-0.7870889892047945,35.2867513807879,0,LONG,-1.0
4436.2998046875,4438.10009765625,4426.2001953125,4430.2001953125,4041,11.89990234375,8.67138671875,13.4798828125,7.3449951171875,0.1957335184970875,-0.9324830148679072,-1.2548713849882982,-0.943558446308331,4456.650572858751,-20.92617517668259,4467.002531773519,-11.590412109213503,4477.2196981684065,-5.914020993349368,4506.628317699085,-2.842249434979749,-0.8238709559541588,-1.0501942282426246,14,50,0,0,False,1,1,11.89990234375,6.099609375,0.5125764227975873,1.80029296875,4.0,0.17865076576515346,0.12980343653059542,1.5259554698371143,-41.69970703125,-56.2998046875,7.780028806128428,-8.92101725010707,-3.9442806671379196,-4.976736582969151,4503.4351005999015,4441.154938462598,1.3925772308247997,-0.17589458302865052,6.4,7.700692663654873,1287.85,3.137787785844625,4437.0,-0.7870889892047945,4449.7001953125,-0.5897969609208106,4469.5,-0.20764055311797702,4471.89990234375,-0.3254228832330325,4571.7998046875,4490.2998046875,81.5,-141.599609375,-60.099609375,4486.5,8.092843191964286,7.435721261160714,5.821463448660714,5.342912946428571,4.828543526785714,0.11604212034777334,0.1966936738564873,0.1841078580884238,0.03191576140722654,0.07120212709164087,0.022003762802517767,-0.0018706817305583767,0.0017865076576515345,-0.690455309160972,7.117145647321429,1.3747018863795901,13.45986328125,-0.0012610866903577157,0.0014341236865422023,-1.4068245211865178,6.102158900669643,1.41439545536736,10.4099609375,-0.00047310485948293124,0.0012980343653059543,-1.8993986839924188,6.157863071986608,1.1953273644242342,7.339990234375,-0.00029472615293278046,0.0010511579117397972,-1.9535031616516076,5.682594866071429,1.093387166620889,6.252001953125,-8.085920830585529,1,-1.17826210804266,-4.209145997477269,8.67138671875,-0.9324830148679072,38.11662267843674,0,LONG,-1.0
4430.5,4441.89990234375,4426.2998046875,4440.89990234375,2799,15.60009765625,9.585693359375,15.419921875,7.8900146484375,0.21585024589984586,-0.6665688072753215,-1.0185930173802045,-0.7620133554469274,4453.500438755751,-22.70099873509571,4464.516567065922,-13.324686476788884,4475.795392449792,-6.850737541404669,4505.974303615947,-3.1104886741213704,-0.5289859353728981,-0.7796489125688705,14,55,0,0,False,1,1,15.60009765625,10.39990234375,0.6666562333719365,1.0,4.2001953125,0.2604185053942084,0.1434079191140864,1.671805830836542,-29.80029296875,-45.7001953125,21.5577483344765,-9.849939816633196,-5.125412497036975,-4.724527319596221,4504.699105004748,4436.4809242921265,1.525932382282796,0.06477713133745194,23.51953125,11.685595852446388,1395.1,2.006307791556161,4430.2001953125,-0.9324830148679072,4437.0,-0.7870889892047945,4449.7001953125,-0.5897969609208106,4470.7001953125,-0.35438643956825866,4571.7998046875,4490.2998046875,81.5,-130.89990234375,-49.39990234375,4486.60009765625,8.67138671875,8.092843191964286,7.435721261160714,5.564313616071429,4.864292689732143,0.09593943190174024,0.17865076576515346,0.1966936738564873,0.1841078580884238,0.0652658547899937,0.023952482981593158,-0.0013339914468649238,0.002604185053942084,0.48865992444060513,7.921421595982143,1.4148641796212151,15.39990234375,-0.0010218003149234489,0.0018198169911015753,-0.08848313271217936,6.574298967633929,1.7119893456947604,11.249951171875,-0.0003814143888734578,0.001434079191140864,-1.1674199335087942,6.290004185267858,1.4129457855134968,7.885009765625,-0.00023174196902478794,0.0011166087021625775,-1.501023079566494,5.733736049107144,1.2110955086271993,6.477998046875,-6.389524189465564,1,-1.176631148214212,-2.450708050702646,9.585693359375,-0.6665688072753215,40.015396603722316,0,LONG,-1.0
4440.60009765625,4440.60009765625,4418.2001953125,4419.60009765625,4631,22.69970703125,10.957101004464286,18.19990234375,8.8849853515625,0.2479206435504182,-1.1164537944680615,-1.321776136751898,-1.2181220538304391,4446.7203705358515,-28.14077945682584,4460.238808074524,-16.80804036888094,4473.5916553990655,-8.538940082672525,4505.114858780527,-3.5760549792921665,-0.9111330618599256,-1.206895083453906,15,0,0,0,False,1,1,22.39990234375,21.0,0.9375040871934605,0.0,1.39990234375,0.2910282264830603,0.17392954839503147,1.8832579339588282,-49.89990234375,-59.19970703125,14.98883463506887,-12.164607844491911,-6.533251566527962,-5.631356277963949,4508.815385549881,4426.914643746994,1.8331068985827754,-0.08930988816131358,1.9856770833333333,10.63506944444435,1610.85,2.874879721885961,4440.89990234375,-0.6665688072753215,4430.2001953125,-0.9324830148679072,4437.0,-0.7870889892047945,4469.5,-0.20764055311797702,4571.7998046875,4490.2998046875,81.5,-152.19970703125,-70.69970703125,4478.7998046875,9.585693359375,8.67138671875,8.092843191964286,5.821463448660714,5.200020926339286,-0.066937394143806,0.2604185053942084,0.17865076576515346,0.1966936738564873,0.03191576140722654,0.09130260555569283,-0.0022395560821753422,0.0029102822648306033,1.246662377934224,8.948549107142856,1.3727648393630338,18.119921875,-0.0013275708852328316,0.0021757141297323824,-0.24109804255365466,7.150006975446429,2.1182824314528736,12.429931640625,-0.000611173673799309,0.0017392954839503148,-1.1678069184862154,6.488929966517857,1.7539147100586314,8.864990234375,-0.0003307845593596004,0.0012879999925830981,-1.6839883239436977,5.818162667410714,1.4127259852822935,6.88,-12.23309699280396,1,-1.2186478265648075,-3.6750996157955425,10.957101004464286,-1.1164537944680615,42.076382794046054,0,LONG,-1.0
4419.89990234375,4422.7001953125,4405.10009765625,4410.89990234375,5729,17.60009765625,11.971400669642858,16.6599609375,9.5050048828125,0.27140494988974484,-0.8719754425168655,-1.456629518777736,-1.4742344354281325,4439.556276897431,-30.27268215921049,4455.539864671593,-18.902540616487386,4471.13315527925,-9.725659803694725,4504.177396527426,-3.926544909534641,-1.0018979446642955,-1.3471585578787786,15,5,0,0,False,1,1,17.60009765625,9.0,0.5113607990012484,2.80029296875,5.7998046875,0.2643043677634745,0.17389305454997725,2.0169820813644526,-38.80029296875,-65.2001953125,12.903067025659453,-14.533498855982543,-8.133301024418879,-6.4001978315636645,4512.492648672208,4416.6373806246675,2.1470236794186004,-0.05985563858704034,6.9375573116527365,10.814255214995262,1876.3,3.053349677556894,4419.60009765625,-1.1164537944680615,4440.89990234375,-0.6665688072753215,4430.2001953125,-0.9324830148679072,4449.7001953125,-0.5897969609208106,4571.7998046875,4490.2998046875,81.5,-160.89990234375,-79.39990234375,4476.10009765625,10.957101004464286,9.585693359375,8.67138671875,7.435721261160714,4.964320591517857,-0.16727629219029902,0.2910282264830603,0.2604185053942084,0.17865076576515346,0.1841078580884238,0.08755445056509659,-0.0017472692931494338,0.002643043677634745,0.9572073796841092,9.855684988839286,1.6025323050401807,16.57998046875,-0.0014641482277791052,0.002168014356965258,-0.015870660266076073,7.850714983258929,2.4481916046574796,13.68994140625,-0.0007408901041129734,0.0017389305454997724,-0.9682669772850329,6.743214634486607,2.140523279553175,9.485009765625,-0.00036793008433480437,0.0013081639188932982,-1.5603688466429262,5.9353034319196425,1.6591271766950653,7.162001953125,-10.438767396458532,1,-1.3025452107035733,-3.691524215277964,11.971400669642858,-0.8719754425168655,44.36958516869429,0,LONG,-1.0
4410.2998046875,4419.2998046875,4407.2001953125,4418.10009765625,3305,12.099609375,12.299944196428571,15.9798828125,9.9749755859375,0.27839894806714643,-0.42596128789159343,-1.2096975827011183,-1.3200235655784636,4435.265041049195,-27.998126196118392,4451.974172574894,-18.90228935241703,4469.0534275293285,-10.085434020951652,4503.320905991395,-4.075533540720244,-0.7608776153131143,-1.1401369596345934,15,10,0,0,False,1,1,12.099609375,7.80029296875,0.6446731234866828,1.19970703125,3.099609375,0.29203433134779766,0.18109423237523656,2.026726557080848,-18.89990234375,-54.10009765625,17.24139543802704,-15.649469123747622,-9.636534644284628,-6.012934479462993,4513.390367011307,4409.829652519944,2.3211512047150684,0.07986083503697579,15.550221069661767,8.15781848821585,2024.75,1.6323002839856773,4410.89990234375,-0.8719754425168655,4419.60009765625,-1.1164537944680615,4440.89990234375,-0.6665688072753215,4437.0,-0.7870889892047945,4571.7998046875,4490.2998046875,81.5,-153.69970703125,-72.19970703125,4472.2001953125,11.971400669642858,10.957101004464286,9.585693359375,8.092843191964286,5.064313616071429,-0.2742737136247073,0.2643043677634745,0.2910282264830603,0.2604185053942084,0.1966936738564873,0.0842351387982615,-0.0008499626900134949,0.002920343313477977,-0.21864539424230814,10.697105189732143,1.5491361508524846,15.919921875,-0.0012137845656692513,0.0023784365635252424,-0.10404465789121567,8.574278041294644,2.597839962155667,14.359912109375,-0.0006626256964074873,0.0018109423237523657,-0.8750164893760418,7.017855398995536,2.475347564066792,9.95498046875,-0.00033795405530914204,0.001336749814742643,-1.4623715950151726,6.0688720703125,1.8865831577709276,7.329990234375,-5.239300070905444,1,-1.3885636131092391,-2.7330477381315386,12.299944196428571,-0.42596128789159343,46.4989873737248,0,LONG,-1.0
4418.10009765625,4425.0,4411.39990234375,4415.7001953125,3007,13.60009765625,12.757080078125,16.319921875,10.3399658203125,0.28890276771206785,-0.32729897884393894,-1.2567299863262902,-1.4638522802331129,4431.352071901856,-25.298500956894713,4448.519508073713,-18.483023699805926,4466.961143912983,-10.258554255423405,4502.449058123943,-4.179259575141259,-0.7377580946121192,-1.147557521746861,15,15,0,0,False,1,1,13.60009765625,2.39990234375,0.17646214052346246,6.89990234375,4.30029296875,0.2895949044198372,0.17730078797025633,2.0502672565417286,-14.5,-56.19970703125,16.775962035685353,-16.536908476356075,-11.01660941069892,-5.520299065657156,4513.084184601576,4403.575873992174,2.4562629928649122,0.11071599272105909,12.771201995481928,11.752993458932048,2147.8,1.4000372474159604,4418.10009765625,-0.42596128789159343,4410.89990234375,-0.8719754425168655,4419.60009765625,-1.1164537944680615,4430.2001953125,-0.9324830148679072,4571.7998046875,4490.2998046875,81.5,-156.099609375,-74.599609375,4471.89990234375,12.299944196428571,11.971400669642858,10.957101004464286,8.67138671875,5.342912946428571,-0.3254228832330325,0.29203433134779766,0.2643043677634745,0.2910282264830603,0.17865076576515346,0.07120212709164087,-0.0006520976479585272,0.002895949044198372,-0.5605549135092354,11.514243861607143,1.2649777100086517,16.2599609375,-0.0012613896892584519,0.002357609189781476,-0.04387687811079459,9.315694754464285,2.630928802999633,14.859912109375,-0.0007355687688417545,0.0017730078797025635,-0.8364062690892065,7.305351911272322,2.788180562308344,10.319970703125,-0.00035326878605695055,0.0013345820189510176,-1.4352994124101857,6.222154715401786,2.104443909795763,7.5219921875,-4.1753792826006695,1,-1.4456000688505923,-2.553655336896594,12.757080078125,-0.32729897884393894,47.489889732320066,0,LONG,-1.0
4415.7001953125,4416.7998046875,4408.10009765625,4408.89990234375,2091,8.69970703125,12.621337890625,14.93984375,10.5849365234375,0.2862695495517047,-0.7205746741355626,-1.3823403553999707,-1.6375500422124785,4426.861637990235,-26.638800765515953,4444.746212289907,-19.770354776014756,4464.684232478896,-11.111159970896551,4501.518220752996,-4.456082862951007,-0.8064872151089386,-1.2494574583648241,15,20,0,0,False,1,1,8.69970703125,6.80029296875,0.7816691923443901,1.099609375,0.7998046875,0.2334395999880776,0.1766652396035048,1.9799927602142695,-32.0,-61.80029296875,16.9346754560615,-17.58621443415359,-12.330530415389854,-5.255684018763736,4512.4072022943365,4396.9128660650385,2.5926633086056783,0.10378895338134042,4.999743009868421,11.107055358337277,2226.1,0.9393109024751809,4415.7001953125,-0.32729897884393894,4418.10009765625,-0.42596128789159343,4410.89990234375,-0.8719754425168655,4440.89990234375,-0.6665688072753215,4571.7998046875,4490.2998046875,81.5,-162.89990234375,-81.39990234375,4470.7001953125,12.757080078125,12.299944196428571,11.971400669642858,9.585693359375,5.564313616071429,-0.35438643956825866,0.2895949044198372,0.29203433134779766,0.2643043677634745,0.2604185053942084,0.0652658547899937,-0.0014431377637112775,0.002334395999880776,-0.2629533485872015,12.121372767857142,0.7183308834862341,14.8798828125,-0.0013885646052881006,0.0023322502299029622,0.14842425214479885,10.021397181919642,2.4533499599769732,15.139892578125,-0.0008237275443651937,0.001766652396035048,-0.6938491180376939,7.584275599888393,3.0291557337112627,10.56494140625,-0.00037784004224670874,0.0013450651047706812,-1.3595100041849029,6.374436383928572,2.282674772197777,7.611982421875,-9.09461643769194,1,-1.5797073465403944,-2.8172301817356744,12.621337890625,-0.7205746741355626,48.54333139655195,0,LONG,-1.0
4408.2998046875,4415.2001953125,4406.0,4409.5,2008,9.2001953125,12.921351841517858,12.23994140625,10.9049560546875,0.2930343993994298,-0.22852967311694475,-1.3424320393780065,-1.6131868409624601,4423.389310392188,-23.331060143663308,4441.389430167059,-18.84937790746517,4462.520144930704,-11.071510468361339,4500.6026165664,-4.512242214127582,-0.71800572024731,-1.1881211335467823,15,25,0,0,False,1,1,9.2001953125,1.2001953125,0.13045324275554612,5.7001953125,2.2998046875,0.14302425849385794,0.1772764394620436,1.9766906079918525,-10.10009765625,-60.0,17.857126024517726,-18.160036503335505,-13.496431632978986,-4.663604870356519,4510.660463579022,4391.429624311603,2.67871562948136,0.1515579006188775,6.153709571678322,7.974884859009461,2306.15,0.8707152613663465,4408.89990234375,-0.7205746741355626,4415.7001953125,-0.32729897884393894,4418.10009765625,-0.42596128789159343,4419.60009765625,-1.1164537944680615,4571.7998046875,4490.2998046875,81.5,-162.2998046875,-80.7998046875,4469.5,12.621337890625,12.757080078125,12.299944196428571,10.957101004464286,5.821463448660714,-0.20764055311797702,0.2334395999880776,0.2895949044198372,0.29203433134779766,0.2910282264830603,0.03191576140722654,-0.00045665942094050835,0.0014302425849385795,0.6546538763877644,12.514222935267858,0.3797296873331291,12.23994140625,-0.0013481077515579254,0.0023572146489882527,0.1020718501358931,10.731386021205358,2.1055425898731603,15.179931640625,-0.0008113445244483875,0.001772764394620436,-0.7044909324675248,7.93070068359375,3.227280473612621,10.8849609375,-0.00037778679539634874,0.0013450858106497457,-1.3595525942246955,6.536861049107143,2.451089464316441,7.71998046875,-2.952912312571108,1,-1.6353331309925152,-2.4502437997684003,12.921351841517858,-0.22852967311694475,49.60587522740787,0,LONG,-1.0
4409.2998046875,4409.60009765625,4385.2998046875,4400.5,7695,24.30029296875,14.271379743303571,13.57998046875,11.944970703125,0.32431268590622814,-0.23577733736882053,-1.1056968594048098,-1.8534234955452342,4418.811448313751,-20.744828583680828,4437.495198722578,-18.044665949015325,4460.0879823844025,-11.045172894847383,4499.606570630415,-4.570825897010764,-0.833695521140564,-1.336027060895472,15,30,0,0,False,1,1,24.30029296875,8.7998046875,0.3621275142162477,0.30029296875,15.2001953125,0.1449638159231182,0.17689358671908822,2.121191731235502,-10.39990234375,-49.2001953125,17.019288646919833,-19.120608933567382,-14.621267093096666,-4.499341840470716,4508.502034408203,4385.278043716798,2.7710150151898922,0.12353078485603773,16.926665615433553,9.360039398993337,2662.0,2.8906836964688205,4409.5,-0.22852967311694475,4408.89990234375,-0.7205746741355626,4415.7001953125,-0.32729897884393894,4410.89990234375,-0.8719754425168655,4571.7998046875,4490.2998046875,81.5,-171.2998046875,-89.7998046875,4449.7001953125,12.921351841517858,12.621337890625,12.757080078125,11.971400669642858,7.435721261160714,-0.5897969609208106,0.14302425849385794,0.2334395999880776,0.2895949044198372,0.2643043677634745,0.1841078580884238,-0.0004711593513366141,0.001449638159231182,0.6074286262777825,12.97421875,0.760220663669606,13.57998046875,-0.001109214322243024,0.002119215372551324,0.1380523035499659,11.414951869419642,2.024771949665606,15.07998046875,-0.0009334813980109158,0.0017689358671908822,-0.5170421243218403,8.39819859095982,3.438702404404882,11.9249755859375,-0.0003999166325520709,0.0013634103004924096,-1.2918885439701127,6.728000837053571,2.6690164724581136,8.09998046875,-3.3648679164554376,1,-1.5830833506077646,-2.570653438396853,14.271379743303571,-0.23577733736882053,51.24371598603789,0,LONG,-1.0
4400.10009765625,4407.7998046875,4391.2001953125,4392.0,3413,16.599609375,14.8427734375,14.47998046875,12.6049560546875,0.3379502148793261,-0.5907538778964242,-1.0141987829614605,-2.062660274278069,4413.449158651001,-21.815882398193935,4433.162322653761,-18.811849921132307,4457.417865428151,-11.635562101177129,4498.535858484839,-4.785047506556111,-0.9285092594832142,-1.4676179663462563,15,35,0,0,False,1,1,16.599609375,8.10009765625,0.487969172843864,7.69970703125,0.7998046875,0.09451862660023776,0.1761220561862539,2.142521920256894,-26.10009765625,-45.0,15.82550509375092,-20.333358171685177,-15.763685308814368,-4.569672862870808,4505.845531082803,4378.684547042198,2.862525826857048,0.10471335259210017,7.4612176541914295,10.180530947101007,2807.05,1.2158671915355979,4400.5,-0.23577733736882053,4409.5,-0.22852967311694475,4408.89990234375,-0.7205746741355626,4418.10009765625,-0.42596128789159343,4571.7998046875,4490.2998046875,81.5,-179.7998046875,-98.2998046875,4437.0,14.271379743303571,12.921351841517858,12.621337890625,12.299944196428571,8.092843191964286,-0.7870889892047945,0.1449638159231182,0.14302425849385794,0.2334395999880776,0.29203433134779766,0.1966936738564873,-0.0011839519378020968,0.0009451862660023776,0.7256910048436945,13.482784598214286,1.0069007109213546,14.47998046875,-0.0010169573139077958,0.0020538852242127825,0.059334894119476504,12.089944893973215,1.916440909579447,15.199951171875,-0.0010400968206023653,0.001761220561862539,-0.34808614538980737,8.903909737723215,3.6100748124153585,12.5849609375,-0.0004193919201828256,0.0013784145592606767,-1.2337613543940298,6.927711356026785,2.8905701693047803,8.313974609375,-8.768425966941164,1,-1.6341651293489974,-2.7474734993577754,14.8427734375,-0.5907538778964242,52.76456811905148,0,LONG,-1.0
4391.60009765625,4393.39990234375,4375.39990234375,4392.39990234375,5697,18.0,15.707066127232142,15.3599609375,13.1299560546875,0.35759645015133923,-0.5276692696094833,-0.8532411923223172,-2.09740549774323,4409.239307389551,-22.112764512305148,4429.280187386142,-19.239320687571308,4454.868141385626,-12.093002527357385,4497.4797793192565,-4.969278804686837,-0.8326473711782942,-1.4022466447782624,15,40,0,0,False,1,1,18.0,0.7998046875,0.04443359375,1.0,16.2001953125,0.10849105919372765,0.17471907278099527,2.1992111118240736,-23.30029296875,-37.80029296875,16.278971960651546,-21.019897608070096,-16.814927768665516,-4.20496983940458,4501.284496570466,4373.835571788908,2.8720495903131584,0.1456609428966183,17.08542713567839,13.824436801767698,3019.4,1.8867987017288201,4392.0,-0.5907538778964242,4400.5,-0.23577733736882053,4409.5,-0.22852967311694475,4415.7001953125,-0.32729897884393894,4571.7998046875,4490.2998046875,81.5,-179.39990234375,-97.89990234375,4430.2001953125,14.8427734375,14.271379743303571,12.921351841517858,12.757080078125,8.67138671875,-0.9324830148679072,0.09451862660023776,0.1449638159231182,0.14302425849385794,0.2895949044198372,0.17865076576515346,-0.0010571018844624635,0.0010849105919372764,0.4823933534924199,14.072781808035714,1.2976607702402772,15.3599609375,-0.0008545997662104954,0.002072686890523455,-0.2133222635194143,12.79351283482143,1.810514334043748,15.8099609375,-0.0010578432282841055,0.0017471907278099527,-0.34279580208844246,9.447835867745535,3.779288273861019,13.1099609375,-0.0004082086905062887,0.0013802782551788468,-1.253014202796107,7.142136579241071,3.131217277267951,8.547978515625,-8.288136111064441,1,-1.6290727875093618,-2.3284553602976414,15.707066127232142,-0.5276692696094833,54.53135879761132,0,LONG,-1.0
4392.2998046875,4403.89990234375,4391.7998046875,4395.60009765625,3287,12.10009765625,15.942801339285714,16.0400390625,13.374951171875,0.3626990851098232,-0.3016581229351541,-1.0200591250343733,-2.028261891393828,4406.511465442891,-20.3501725473443,4426.0725597928185,-18.67365249708837,4452.543904376631,-12.140328102264903,4496.466051143505,-5.052169609491102,-0.6884763348297872,-1.2789050022484452,15,45,0,0,False,1,1,12.10009765625,3.30029296875,0.27274928372543483,8.2998046875,0.5,0.12878510893270734,0.1777053329350952,2.1655557292628966,-13.2998046875,-45.2998046875,18.713022338538636,-21.062955402439,-17.664533295420213,-3.3984221070187886,4494.961614942805,4371.058453416571,2.7950119799167483,0.19807117056075185,21.375868055555557,15.307504281808363,3125.6,1.0516380854875864,4392.39990234375,-0.5276692696094833,4392.0,-0.5907538778964242,4400.5,-0.23577733736882053,4408.89990234375,-0.7205746741355626,4571.7998046875,4490.2998046875,81.5,-176.19970703125,-94.69970703125,4440.89990234375,15.707066127232142,14.8427734375,14.271379743303571,12.621337890625,9.585693359375,-0.6665688072753215,0.10849105919372765,0.09451862660023776,0.1449638159231182,0.2334395999880776,0.2604185053942084,-0.0006033815745383198,0.0012878510893270733,-0.43156758701063985,14.737074497767855,1.216506639130305,16.0400390625,-0.0010232596691247986,0.0018316609521687338,-0.6631381958616266,13.4292236328125,1.669607056048895,15.4599609375,-0.0010225299920241238,0.001777053329350952,-0.34577532899114055,10.001761300223214,3.882595564274794,13.3549560546875,-0.00040434338087369515,0.0013832418205113875,-1.2486571899793402,7.361990792410714,3.352280373670174,8.687978515625,-4.8092755263369895,1,-1.6603948089463192,-1.8982025681738914,15.942801339285714,-0.3016581229351541,54.71980202036465,0,LONG,-1.0
4395.2998046875,4398.0,4387.2998046875,4387.7001953125,2311,10.7001953125,14.899972098214286,16.3400390625,13.3799560546875,0.33958500888762483,-0.4943826893638734,-0.7217825513368682,-2.0340183385659567,4402.749211416813,-20.640098975375622,4422.418048889931,-18.971381277127875,4450.001013825097,-12.519131105606903,4495.383803821804,-5.218812744596107,-0.7850423273789218,-1.4000180745811839,15,50,0,0,False,1,1,10.7001953125,7.599609375,0.7102309026193301,2.7001953125,0.400390625,0.1300490807756378,0.17783451561019073,1.970489246928946,-21.7998046875,-31.89990234375,20.809846527324396,-21.48684810177383,-18.428996256690937,-3.0578518450828938,4489.622319946671,4367.287787475203,2.76246526130947,0.1668572840792744,16.577170608441584,18.346155266558416,3196.5,0.7229782574691068,4395.60009765625,-0.3016581229351541,4392.39990234375,-0.5276692696094833,4392.0,-0.5907538778964242,4409.5,-0.22852967311694475,4571.7998046875,4490.2998046875,81.5,-184.099609375,-102.599609375,4419.60009765625,15.942801339285714,15.707066127232142,14.8427734375,12.921351841517858,10.957101004464286,-1.1164537944680615,0.12878510893270734,0.10849105919372765,0.09451862660023776,0.14302425849385794,0.2910282264830603,-0.0009900495865444725,0.001300490807756378,0.7233292189572826,15.132798549107141,0.6830543265294136,16.3400390625,-0.0007233545037424905,0.0013190376729195926,0.577900953338035,13.8235107421875,1.475178972462967,14.289990234375,-0.001025462694487661,0.0017783451561019072,-0.34054233133096523,10.486758858816964,3.8569672007484126,13.3599609375,-0.00042869488447295324,0.0013970397777800852,-1.1785746570923226,7.561559709821429,3.4978865593328963,8.81998046875,-7.366288277361855,1,-1.8512091669266952,-2.3117696801471803,14.899972098214286,-0.4943826893638734,55.04838886211514,0,LONG,-1.0
4387.7998046875,4393.5,4377.2001953125,4378.60009765625,2571,16.2998046875,14.957101004464286,14.73994140625,13.9449462890625,0.34159550246368536,-0.4976685000284059,-0.7322724478589361,-2.1782354700032824,4397.9193886647,-20.89205964905068,4418.244910677199,-19.25028804537851,4447.200977896908,-12.887004487494778,4494.221776894784,-5.38479373563132,-0.8972977691920816,-1.5425630769018954,15,55,0,0,False,1,1,16.2998046875,9.19970703125,0.5644059672877598,5.7001953125,1.39990234375,0.1307214905616416,0.17903287232514623,1.927145496901109,-21.89990234375,-32.2998046875,21.54003569303987,-22.30002711683119,-19.20320242871899,-3.0968246881122,4484.2985024979625,4362.861604923912,2.745217586198706,0.12960223002025492,4.812323778195489,14.255120814064115,3275.95,0.7848105129809674,4387.7001953125,-0.4943826893638734,4395.60009765625,-0.3016581229351541,4392.39990234375,-0.5276692696094833,4400.5,-0.23577733736882053,4571.7998046875,4490.2998046875,81.5,-193.19970703125,-111.69970703125,4410.89990234375,14.899972098214286,15.942801339285714,15.707066127232142,14.271379743303571,11.971400669642858,-0.8719754425168655,0.1300490807756378,0.12878510893270734,0.10849105919372765,0.1449638159231182,0.2643043677634745,-0.0009966403786157763,0.001307214905616416,0.7164191668100065,15.269942801339287,0.5150333461442353,14.73994140625,-0.0007338998649761951,0.0013304707681341666,0.5614074938562623,14.122080775669641,1.3560011275046275,14.1599609375,-0.00109902404637765,0.0017903287232514623,-0.20922547926509816,10.986397879464286,3.7496777070575678,13.924951171875,-0.0004804350330364593,0.0014093034117319248,-1.0734616437659668,7.761272321428571,3.629573879771264,9.043984375,-7.443678021665105,1,-1.9359411433449525,-2.6267844942937217,14.957101004464286,-0.4976685000284059,55.6679644370188,0,LONG,-1.0
4378.60009765625,4379.7001953125,4356.2998046875,4360.0,6405,23.400390625,15.778564453125,16.10009765625,14.844970703125,0.36189368011754586,-0.7285974499089253,-1.3150471101157581,-2.508836599714425,4390.33551093176,-23.11364771924127,4412.69777632699,-20.464546326771597,4443.781331704872,-13.636533723279172,4492.88623682618,-5.649621658659271,-1.1942303551741063,-1.885361259950412,16,0,0,0,False,1,1,23.400390625,18.60009765625,0.7948626992738502,1.10009765625,3.7001953125,0.19658995104277727,0.19220885004420407,1.9753928119407949,-32.0,-58.10009765625,19.31820121899169,-24.166770293606533,-20.195916001696496,-3.9708542919100367,4480.480722576382,4355.459365314244,2.8298371428180147,0.03631887211267176,4.322653143877382,8.570715843504724,3530.4,1.8142420122365737,4378.60009765625,-0.4976685000284059,4387.7001953125,-0.4943826893638734,4395.60009765625,-0.3016581229351541,4392.0,-0.5907538778964242,4571.7998046875,4490.2998046875,81.5,-211.7998046875,-130.2998046875,4418.10009765625,14.957101004464286,14.899972098214286,15.942801339285714,14.8427734375,12.299944196428571,-0.42596128789159343,0.1307214905616416,0.1300490807756378,0.12878510893270734,0.09451862660023776,0.29203433134779766,-0.001459911709751105,0.0019658995104277726,-0.42388784538676966,15.457101004464286,0.4904382593251632,16.10009765625,-0.001321931823776601,0.0014614656395206,-0.49738226865566376,14.469942801339286,1.280725839834688,15.2900390625,-0.0012678581947229261,0.0019220885004420409,-0.13273064203558393,11.522110421316963,3.6222673556933116,14.8249755859375,-0.0005542466129400303,0.0015066962847113574,-1.057613718162438,7.987557896205357,3.7698132776172133,9.417998046875,-11.49622182377049,1,-1.9699862728466575,-3.299948080845764,15.778564453125,-0.7285974499089253,56.7468088375485,0,LONG,-1.0
4360.39990234375,4365.39990234375,4344.60009765625,4362.7998046875,5250,20.7998046875,16.149972098214285,16.66005859375,15.4549560546875,0.37017449393076335,-0.6738935050165997,-1.1980068456902162,-2.439681120748476,4384.8283696829085,-24.41093770664247,4407.9455885518,-21.334598834341705,4440.605585547329,-14.262555838296976,4491.591844466591,-5.887934852665239,-1.024191042229547,-1.7521434714458821,16,5,0,0,False,1,1,20.7998046875,2.39990234375,0.11538100380299544,2.60009765625,15.7998046875,0.20863546855127316,0.19517246638449826,1.963764430033248,-29.60009765625,-52.900390625,13.333455594118632,-25.130567334031184,-21.182846268163434,-3.94772106586775,4474.246567450494,4350.783510674507,2.7980200788668195,0.09732704119577726,18.958028157552082,9.364335026541555,3724.25,1.4096798013022755,4360.0,-0.7285974499089253,4378.60009765625,-0.4976685000284059,4387.7001953125,-0.4943826893638734,4392.39990234375,-0.5276692696094833,4571.7998046875,4490.2998046875,81.5,-209.0,-127.5,4415.7001953125,15.778564453125,14.957101004464286,14.899972098214286,15.707066127232142,12.757080078125,-0.32729897884393894,0.19658995104277727,0.1307214905616416,0.1300490807756378,0.10849105919372765,0.2895949044198372,-0.0013496907913094214,0.0020863546855127315,-0.36409846237088145,15.545682198660714,0.5788940738527271,16.66005859375,-0.0012033963378859426,0.0015752829776145467,-0.42752067653890147,14.809232003348217,1.224733812129771,16.010009765625,-0.0012323930135721972,0.0019517246638449826,-0.1461598906037505,12.06246337890625,3.454140086587366,15.4349609375,-0.0005418500576120833,0.0015140687798819751,-1.058511102327996,8.223986467633928,3.90396138749359,9.78599609375,-10.883361303185914,1,-2.0222943294830777,-2.766779070470235,16.149972098214285,-0.6738935050165997,57.967510800623245,0,LONG,-1.0
4362.7998046875,4364.39990234375,4351.89990234375,4361.5,3423,12.5,15.421421595982142,16.7400390625,15.7849609375,0.35358068545184324,-0.7757779802223659,-1.0750959058642369,-2.4425747766981933,4380.162695746327,-26.348769696563977,4403.522199165915,-22.550360626903966,4437.503405721944,-15.040498654687326,4490.297398252994,-6.168652890511112,-0.9542860752211976,-1.7127514904876684,16,10,0,0,False,1,1,12.5,1.2998046875,0.103984375,1.60009765625,9.60009765625,0.18700115543440746,0.1950964849463587,1.8263508051774893,-34.10009765625,-47.39990234375,16.416318097915365,-25.702978866882404,-22.08687278790723,-3.616106078975175,4466.38816596239,4347.721892631359,2.6926433307996156,0.11610803121966791,21.01980456579962,14.7668286224096,3849.0,0.8893219017926735,4362.7998046875,-0.6738935050165997,4360.0,-0.7285974499089253,4378.60009765625,-0.4976685000284059,4395.60009765625,-0.3016581229351541,4571.7998046875,4490.2998046875,81.5,-210.2998046875,-128.7998046875,4408.89990234375,16.149972098214285,15.778564453125,14.957101004464286,15.942801339285714,12.621337890625,-0.7205746741355626,0.20863546855127316,0.19658995104277727,0.1307214905616416,0.12878510893270734,0.2334395999880776,-0.0015549917123752976,0.0018700115543440745,-0.4517836647462081,15.44140625,0.5347530068052614,16.7400390625,-0.0010791866434568087,0.0015946409976588776,-0.6781568343278138,15.08924037388393,0.9605325356456754,16.3900390625,-0.0012338756243724547,0.001950964849463587,-0.14442894658016997,12.555318777901785,3.16966802258929,15.7649658203125,-0.0005469176655706165,0.0015127938335919183,-1.0513874215670738,8.443844168526786,3.994346957339065,9.962001953125,-11.963599297888601,1,-2.2035067483585586,-2.69892025918132,15.421421595982142,-0.7757779802223659,59.10101976633551,0,LONG,-1.0
4361.2998046875,4361.60009765625,4347.10009765625,4351.0,2470,14.5,15.199986049107142,17.5,16.069970703125,0.34934465752946775,-0.8364335227759595,-1.326681029595192,-2.6513032777715626,4374.330156597061,-28.41905481975118,4398.520084959637,-23.89796393029428,4434.111115301475,-15.889898523621923,4488.9113544892825,-6.472449332521137,-1.0803653056428593,-1.8743579748074182,16,15,0,0,False,1,1,14.5,10.2998046875,0.7103313577586207,0.30029296875,3.89990234375,0.19092717074216656,0.1953882084274061,1.755805514567037,-36.7001953125,-58.5,16.08170803864212,-26.69614483858186,-23.008727198042155,-3.687417640539703,4457.81508664202,4344.444971951731,2.575931952376365,0.05781971788752929,7.960087210538142,15.979306644629853,3934.0,0.6278596847991865,4361.5,-0.7757779802223659,4362.7998046875,-0.6738935050165997,4360.0,-0.7285974499089253,4387.7001953125,-0.4943826893638734,4571.7998046875,4490.2998046875,81.5,-220.7998046875,-139.2998046875,4409.5,15.421421595982142,16.149972098214285,15.778564453125,14.899972098214286,12.921351841517858,-0.22852967311694475,0.18700115543440746,0.20863546855127316,0.19658995104277727,0.1300490807756378,0.14302425849385794,-0.0016770315316618767,0.0019092717074216657,-0.14057279320608257,15.501409040178572,0.47195715157263923,17.5,-0.0013335405591031746,0.0015820605290278907,-0.2309394692098929,15.317103794642858,0.5866014451361201,16.92001953125,-0.00134082415533055,0.001953882084274061,0.019138093319149504,13.024244907924105,2.792289526224142,16.0499755859375,-0.0005968504412510023,0.0015324443082794033,-0.9491607955280318,8.6569873046875,4.06563901392592,10.15,-12.713777877200126,1,-2.3415173031641876,-3.092548525811444,15.199986049107142,-0.8364335227759595,60.242370587485524,0,LONG,-1.0
4351.10009765625,4352.10009765625,4316.0,4335.10009765625,6036,36.10009765625,16.914306640625,21.46005859375,16.6099853515625,0.3901710747064326,-0.9934682096975335,-1.4861925313884785,-2.575456606649017,4366.484144808899,-31.435243855800763,4392.480086168838,-25.764824508361016,4430.22833029578,-16.97264760112739,4487.380894222287,-6.840882672497173,-1.3063232476173963,-2.1472534945660278,16,20,0,0,False,1,1,36.10009765625,16.0,0.4432120974395737,1.0,19.10009765625,0.21115067734617476,0.18961829428080693,1.8991146703942494,-43.5,-65.39990234375,7.216494845360813,-28.43840503370484,-24.094662765174697,-4.343742268530143,4454.528628990672,4336.271419837453,2.6904766004541956,-0.009904869137286292,17.52302537270642,15.500972383014632,3991.35,1.51227028449021,4351.0,-0.8364335227759595,4361.5,-0.7757779802223659,4362.7998046875,-0.6738935050165997,4378.60009765625,-0.4976685000284059,4571.7998046875,4490.2998046875,81.5,-236.69970703125,-155.19970703125,4400.5,15.199986049107142,15.421421595982142,16.149972098214285,14.957101004464286,14.271379743303571,-0.23577733736882053,0.19092717074216656,0.18700115543440746,0.20863546855127316,0.1307214905616416,0.1449638159231182,-0.001993093170590976,0.0021115067734617477,0.31210734857932665,15.892850167410714,0.6754353823354443,21.46005859375,-0.001494866774603376,0.0017368996028028529,-0.14702631736074648,15.581396484375,0.6545501576679061,18.1,-0.0013020405484232,0.0018961829428080692,0.09940285118463568,13.498174176897322,2.590971570066466,16.589990234375,-0.0006605676863273624,0.0015920687926976665,-0.8719059712855716,8.906416713169643,4.182702745777528,10.82599609375,-16.80382593653682,1,-2.231734645053551,-3.348078143927719,16.914306640625,-0.9934682096975335,61.745451334298124,1,LONG,1.4189075407880114
4334.60009765625,4348.89990234375,4334.2001953125,4339.2001953125,2872,14.69970703125,16.992850167410715,19.719921875,16.569970703125,0.3916124954494506,-0.4770597405389908,-1.2021813453438068,-2.2041876197318007,4361.027354909619,-29.308156022140793,4387.405810849187,-25.291965477802478,4426.658599512123,-17.122732192749027,4485.906459407264,-6.979777418915546,-1.0987270750629965,-1.975720562892793,16,25,0,0,False,1,1,14.69970703125,4.60009765625,0.3129380501577811,9.69970703125,0.39990234375,0.19994673736064483,0.19226673400204022,1.8563619026906522,-20.7998046875,-52.7998046875,11.246277295708879,-29.152265999940937,-25.106183412127947,-4.04608258781299,4451.305695656709,4329.714372702667,2.769412255238355,0.07801397648595772,23.016111374843778,16.166407986029352,3952.05,0.7267114535494237,4335.10009765625,-0.9934682096975335,4351.0,-0.8364335227759595,4361.5,-0.7757779802223659,4360.0,-0.7285974499089253,4571.7998046875,4490.2998046875,81.5,-232.599609375,-151.099609375,4392.0,16.914306640625,15.199986049107142,15.421421595982142,15.778564453125,14.8427734375,-0.5907538778964242,0.21115067734617476,0.19092717074216656,0.18700115543440746,0.19658995104277727,0.09451862660023776,-0.0009543439492069039,0.0019994673736064483,-0.6014124708013958,16.135707310267854,0.825665283145816,19.719921875,-0.0012071278294790045,0.001888253736307751,-0.38914316130865906,15.796404157366073,0.7333543693693222,17.910009765625,-0.0011120425716934002,0.001922667340020402,-0.11096031688143744,13.943174525669642,2.3684793130970596,16.55498046875,-0.000667093492510693,0.0015846366732614671,-0.8877832849667503,9.153845563616072,4.288625587865606,10.989990234375,-8.106604691882902,1,-2.309959087276356,-2.8056486650202417,16.992850167410715,-0.4770597405389908,63.14116917062411,1,LONG,0.9317644290007895
4338.7001953125,4347.39990234375,4335.60009765625,4346.7998046875,2770,11.7998046875,17.214285714285715,17.919921875,16.5649658203125,0.3960220504225242,-0.3667369743349031,-1.0381590627009656,-1.8825422542584909,4358.181844865196,-26.646524817712816,4383.538572167122,-24.407016384678172,4423.52688206802,-17.078703479308388,4484.522313589157,-7.069530877433863,-0.8381075442769299,-1.7345226880287439,16,30,0,0,False,1,1,11.7998046875,8.099609375,0.6864189356947777,0.60009765625,3.10009765625,0.22648153706418336,0.20224991628001926,1.8300854255910437,-16.0,-45.60009765625,18.793767635872896,-28.77310257890167,-25.839567245482694,-2.933535333418977,4447.114019084585,4325.566010212289,2.7710576121864583,0.17469471258488434,31.04812907925695,23.862421942268952,3888.5,0.7123569499807123,4339.2001953125,-0.4770597405389908,4335.10009765625,-0.9934682096975335,4351.0,-0.8364335227759595,4362.7998046875,-0.6738935050165997,4571.7998046875,4490.2998046875,81.5,-225.0,-143.5,4392.39990234375,16.992850167410715,16.914306640625,15.199986049107142,16.149972098214285,15.707066127232142,-0.5276692696094833,0.19994673736064483,0.21115067734617476,0.19092717074216656,0.20863546855127316,0.10849105919372765,-0.0007324983918769012,0.0022648153706418335,-0.34103066672069693,16.348570033482144,0.9570093826520963,17.919921875,-0.0010410945915931614,0.0020784977024609504,-0.22533958450072206,15.947126116071427,0.8573546794337579,17.289990234375,-0.0009478471789018284,0.0020224991628001927,-0.20008413617977416,14.370319475446427,2.1255780197087777,16.5499755859375,-0.0006293907893000617,0.0016196252003067855,-0.8342188148376702,9.4062744140625,4.385051366309143,11.14998046875,-6.31311505819369,1,-2.322972359388292,-2.1163153500739047,17.214285714285715,-0.3667369743349031,64.43719287578395,1,LONG,0.440530315309465
4347.2998046875,4354.7998046875,4342.89990234375,4346.2001953125,2724,11.89990234375,17.407121930803573,17.79990234375,16.3799560546875,0.4005135784950184,-0.35079226613550385,-1.1238488772008675,-2.132444079211757,4355.785514954657,-24.37718079167007,4379.982536276206,-23.53966288970878,4420.494462979569,-17.00894274237453,4483.145974103818,-7.151424149175909,-0.7712893986200005,-1.680677767821298,16,35,0,0,False,1,1,11.89990234375,1.099609375,0.09240490747199541,7.5,3.30029296875,0.22736029470737062,0.18741968621535726,1.8014221033474604,-15.2998046875,-49.39990234375,18.190740722565195,-28.1959707025444,-26.310847936895037,-1.8851227656493634,4439.151441133667,4324.058617460083,2.6267274869376513,0.1923801775444576,32.265132268783944,28.776457574294795,3884.75,0.7012034236437351,4346.7998046875,-0.3667369743349031,4339.2001953125,-0.4770597405389908,4335.10009765625,-0.9934682096975335,4361.5,-0.7757779802223659,4571.7998046875,4490.2998046875,81.5,-225.599609375,-144.099609375,4395.60009765625,17.214285714285715,16.992850167410715,16.914306640625,15.421421595982142,15.942801339285714,-0.3016581229351541,0.22648153706418336,0.19994673736064483,0.21115067734617476,0.18700115543440746,0.12878510893270734,-0.0007005011304724417,0.0022736029470737064,-0.402922694623242,16.74571010044643,0.8854087423555713,17.79990234375,-0.0011277464214238698,0.002013571721088126,-0.16811218874296416,16.093558175223215,0.9736905173952898,17.269970703125,-0.0010755030452743342,0.0018741968621535726,-0.3571771770418531,14.761390904017858,1.9072485179728877,16.3649658203125,-0.0006352690882163947,0.001617248243042402,-0.8283818461651065,9.662988978794642,4.471103296696632,11.317978515625,-6.106283749003612,1,-2.3273190631056346,-1.9257509358814255,17.407121930803573,-0.35079226613550385,64.74840660312991,1,LONG,0.23936562765687927
4343.5,4348.10009765625,4340.2001953125,4343.10009765625,2323,7.89990234375,15.350027901785714,10.8201171875,15.1900146484375,0.35343481744916133,-0.0851133522933426,-0.4515381844952901,-1.6441355718243476,4349.4601758316785,-8.721669033517173,4368.572811964384,-14.965760202738238,4409.4140312058025,-14.112850862217783,4477.754516439035,-6.767797150122533,-0.5830900709350771,-1.5039171436441015,16,55,0,0,False,1,1,7.89990234375,0.39990234375,0.050621175597997406,4.60009765625,2.89990234375,0.06013192140414649,0.15880517541613925,1.4614315956997683,-3.69970703125,-19.69970703125,20.203850886235898,-24.674363406976227,-25.937644331685664,1.2632809247094379,4418.122041402779,4316.928007425346,2.3169651784882372,0.25863273952237875,33.048899580792686,33.04897418908498,3468.3,0.6697805841478534,4343.39990234375,0.0967852793652344,4346.7001953125,0.26758546273294903,4349.5,-0.0344748333716387,4346.7998046875,-0.3667369743349031,4571.7998046875,4490.2998046875,81.5,-228.69970703125,-147.19970703125,4362.7998046875,15.650041852678571,16.371442522321427,16.607107979910715,17.214285714285715,16.149972098214285,-0.6738935050165997,0.10565976360964192,0.09408542527915219,0.2114755564740683,0.22648153706418336,0.20863546855127316,-0.00017014006278326388,0.0006013192140414649,0.9450330183477388,16.2771484375,0.813544701612616,10.8201171875,-0.00045131922733008254,0.0015900562906470542,-0.8672534801488072,16.312859235491068,0.8382283148876503,14.37001953125,-0.0008273577826080125,0.0015880517541613925,-0.5353125860163602,15.561045619419641,1.279964449183428,15.1900146484375,-0.0005773130825317164,0.001566666982312447,-0.9115338761607698,10.503418666294644,4.5934101480842155,11.253984375,-1.306492332517326,1,-2.6606609123275753,-1.6497810689490144,15.350027901785714,-0.0851133522933426,64.77467422232658,1,LONG,0.2714435891143892
4403.60009765625,4407.5,4403.2001953125,4403.2001953125,611,4.5,4.292794363839286,5.4599609375,4.3849609375,0.09749260023219593,0.27784548650649055,0.42192166341903103,0.5113310724911774,4395.274244855922,8.293849978537764,4390.593183118812,5.2062251126099,4386.040193758427,2.7050696951237114,4387.546924876786,0.5399978581508549,0.28713687804555255,0.3912413200976171,11,35,1,0,True,0,0,4.2998046875,0.39990234375,0.09300476947535771,3.89990234375,0.0,0.060505435218264646,0.05814785025673859,0.8145949514080936,12.2001953125,18.5,83.76303983568457,4.297571547750522,2.510190077982994,1.7873814697675279,4401.378278516349,4377.491643358651,0.5441847383608642,1.076273480300697,82.44977678571429,87.38599870698984,514.65,1.1872146118721463,4403.0,0.34641952662155606,4397.5,0.28964139477754625,4392.89990234375,0.1207905134820976,4391.0,0.1436769769170275,4394.7001953125,4338.7998046875,55.900390625,8.5,64.400390625,4384.7001953125,4.264229910714286,3.9642508370535716,3.957066127232143,4.064243861607143,4.235665457589286,-0.041030541148979825,0.053415736962392824,0.04373223504284745,0.06038026798258549,0.059220764089522725,0.01972112048718931,0.0005552207712642865,0.0006050543521826465,-0.015209020273424748,4.094231305803571,0.16905711340563648,5.419921875,0.000421275003839372,0.000581818731052327,-0.42493009787753705,4.052099609375,0.1445439550657637,4.769921875,0.0002552072174739295,0.0005814785025673859,-0.4742483478735234,4.684603445870535,0.7864408504985054,4.3699462890625,0.00010046622898304269,0.0007604376466853201,-0.7014649426330268,5.2698514229910725,0.8231510985850539,5.27796875,1.192733538493247,0,1.0606120336759743,2.9452171483957255,4.292794363839286,0.27784548650649055,20.523951743336287,0,SHORT,-1.0
4403.5,4403.5,4398.2001953125,4398.60009765625,598,5.2998046875,4.514195033482143,5.619921875,4.474951171875,0.10262799375391018,0.11608279631842496,0.2529936787749288,0.36050683747524226,4395.939415415988,7.655099514080575,4391.355746408091,5.196117735813459,4386.5327390093225,2.798992360266311,4387.656906695487,0.5853719854949304,0.1649684440638669,0.2751001614467105,11,40,1,0,True,0,0,5.2998046875,4.89990234375,0.9245439469320066,0.0,0.39990234375,0.09358050054714007,0.06472942974190632,0.8576543351729391,5.10009765625,11.10009765625,71.42790712093499,4.382932120951409,2.884738486576677,1.498193634374732,4402.4081860777405,4378.0417650941345,0.5550153151400637,0.8437157256680146,63.67386798469388,76.6019983558894,531.35,1.1254352121953515,4403.2001953125,0.27784548650649055,4403.0,0.34641952662155606,4397.5,0.28964139477754625,4393.5,0.13675213675213677,4394.7001953125,4338.7998046875,55.900390625,3.89990234375,59.80029296875,4387.5,4.292794363839286,4.264229910714286,3.9642508370535716,3.9928152901785716,4.192801339285714,0.059296625103351513,0.060505435218264646,0.053415736962392824,0.04373223504284745,0.05826806541449666,0.031367671221543394,0.0002324081132807576,0.0009358050054714007,-0.2761020641712937,4.198507254464286,0.23771736756448775,5.5798828125,0.00025294935436855905,0.0007352407344064607,-0.4399275771562755,4.084238978794643,0.20315358394532532,4.869921875,0.00018014449054253867,0.0006472942974190632,-0.4308307184353998,4.608173479352678,0.7188741445023179,4.4599365234375,7.77463531210154e-05,0.000777496710753657,-0.632883315213503,5.263420061383928,0.8278546730179426,5.307958984375,0.5240203826133532,0,1.068409176607611,1.607440991776978,4.514195033482143,0.11608279631842496,21.139826526400398,0,SHORT,-1.0
4398.5,4399.0,4394.39990234375,4396.2001953125,455,4.60009765625,4.528494698660714,5.97998046875,4.4299560546875,0.10300929205838431,0.07512788914195814,0.19600914998711857,0.2257116719294875,4395.9915713952905,6.784138205013733,4391.817122494225,5.01556299609274,4386.91185494278,2.81865120765724,4387.741914542423,0.6123861246323941,0.09980089552967272,0.21172844763804385,11,45,1,0,True,0,0,4.60009765625,2.2998046875,0.4999469270778049,0.5,1.80029296875,0.09922969388587177,0.06494824963696413,0.8620093293334923,3.30029296875,8.60009765625,66.76567322041757,4.208416917308568,3.1494741727230555,1.0589427445855129,4403.035503803298,4378.404486431078,0.560979005712299,0.722491832655401,53.878348214285715,66.66733099489788,528.25,0.8613345953620445,4398.60009765625,0.11608279631842496,4403.2001953125,0.27784548650649055,4403.0,0.34641952662155606,4392.89990234375,0.1207905134820976,4394.7001953125,4338.7998046875,55.900390625,1.5,57.400390625,4387.60009765625,4.514195033482143,4.292794363839286,4.264229910714286,3.957066127232143,3.942836216517857,0.05701124134740279,0.09358050054714007,0.060505435218264646,0.053415736962392824,0.06038026798258549,0.03151674949195528,0.00015060444677701402,0.0009922969388587177,0.0023773212833820786,4.31279296875,0.22985319245463257,5.93994140625,0.0001961073322425899,0.000775860002405227,-0.24691530312779508,4.142804827008929,0.2390981262327575,5.129931640625,0.00011293537910032625,0.0006494824963696413,-0.2123396946999611,4.5310302734375,0.6310074054348277,4.41494140625,8.372393318561766e-05,0.0007713865937021245,-0.6471489202927185,5.253417271205357,0.8337499836099319,5.24595703125,0.3402162477009273,0,1.0832004623734321,0.9688533290094536,4.528494698660714,0.07512788914195814,20.804451131780233,0,SHORT,-1.0
4403.7998046875,4412.7998046875,4403.2001953125,4411.7001953125,1081,9.599609375,3.8785923549107144,4.67978515625,3.9500244140625,0.08791604558786155,0.27959024507404073,0.21580118073947843,0.19759698642970702,4403.503535970317,2.2666050229991015,4400.817699007779,1.960775958225895,4394.606308785618,1.9615063364908565,4390.028975288699,0.67944363497827,0.2472835061351102,0.3889742408258043,13,10,1,0,False,0,0,9.599609375,7.900390625,0.8229908443540183,1.099609375,0.599609375,0.07317109582803404,0.06127324906275233,0.7995703873875998,12.30029296875,9.5,67.00714167081881,3.3848438318982517,3.3365990219879484,0.04824480991030322,4408.382756792269,4395.377399457731,0.2954500600588217,1.2550824583205467,93.16996239233289,76.57627329840679,401.95,2.68938922751586,4403.89990234375,0.07726172807067379,4402.2001953125,0.011359247059408197,4399.60009765625,-0.08176093515081471,4399.39990234375,-0.06361121358660099,4394.7001953125,4338.7998046875,55.900390625,17.0,72.900390625,4402.2001953125,3.385777064732143,3.3357979910714284,3.3357979910714284,3.650111607142857,4.507184709821429,0.038636412055448245,0.03565789743410211,0.037103377866628956,0.02158066377804617,0.03775615537901574,0.05110198224661616,0.0005587701216428487,0.0007317109582803404,1.449608756627461,3.4886439732142853,0.22897133015430338,4.67978515625,0.00021578616027074783,0.0006572835166262416,1.595587175899212,3.8050851004464286,0.4461566866641505,3.869970703125,9.888414942552104e-05,0.0006127324906275234,0.7455701375295491,4.194672502790179,0.5135158485296751,3.9150390625,0.00013533328878388096,0.0006791986950689771,-0.3528024856251671,4.850845424107144,1.0081925615593321,4.53998046875,1.0844165870517875,0,1.6014547685828744,2.812723257530731,3.8785923549107144,0.27959024507404073,22.973763739395974,0,SHORT,-1.0
4411.60009765625,4415.2998046875,4410.5,4414.7998046875,1273,4.7998046875,3.885707310267857,4.97978515625,3.9650146484375,0.0880154816112416,0.36600833564780433,0.2315694229920534,0.26343588436765963,4405.762789713754,5.033205893399099,4402.149328120134,3.3073315217288837,4395.398210585692,2.515941749765261,4390.275451203115,0.8328781199534205,0.28737045530366917,0.4414069709334157,13,15,1,0,False,0,0,4.7998046875,3.19970703125,0.6666327568667345,0.5,1.10009765625,0.061207528554519365,0.0627165560252611,0.8078412320900286,16.099609375,10.19970703125,66.89442546454463,4.094854569133531,3.4882501314170655,0.6066044377164657,4411.157330034781,4393.762787152718,0.3951096125928001,1.2094032983456706,97.31177150057755,89.29985480283467,435.05,2.926100448224342,4411.7001953125,0.27959024507404073,4403.89990234375,0.07726172807067379,4402.2001953125,0.011359247059408197,4398.7001953125,-0.13394864943333723,4394.7001953125,4338.7998046875,55.900390625,20.099609375,76.0,4404.60009765625,3.8785923549107144,3.385777064732143,3.3357979910714284,3.5072544642857144,4.457205636160714,0.06588141434162624,0.07317109582803404,0.03565789743410211,0.037103377866628956,0.007067423989212009,0.05500869693697133,0.0007310970047294419,0.0006120752855451936,1.6998481602876407,3.564334542410714,0.29085181452860454,4.97978515625,0.00023152902544535393,0.0006678494235394898,1.4697612565919382,3.7479352678571423,0.3858727215982165,3.969921875,0.0001317401726620482,0.0006271655602526111,0.5726718170613396,4.174318150111607,0.5174745152253855,3.9400390625,0.00012519608054490261,0.000666503954668273,-0.4016858753647893,4.8099888392857135,1.0050156888297368,4.511982421875,1.4222012654456448,0,1.7374230726544964,3.264998952945175,3.885707310267857,0.36600833564780433,24.801343736993466,0,SHORT,-1.0
4414.7998046875,4415.10009765625,4412.60009765625,4412.7998046875,574,2.5,3.728550502232143,5.03984375,3.8250244140625,0.08449398720221768,0.3000206095613493,0.21801437475451202,0.32282332369374,4407.170192708503,6.666506120969643,4403.163659221787,4.24946252263544,4396.080626040665,2.934912937274021,4390.499574123358,0.9559311439461453,0.2188459528532651,0.3803201094128449,13,20,1,0,False,0,0,2.5,2.0,0.8,0.30029296875,0.19970703125,0.07963944434538085,0.05810057601153827,0.7823949034442501,13.19970703125,9.599609375,68.05581458435768,4.444921618885928,3.679584428910838,0.76533718997509,4412.80803332748,4393.532054563145,0.4377750250831509,0.9995731142848417,86.55885750288775,92.34686379859932,433.85,1.3230379163305288,4414.7998046875,0.36600833564780433,4411.7001953125,0.27959024507404073,4403.89990234375,0.07726172807067379,4399.60009765625,-0.08176093515081471,4394.7001953125,4338.7998046875,55.900390625,18.099609375,74.0,4403.2001953125,3.885707310267857,3.8785923549107144,3.385777064732143,3.3357979910714284,4.442940848214286,-0.03858673452138205,0.061207528554519365,0.07317109582803404,0.03565789743410211,0.02158066377804617,0.0458305160004873,0.0005995759306251181,0.0007963944434538086,0.3576105635500801,3.642885044642857,0.26564361991949764,5.03984375,0.00021800959224622664,0.0006814359971360917,1.3899671950915078,3.6764962332589284,0.29933026561716986,3.959912109375,0.00016132493391689539,0.0005810057601153827,0.9762894397062716,4.135035923549108,0.5201289434168842,3.800048828125,0.00011795864690289148,0.0006708517230935521,-0.37311043061887744,4.765560825892857,1.0026909970564677,4.481982421875,1.1186419944599626,0,1.8996747333532893,2.590077236259495,3.728550502232143,0.3000206095613493,26.49838230619114,0,SHORT,-1.0
4412.7001953125,4414.10009765625,4407.5,4409.7998046875,668,6.60009765625,3.9356863839285716,5.65986328125,3.9250244140625,0.08924864071482433,0.17263207118776944,0.18401092795064763,0.3093491827214953,4407.696115104303,6.85312677177626,4403.795673075665,4.568524127623277,4396.618633046423,3.1178422093416884,4390.691616218523,1.0220373950014618,0.1363399225932207,0.2998024787049443,13,25,1,0,False,0,0,6.60009765625,2.900390625,0.439446622771325,1.39990234375,2.2998046875,0.0981173982502558,0.05903029214665602,0.832951343754452,7.599609375,8.099609375,60.26052932943122,4.4292200582203805,3.8295115547727465,0.5997085034476339,4413.335292277532,4394.364756550593,0.4307716116981877,0.8136326964656342,70.42948650635304,84.76670516993937,444.5,1.5028121484814398,4412.7998046875,0.3000206095613493,4414.7998046875,0.36600833564780433,4411.7001953125,0.27959024507404073,4402.2001953125,0.011359247059408197,4394.7001953125,4338.7998046875,55.900390625,15.099609375,71.0,4401.7001953125,3.728550502232143,3.885707310267857,3.8785923549107144,3.3357979910714284,4.278669084821429,-0.015893763555589076,0.07963944434538085,0.061207528554519365,0.07317109582803404,0.037103377866628956,0.040583340233289474,0.0003454108321254923,0.000981173982502558,0.5988350588927372,3.762862723214286,0.22456796312871605,5.65986328125,0.00018409167503664615,0.0007196999760582316,1.1520210778837712,3.642197963169643,0.23551153521266854,4.2798828125,0.0001546132062388239,0.0005903029214665602,0.9000164407133612,4.1053955078125,0.5133741625217418,3.900048828125,0.0001207747834567674,0.0006671163264552252,-0.3697559693063487,4.724989536830357,0.9942036595358154,4.515986328125,0.679425692003092,0,1.823580267612072,1.5276414464268075,3.9356863839285716,0.17263207118776944,26.344108376004467,0,SHORT,-1.0
4409.7998046875,4411.89990234375,4408.89990234375,4411.10009765625,357,3.0,3.971400669642857,5.29990234375,3.9000244140625,0.0900319780036953,0.16349588937450793,0.240883937194637,0.2773465089760213,4408.376911614693,6.922540479921736,4404.49133255953,4.819159478563051,4397.186533619358,3.277934487897255,4390.894685685566,1.0835116031366852,0.15004604613172637,0.3164196908753807,13,30,1,0,False,0,0,3.0,1.30029296875,0.4334309895833333,0.7998046875,0.89990234375,0.09810764002806806,0.058147452546063086,0.8468339292832537,7.2001953125,10.60009765625,64.49509328328534,4.470169897847882,3.9576432233877736,0.512526674460108,4414.171411889113,4394.748656470262,0.4409792634766958,0.841870313113129,77.42045573873779,78.13626658265945,446.2,0.8000896458987001,4409.7998046875,0.17263207118776944,4412.7998046875,0.3000206095613493,4414.7998046875,0.36600833564780433,4403.89990234375,0.07726172807067379,4394.7001953125,4338.7998046875,55.900390625,16.39990234375,72.30029296875,4400.5,3.9356863839285716,3.728550502232143,3.885707310267857,3.385777064732143,3.7787039620535716,-0.06812762575224253,0.0981173982502558,0.07963944434538085,0.061207528554519365,0.03565789743410211,0.038175261566625034,0.0003271629152234778,0.0009810764002806806,0.6919399227903891,3.8799874441964284,0.09277197879361751,5.29990234375,0.00024084474507672925,0.0007018345909506783,0.9771110190571394,3.6614676339285714,0.25499857974996176,4.299853515625,0.00013865142059675263,0.0005814745254606309,1.0051271291369306,4.076825823102679,0.5035568176726359,3.8850341796875,0.0001508538747506316,0.0006392548960247608,-0.3755673179016155,4.6897042410714285,0.9888953089818924,4.4419921875,0.6493076845457753,0,1.8393507852303876,1.666586133713155,3.971400669642857,0.16349588937450793,26.2008540122597,0,SHORT,-1.0
4411.39990234375,4416.0,4410.0,4415.7001953125,500,6.0,4.128522600446429,4.57998046875,3.99501953125,0.09349644264411508,0.09066799244994168,0.37051173638627694,0.3454197321327122,4409.841568354255,6.338032383938298,4405.5588432979075,4.741144290128432,4397.912559568109,3.306250782490679,4391.1415066768795,1.1125313881802867,0.2301944514943962,0.4044563302126655,13,35,1,0,False,0,0,6.0,4.30029296875,0.7167154947916666,0.2998046875,1.39990234375,0.07366862576603218,0.06142166498956947,0.888183682265049,4.0,16.30029296875,66.86949939892251,4.818270355628556,4.12976864983593,0.6885017057926257,4415.952028855485,4394.48805903514,0.487239447887408,0.9882671497820376,98.44659211658148,82.09884478722402,451.3,1.1079104808331486,4411.10009765625,0.16349588937450793,4409.7998046875,0.17263207118776944,4412.7998046875,0.3000206095613493,4411.7001953125,0.27959024507404073,4394.7001953125,4338.7998046875,55.900390625,21.0,76.900390625,4399.39990234375,3.971400669642857,3.9356863839285716,3.728550502232143,3.8785923549107144,3.650111607142857,-0.06361121358660099,0.09810764002806806,0.0981173982502558,0.07963944434538085,0.07317109582803404,0.03775615537901574,0.00018148730597717934,0.0007366862576603219,-0.11716697578413653,3.9299734933035717,0.14465589539362275,4.57998046875,0.000370128713810014,0.0007202072296116591,0.4587820851760945,3.7093087332589283,0.29445659095730425,4.6298828125,0.0001726062404681261,0.0006142166498956947,0.8520171641473405,4.049325125558036,0.483589152117628,3.980029296875,0.00020688756441524124,0.0005892823386726968,0.019743874712478682,4.648275669642857,0.9674925026280782,4.349990234375,0.3743248559666904,0,1.852062945948699,2.4620664164796997,4.128522600446429,0.09066799244994168,26.780965488248242,1,SHORT,2.0
4415.89990234375,4418.2001953125,4413.39990234375,4417.60009765625,816,4.80029296875,4.357073102678571,4.96005859375,4.085009765625,0.09862986704002946,0.10878111813844094,0.4091280934735168,0.28831972562514996,4412.330654527974,5.160461819470584,4407.579487423996,4.415828202209013,4399.3548191559385,3.2741931152731922,4391.64670980677,1.1471356834117614,0.22734950693107372,0.41472623260271807,13,45,1,0,False,0,0,4.80029296875,1.7001953125,0.35418573898891265,0.60009765625,2.5,0.06294788248102424,0.060396283109994404,0.9549623705412387,4.80029296875,18.0,74.92155332078187,5.3009134779540545,4.509008962787316,0.7919045151667383,4419.221179954372,4393.888927467503,0.5748765686141996,0.9360071790314617,94.57136544410075,92.99744262186233,494.35,1.6506523718013553,4415.7001953125,0.020394823431041938,4415.7001953125,0.09066799244994168,4411.10009765625,0.16349588937450793,4412.7998046875,0.3000206095613493,4394.7001953125,4338.7998046875,55.900390625,22.89990234375,78.80029296875,4399.60009765625,4.257080078125,4.128522600446429,3.971400669642857,3.728550502232143,3.3357979910714284,-0.08176093515081471,0.06770324532342123,0.07366862576603218,0.09810764002806806,0.07963944434538085,0.02158066377804617,0.00021762610509543646,0.0006294788248102425,-0.2691651293605592,4.1299525669642865,0.18071057014369854,4.96005859375,0.00040860101786027725,0.0007060583053394923,0.3227009322167899,3.886418805803571,0.3343282319422114,4.999951171875,0.00014413598033073406,0.0006039628310999441,1.0111033285938142,4.01431884765625,0.4472459900824917,4.085009765625,0.00020038876798170958,0.000583610026016204,0.034681516576005475,4.562559988839285,0.8948384475720971,4.2619921875,0.473967283920301,0,1.8876590027837061,2.3050776986123553,4.357073102678571,0.10878111813844094,28.2907762251285,1,SHORT,2.0
4417.7998046875,4417.89990234375,4411.7998046875,4415.5,556,6.10009765625,4.5927734375,4.86005859375,4.1550048828125,0.1040147987204167,0.1292619974820817,0.30211721633336314,0.2975671894158404,4412.96452362238,5.268408518076285,4408.333821955044,4.5381488793791505,4399.987963502765,3.369330456341231,4391.884055977846,1.1924397593229514,0.16255978640423602,0.3525472484448908,13,50,1,0,False,0,0,6.10009765625,2.2998046875,0.37701112623068916,0.10009765625,3.7001953125,0.0559339853583882,0.059857489661733446,1.0159425929634842,5.7001953125,13.2998046875,72.86598981748891,5.280458168056612,4.663298803841176,0.6171593642154356,4420.318611325055,4394.101505862444,0.5948685248502973,0.8162035342945482,85.06849315068493,88.53807629989682,496.55,1.1197261101601046,4417.60009765625,0.10878111813844094,4415.7001953125,0.020394823431041938,4415.7001953125,0.09066799244994168,4409.7998046875,0.17263207118776944,4394.7001953125,4338.7998046875,55.900390625,20.7998046875,76.7001953125,4402.2001953125,4.357073102678571,4.257080078125,4.128522600446429,3.9356863839285716,3.3357979910714284,0.011359247059408197,0.06294788248102424,0.06770324532342123,0.07366862576603218,0.0981173982502558,0.037103377866628956,0.00025851553633993163,0.000559339853583882,0.1786647324880713,4.261369977678571,0.23491294652731387,4.86005859375,0.00030196318423271197,0.0007543305202527439,0.5731901503960385,4.012116350446429,0.34054419795915475,5.2599609375,0.0001487438027670207,0.0005985748966173345,1.0464452123703452,4.0057425362723205,0.4335422009916654,4.1550048828125,0.00018539477078298726,0.0005912527185705926,0.08083687897437172,4.520701729910715,0.840817119409803,4.28599609375,0.5936710685138967,0,1.817171816953919,1.5628524825701338,4.5927734375,0.1292619974820817,28.287817728582944,1,SHORT,2.0
4415.60009765625,4418.10009765625,4414.0,4417.0,579,4.10009765625,4.692801339285714,5.080078125,4.175,0.10624408737345968,0.13375126868884238,0.29746583588964287,0.3065743158850914,4413.771618897904,5.394707283210664,4409.15917224504,4.667839685510444,4400.655102188931,3.468568569573108,4392.133965868614,1.2392801830474127,0.17783045357755486,0.3714196507456131,13,55,1,0,False,0,0,4.10009765625,1.39990234375,0.3414314636179588,1.10009765625,1.60009765625,0.05604270037442091,0.05997096693729767,1.047035839297834,5.89990234375,13.10009765625,76.50640507111027,5.323913886307309,4.795421820334402,0.5284920659729071,4421.566995612962,4394.203121574537,0.6207937292982595,0.8331012777449127,91.85594343791428,90.49860067756657,503.3,1.1504073117424995,4415.5,0.1292619974820817,4417.60009765625,0.10878111813844094,4415.7001953125,0.020394823431041938,4411.10009765625,0.16349588937450793,4394.7001953125,4338.7998046875,55.900390625,22.2998046875,78.2001953125,4403.89990234375,4.5927734375,4.357073102678571,4.257080078125,3.971400669642857,3.385777064732143,0.07726172807067379,0.0559339853583882,0.06294788248102424,0.06770324532342123,0.09810764002806806,0.03565789743410211,0.0002674851319275362,0.0005604270037442091,0.09874732338024728,4.405650111607143,0.23382867912631577,5.080078125,0.000297324023575507,0.0007538980857591344,0.597077600686174,4.142818777901786,0.3238540591493676,5.189990234375,0.00015323512667228534,0.0005997096693729767,1.0171595651063505,4.005381556919643,0.4329362825694242,4.175,0.00019264439630053864,0.0005908703894661794,0.04395831159517225,4.4819873046875,0.7844596099642803,4.256005859375,0.627668132834163,0,1.812152154176594,1.673791530181451,4.692801339285714,0.13375126868884238,28.321857036784856,1,SHORT,2.0
4417.60009765625,4420.5,4415.39990234375,4418.7998046875,1196,5.10009765625,4.821393694196429,4.90009765625,4.3050048828125,0.1091109329977306,0.07019519527821205,0.16092683230250882,0.37707529504622267,4414.777256055823,4.935687701567986,4410.0773277157505,4.518484417842956,4401.366659149659,3.4540995815505084,4392.3992975981555,1.257790921275955,0.19778512537482953,0.3960848274614922,14,0,1,0,False,1,1,5.10009765625,1.19970703125,0.23523216850167544,1.7001953125,2.2001953125,0.03853523752731604,0.05925973563695055,1.0848204861795037,3.099609375,7.099609375,79.29988896164906,5.440863168996657,4.924510090066853,0.5163530789298036,4422.947801956124,4394.4822761688765,0.6456649054210686,0.8542799701074848,92.37573899715349,89.76672519525083,551.95,2.1668629404837394,4417.0,0.13375126868884238,4415.5,0.1292619974820817,4417.60009765625,0.10878111813844094,4415.7001953125,0.09066799244994168,4394.7001953125,4338.7998046875,55.900390625,24.099609375,80.0,4411.7001953125,4.692801339285714,4.5927734375,4.357073102678571,4.128522600446429,3.8785923549107144,0.27959024507404073,0.05604270037442091,0.0559339853583882,0.06294788248102424,0.07366862576603218,0.07317109582803404,0.00014041039080341377,0.00038535237527316036,-1.3468730398868063,4.544224330357143,0.23384418061981457,4.90009765625,0.00016094884839029655,0.0005546801544651736,-0.16296538695469417,4.237098911830357,0.3720355333282449,4.7400390625,0.0001883675043305222,0.0005925973563695055,0.8863174514101099,4.021092006138393,0.45712924063133226,4.3050048828125,0.000182964493422606,0.0005831017604994088,0.06209069792561832,4.444416155133928,0.7182563995715884,4.2580078125,0.3384386718772585,0,1.8066702531627283,1.8126975907991114,4.821393694196429,0.07019519527821205,28.784981212180302,1,SHORT,2.0
4346.10009765625,4354.0,4345.2998046875,4352.7001953125,884,8.7001953125,5.949986049107143,6.36005859375,5.5949951171875,0.13669643628373002,0.3319362716574011,0.6148747614661326,0.7336309954292988,4340.457068715032,12.74854888614118,4333.910752963328,7.8487667742365375,4330.965472354257,3.2566210999202667,4345.206295064667,0.015714027874309977,0.4335447456162836,0.5018447525610991,14,45,2,0,False,1,1,8.7001953125,6.60009765625,0.7586148838253451,1.2998046875,0.80029296875,0.04802778402263708,0.08271146630497549,1.0867569658052307,14.400390625,26.60009765625,82.57604715108322,5.560931034589885,2.635191463692038,2.925739570897847,4350.862245823658,4309.107724879467,0.9643109868844121,1.0440179757133092,96.154401779781,95.04391105785028,472.55,1.8707015130674003,4346.89990234375,0.476159734328398,4343.39990234375,0.44169226276923895,4342.60009765625,0.4440994528887189,4338.2998046875,0.28200242148487115,4384.89990234375,4285.89990234375,99.0,-32.19970703125,66.80029296875,4326.10009765625,5.778564453125,5.707135881696429,5.621407645089286,5.478550502232143,4.807163783482143,0.07634619038270689,0.10621368784429577,0.10847224941994149,0.10809119585367269,0.12895236483324227,0.06885000693125153,0.0006630850400181742,0.0004802778402263708,0.385871402084898,5.724267578125,0.15031486076063338,6.36005859375,0.0006135594600227834,0.0009188567778871982,1.5031307703216967,5.336422293526786,0.46619645007143506,6.569970703125,0.0003658679618532945,0.0008271146630497549,1.099948250113345,5.011410086495536,0.48308987831446315,5.5949951171875,5.09678035866501e-05,0.0008562709268779738,0.20033324152972842,5.474992327008929,0.6243072728405253,5.543994140625,1.9750161855541752,0,0.49500630501700127,3.1715877707039044,5.949986049107143,0.3319362716574011,24.095549697476493,0,SHORT,-1.0
4352.7998046875,4357.0,4350.5,4356.2998046875,1015,6.5,5.978550502232143,6.50009765625,5.75,0.13723918853792055,0.33626479761920025,0.7073908961180192,0.8146005932688808,4343.625615909526,13.11876098391258,4336.043043603726,8.491704164785915,4331.958975583012,3.701444169530987,4345.316678244993,0.16082741441186954,0.46717158663025,0.5618896495023267,14,50,2,0,False,1,1,6.5,3.5,0.5384615384615384,0.7001953125,2.2998046875,0.0483369193431795,0.0829112734378388,1.0929440814977438,14.599609375,30.599609375,82.83593873361755,6.614153729935424,3.4309839169407157,3.1831698129947084,4355.239259108542,4308.2506822977075,1.0847493822612353,1.0225702851828808,98.09728524798982,96.31082761019535,517.85,1.960027034855653,4352.7001953125,0.3319362716574011,4346.89990234375,0.476159734328398,4343.39990234375,0.44169226276923895,4341.7001953125,0.36988231448259484,4384.89990234375,4285.89990234375,99.0,-28.60009765625,70.39990234375,4325.7001953125,5.949986049107143,5.778564453125,5.707135881696429,5.564243861607143,4.785749162946429,-0.02772671100156847,0.04802778402263708,0.10621368784429577,0.10847224941994149,0.12364532328119052,0.05259591542669532,0.0006717202141264256,0.000483369193431795,0.298932808717949,5.80712890625,0.15419180151117673,6.50009765625,0.0007055017128258067,0.0008857678020855721,1.3594240673206082,5.455702427455357,0.462224381142694,6.7099609375,0.000406058845837054,0.000829112734378388,0.9444895193166534,5.075340053013393,0.5226830525956248,5.75,3.940967335697154e-05,0.0008413935367880071,0.1821816811133541,5.470133928571427,0.6193047461200641,5.499990234375,2.0103760746892596,0,0.6831201006312543,3.4040684122900204,5.978550502232143,0.33626479761920025,26.437662168097997,0,SHORT,-1.0
4356.39990234375,4361.5,4356.2998046875,4358.7001953125,1162,5.2001953125,6.064278738839286,6.3201171875,5.7800048828125,0.13913043951407866,0.3707478767142156,0.8164938188950189,0.9121939297253899,4346.640531790121,13.715028318380064,4338.20086757599,9.216313068734962,4333.0076508665215,4.187665874892446,4345.449847569049,0.3194271183110686,0.4725306264567772,0.5929494364229987,14,55,2,0,False,1,1,5.2001953125,2.30029296875,0.44234741784037557,2.7998046875,0.10009765625,0.042124990194745374,0.08065035679250068,1.109949861865104,16.10009765625,35.30029296875,90.83951445575062,7.555437387485654,4.255874611049704,3.29956277643595,4359.32746654854,4308.102513920211,1.1820101862664993,0.9877545765519608,93.22077983495306,95.82415562090789,562.0,2.0676156583629894,4356.2998046875,0.33626479761920025,4352.7001953125,0.3319362716574011,4346.89990234375,0.476159734328398,4342.60009765625,0.4440994528887189,4384.89990234375,4285.89990234375,99.0,-26.19970703125,72.80029296875,4323.39990234375,5.978550502232143,5.949986049107143,5.778564453125,5.621407645089286,4.878592354910714,-0.1501189437770048,0.0483369193431795,0.04802778402263708,0.10621368784429577,0.10809119585367269,0.034380324699322305,0.0007404694872983342,0.00042124990194745374,0.17521942445271319,5.895703125000001,0.1479080246561629,6.3201171875,0.0008137806621240085,0.0007772482694692929,2.0450304290658314,5.5742710658482135,0.44964013728840085,6.589990234375,0.0004544410621668216,0.0008065035679250068,0.8883604831948335,5.157484654017857,0.5431944474654302,5.7800048828125,7.020921325209261e-05,0.0008311041970777896,0.11840194683858844,5.463560965401785,0.6109991993703184,5.479990234375,2.2483184662278264,0,0.8563618087354408,3.3963137621581483,6.064278738839286,0.3707478767142156,28.95671379834785,0,SHORT,-1.0
4358.60009765625,4361.5,4351.0,4354.2001953125,1186,10.5,6.628557477678571,7.30009765625,6.0400146484375,0.1522336406308218,0.24865987962384106,0.6914504538419898,0.8944317541658515,4348.152464494597,13.132081248453687,4339.724613074705,9.367168297308126,4333.838731040873,4.446984584455095,4345.5369157058,0.4237143407044641,0.3335599266871156,0.4698251489098739,15,0,2,0,False,1,1,10.5,4.39990234375,0.41903831845238093,2.89990234375,3.2001953125,0.09010345765388335,0.08223525642058081,1.212881687524857,10.80029296875,29.900390625,81.33634849916746,7.8478341290147,4.974266514642703,2.8735676143719973,4361.3272269271,4309.962763307274,1.1847017843405712,0.861245867038526,82.32484452956894,91.21430320417052,602.75,1.9676482787225218,4358.7001953125,0.3707478767142156,4356.2998046875,0.33626479761920025,4352.7001953125,0.3319362716574011,4343.39990234375,0.44169226276923895,4384.89990234375,4285.89990234375,99.0,-30.69970703125,68.30029296875,4324.2998046875,6.064278738839286,5.978550502232143,5.949986049107143,5.707135881696429,4.849993024553571,-0.05316629493897725,0.042124990194745374,0.0483369193431795,0.04802778402263708,0.10847224941994149,0.028719653232129157,0.0004971506211786103,0.0009010345765388335,-1.6667995967922726,6.079987444196428,0.3237365752101198,7.30009765625,0.0006897241831631984,0.0009617571048125809,0.6183328903871903,5.752127511160714,0.48191726851345185,7.2,0.0004456477931709668,0.0008223525642058081,0.7649089765778107,5.264986746651786,0.6103521959587848,6.0400146484375,5.923092666117347e-05,0.0008421199884577733,0.1128809545569022,5.465131138392858,0.6139420763999274,5.533994140625,1.648256304479265,0,0.8879582101614676,2.1911052334091115,6.628557477678571,0.24865987962384106,29.861664175451764,0,SHORT,-1.0
4354.39990234375,4354.5,4347.2998046875,4352.5,1316,7.2001953125,6.792864118303571,7.6201171875,6.180029296875,0.15606810151185688,0.12882968971129413,0.6056028591479575,0.7733069757256699,4349.021971595677,11.625684530012222,4340.9413165914,9.008399664826356,4334.57054550986,4.492204704918549,4345.606200126639,0.4752206423527241,0.26627135834390675,0.41363854393172506,15,5,2,0,False,1,1,7.2001953125,1.89990234375,0.26386816763868165,0.10009765625,5.2001953125,0.09557494036585554,0.08379938320210685,1.2414860377201657,5.60009765625,26.2001953125,79.86368105343394,7.851857771904179,5.549784766094998,2.3020730058091807,4362.810380033464,4311.819600435286,1.175630077893482,0.7977991292795954,78.20812938923176,84.5845845845845,647.2,2.033374536464771,4354.2001953125,0.24865987962384106,4358.7001953125,0.3707478767142156,4356.2998046875,0.33626479761920025,4346.89990234375,0.476159734328398,4384.89990234375,4285.89990234375,99.0,-32.39990234375,66.60009765625,4326.2998046875,6.628557477678571,6.064278738839286,5.978550502232143,5.778564453125,4.75,-0.016182003986595795,0.09010345765388335,0.042124990194745374,0.0483369193431795,0.10621368784429577,0.038294784222622495,0.0002578920581986832,0.0009557494036585554,-0.4600497641172265,6.282847377232143,0.39711397963885814,7.6201171875,0.000604426673747449,0.0010201976432864133,0.6690590933198869,5.9564139229910715,0.44117797359394184,7.480029296875,0.0003855736097477025,0.0008379938320210686,0.8993283087382388,5.380704171316965,0.6698832674945043,6.180029296875,6.431964256793599e-05,0.000838539352805449,0.10467718212727226,5.471559012276786,0.6262523618494013,5.59599609375,0.8751225766120326,0,0.9378622876283357,1.7061228769011294,6.792864118303571,0.12882968971129413,29.83818503274734,0,SHORT,-1.0
4350.7001953125,4362.0,4346.2998046875,4360.39990234375,1918,15.7001953125,7.114292689732143,7.6798828125,6.919970703125,0.16315688581471974,0.1815026385697875,0.3105661575671689,0.7718951315865497,4352.970291371222,3.9483197755444053,4346.3282849453,5.386968353899647,4338.185248905727,3.614703395867764,4346.037853063156,0.4316529365169117,0.32375873325517196,0.5120724949130773,15,30,2,0,False,1,1,15.7001953125,9.69970703125,0.6178080487653169,1.60009765625,4.400390625,0.13259705747267972,0.0982508829417135,1.275391087587263,7.89990234375,13.5,73.46077689428888,7.495180682318278,6.891889694453696,0.6032909878645816,4369.655371088288,4318.874658208587,1.1689137911355232,0.8177365338201497,93.70037870777985,78.59946970444825,834.6,2.2981068775461297,4350.7001953125,-0.08038215614816961,4351.0,-0.17666265096142794,4357.0,0.016073166308401693,4352.5,0.12882968971129413,4384.89990234375,4285.89990234375,99.0,-24.5,74.5,4346.89990234375,6.964250837053571,6.907121930803571,6.692836216517857,6.792864118303571,5.778564453125,0.476159734328398,0.08286083967019553,0.09100092722852138,0.07645851670692151,0.09557494036585554,0.10621368784429577,0.0003634449571317644,0.0013259705747267973,0.22934154363088424,6.889983258928571,0.16511329921682558,7.59990234375,0.0003106685076652238,0.001091098991675776,0.0913405497835355,6.586415318080357,0.42964877188890827,7.610009765625,0.00038499771569774357,0.000982508829417135,0.6858016513598995,5.904277692522322,0.8174646103545239,6.8999755859375,0.00010157377837296311,0.0009092995156850662,0.16875450713140294,5.578126395089286,0.7521786902488908,5.92798828125,1.2912628947441345,1,1.1446023371128826,1.984339990546467,7.114292689732143,0.1815026385697875,29.578345864249716,1,SHORT,2.0
4358.2998046875,4364.39990234375,4356.5,4360.2998046875,1172,7.89990234375,8.19287109375,10.7,7.72998046875,0.18789696719804289,0.21373947799356469,0.0366992292041622,0.853492695037215,4354.975937619566,3.7598756625793612,4349.0210413202,4.790098548553033,4340.259336631831,3.5286314156255685,4346.345025657024,0.4998231841573215,0.2593402804939265,0.4617343458379932,15,45,2,0,False,1,1,7.89990234375,2.0,0.2531676865072007,4.10009765625,1.7998046875,0.17136432695815138,0.11478965210767883,1.436198115687725,9.2998046875,1.599609375,63.87514732647547,7.101424186304939,6.949794669024554,0.15162951728038543,4369.485606064115,4328.444374404636,0.9437011277772439,0.7761811474657981,81.01815222551258,69.97375989068303,962.25,1.2179786957651337,4358.0,0.022951572182694516,4350.89990234375,-0.05054318217227777,4360.39990234375,0.1815026385697875,4351.0,-0.17666265096142794,4384.89990234375,4285.89990234375,99.0,-24.60009765625,74.39990234375,4358.7001953125,8.028599330357142,7.621442522321429,7.114292689732143,6.907121930803571,6.064278738839286,0.3707478767142156,0.18887926580390346,0.17586290352634817,0.13259705747267972,0.09100092722852138,0.042124990194745374,0.00042828875911991025,0.0017136432695815137,-0.8489535791127698,7.584291294642857,0.5418736185345607,10.7,3.7522416595270336e-05,0.001357519955597515,0.017474291794414207,7.171425083705357,0.5699635551447876,8.82998046875,0.0004256515393596394,0.0011478965210767883,-0.22242625441561187,6.372848074776786,0.9596550133710897,7.7099853515625,0.00017545454929243087,0.0008753947496042395,0.4737172451167816,5.704554966517858,0.9430833174508725,6.061982421875,1.7511399908466905,1,1.0694303118053032,1.3802260055670965,8.19287109375,0.21373947799356469,30.17422449072695,1,SHORT,2.0
4360.39990234375,4362.0,4357.2998046875,4360.60009765625,827,4.7001953125,8.128592354910714,10.60009765625,7.7449951171875,0.186409947550102,0.22754733489603077,0.14698227129381405,0.8394490347177322,4356.1007696269035,4.987880998814035,4350.1238085903005,5.276746529048069,4341.057013534749,3.778485177512266,4346.486867169455,0.5933563101243635,0.24082737703376772,0.4501918325552691,15,50,2,0,False,1,1,4.7001953125,0.2001953125,0.042592977353002284,1.39990234375,3.10009765625,0.17047343804136483,0.11497065319226714,1.4155362241661587,9.89990234375,6.39990234375,61.87187949564187,7.150943484441996,6.990024432108042,0.16091905233395387,4368.319873662422,4333.2401361032025,0.8062861721311989,0.7799363238353838,80.10583633714242,80.0090386697305,989.3,0.8359446072980896,4360.2998046875,0.21373947799356469,4358.0,0.022951572182694516,4350.89990234375,-0.05054318217227777,4350.7001953125,-0.08038215614816961,4384.89990234375,4285.89990234375,99.0,-24.2998046875,74.7001953125,4354.2001953125,8.19287109375,8.028599330357142,7.621442522321429,6.964250837053571,6.628557477678571,0.24865987962384106,0.17136432695815138,0.18887926580390346,0.17586290352634817,0.08286083967019553,0.09010345765388335,0.00045584367433828545,0.0017047343804136483,-0.9367286566847505,7.817159598214286,0.45143751366467033,10.60009765625,0.0001476511840919903,0.001304720951086622,-0.2210865228203898,7.321428571428572,0.6073786638627963,8.25,0.00041868768362759436,0.0011497065319226714,-0.2025385706954063,6.536778041294643,0.965834979471921,7.725,0.00018793669251272903,0.0008691908254138195,0.4516436571765529,5.742412109375,1.0010509547151218,6.033984375,1.8496395268161836,1,1.115420070250436,1.2919234203906407,8.128592354910714,0.22754733489603077,30.528553292059357,1,SHORT,2.0
4351.2001953125,4355.7001953125,4350.0,4351.2998046875,610,5.7001953125,8.485770089285714,6.98017578125,7.9600341796875,0.1950169023091513,0.11504038434273407,-0.1537447295204222,-0.11477630613530916,4350.651242835468,-3.217155901006663,4349.878304736882,-0.7518277782291989,4343.459240208796,1.1250895845923878,4346.751302443064,0.08709164065203367,0.03267907401157603,0.1805142870024384,16,30,2,0,False,1,1,5.7001953125,0.099609375,0.017474730169607676,4.400390625,1.2001953125,0.047177592939980084,0.11108695209650224,1.3876363802277898,5.0,-6.7001953125,50.29335320872988,2.4325988348446117,4.064270188382571,-1.6316713535379597,4363.430246870764,4343.279762894862,0.462872519087017,0.39800740281123265,40.0,34.182054924242344,1030.2,0.592118035332945,4351.0,-0.004600921665605462,4346.7998046875,-0.3050455877354629,4347.39990234375,-0.30271510839975635,4346.2998046875,-0.26847625774437817,4384.89990234375,4285.89990234375,99.0,-33.60009765625,65.39990234375,4358.0,8.607177734375,8.421421595982142,8.071393694196429,8.507114955357142,8.028599330357142,0.022951572182694516,0.0777520108933134,0.09731564134929048,0.09760448714835199,0.10354846992546077,0.18887926580390346,0.00023006395651359313,0.00047177592939980084,1.1563207064147782,8.360002790178571,0.21518827708702537,6.98017578125,-0.00015351843158623035,0.0008596225815508658,-1.2510160109886332,8.3,0.195105320509464,7.320068359375,-5.6833221214885876e-05,0.0011108695209650224,-0.11163167812844924,7.629282924107143,0.7944835898615199,7.9400390625,0.00012073432855676414,0.0009075558684993967,0.13949067932928882,6.115269252232143,1.3965033097562152,6.36599609375,0.9762062525155053,1,0.7564504412146176,0.1675704701727412,8.485770089285714,0.11504038434273407,21.045496140493764,1,SHORT,2.0
4394.60009765625,4397.7998046875,4393.5,4397.60009765625,535,4.2998046875,3.978480747767857,3.89990234375,3.5899169921875,0.09046936191147151,0.2233532386386525,0.23705100931709855,0.11610922381900968,4392.531177319401,4.097483507907782,4389.362874035937,3.071018612534317,4376.699774894562,3.8020796146074645,4354.891182074015,1.9927451744088103,0.18766330915672935,0.4775361307982606,9,5,4,0,True,0,0,4.2998046875,3.0,0.6977061094708153,0.19970703125,1.10009765625,0.0343320132133134,0.05753537848350956,0.8378816434059286,9.80029296875,10.39990234375,65.24353935929497,4.635194068964665,4.941484854871444,-0.3062907859067785,4396.424256916771,4382.655870036355,0.3136635429068476,1.0854014889101928,98.53152376849059,90.64064527110475,352.0,1.5198863636363635,4394.5,0.06375218168326663,4394.7001953125,0.07970486072887693,4392.7001953125,0.15276323101915185,4387.7998046875,0.013667244445344711,4395.0,4384.2001953125,10.7998046875,2.60009765625,13.39990234375,4387.2001953125,3.8499232700892856,3.7427804129464284,3.7499302455357144,3.542759486607143,3.192836216517857,-0.004551831054728257,0.0647551450269063,0.06407812643804632,0.07907505975602695,0.0814990201356717,0.05891282366224319,0.0004463550478881695,0.00034332013213313406,-0.5431190973828264,3.772781808035714,0.1601400645281515,3.89990234375,0.00023697684040132616,0.0006295239209509949,-0.47516327938410546,3.5656389508928568,0.270223832984978,4.059912109375,5.817982829751655e-05,0.0005753537848350956,0.38005724171779076,3.2899588448660717,0.3554661334133918,3.5899169921875,0.0003417960121924768,0.0019587299558947863,6.458093788044205,4.748261021205357,1.616566864234843,3.369951171875,0.8886065598754789,0,3.182898182548602,2.0743299741670187,3.978480747767857,0.2233532386386525,36.357708933860536,0,SHORT,-1.0
4397.60009765625,4398.5,4395.7998046875,4397.0,464,2.7001953125,3.9427664620535716,3.919921875,3.5899169921875,0.08966946695596024,0.1799891132118061,0.28280577629823667,0.12295979195901445,4393.424941855521,4.857967275076589,4390.0902193658485,3.530912301222088,4377.495862153599,3.9627785451621094,4355.310175287209,2.051522857685086,0.15739495748107027,0.4455546837868552,9,10,4,0,True,0,0,2.7001953125,0.60009765625,0.22224231464737793,0.89990234375,1.2001953125,0.043335354121188795,0.057390911693619734,0.8377960155276143,7.89990234375,12.39990234375,66.25347684121417,4.716441778814442,4.896476239660044,-0.1800344608456017,4397.419768894991,4382.200348292509,0.34669884116482547,0.9724188649519091,89.51034624052448,89.50344066041447,367.95,1.2610409022965077,4397.60009765625,0.2233532386386525,4394.5,0.06375218168326663,4394.7001953125,0.07970486072887693,4389.10009765625,0.10263193677355971,4395.0,4384.2001953125,10.7998046875,2.0,12.7998046875,4384.60009765625,3.978480747767857,3.8499232700892856,3.7427804129464284,3.5427943638392856,3.2356654575892856,-0.06837450846084464,0.0343320132133134,0.0647551450269063,0.06407812643804632,0.073930389604028,0.06411943090311994,0.00035979443167970525,0.00043335354121188795,-0.2510184648294975,3.8527762276785715,0.10791707848146996,3.919921875,0.0002825963490693972,0.0005770670680366802,-0.5389478857136629,3.636349051339286,0.2667774248232108,3.949951171875,6.160043897658896e-05,0.0005739091169361973,0.36641694970876626,3.3503121512276786,0.35886312633378364,3.5899169921875,0.0003275021024545444,0.0019595768948458673,6.472172721252916,4.706117466517857,1.609390627083334,3.281962890625,0.7096550391062725,0,3.1942944968873253,1.7552792809437836,3.9427664620535716,0.1799891132118061,36.91154964020522,0,SHORT,-1.0
4396.7998046875,4397.2998046875,4394.60009765625,4395.10009765625,267,2.69970703125,3.9356166294642856,3.3798828125,3.594921875,0.08954555168295278,0.054633875225788525,0.20748056671796625,0.12757939756806017,4393.759973015667,4.366354288811635,4390.567350631601,3.4231970671771705,4378.186224330174,3.901489282361581,4355.706094912772,2.05498932023238,0.10323829843988776,0.3863214687416313,9,15,4,0,True,0,0,2.69970703125,1.69970703125,0.629589437511304,0.5,0.5,0.046167963056254605,0.057171456437665934,0.843704241594809,2.39990234375,9.10009765625,65.04504237099479,4.574789606359445,4.832138912999924,-0.25734930664047884,4398.0555396924165,4382.124587260708,0.3628844101456257,0.8144842846756603,76.22413439868879,88.08866813590122,375.3,0.7114308553157473,4397.0,0.1799891132118061,4397.60009765625,0.2233532386386525,4394.5,0.06375218168326663,4392.7001953125,0.15276323101915185,4395.0,4384.2001953125,10.7998046875,0.10009765625,10.89990234375,4386.0,3.9427664620535716,3.978480747767857,3.8499232700892856,3.7499302455357144,3.114222935267857,-0.011398609369656903,0.043335354121188795,0.0343320132133134,0.0647551450269063,0.07907505975602695,0.06660260678851418,0.0001093291242498129,0.000461679630562546,0.32169048784896903,3.8899135044642854,0.09483371341682817,3.3798828125,0.00020745958099591678,0.0006191422579922121,-0.1924510352241996,3.7184884207589284,0.2081688395147246,3.909912109375,6.390630193097712e-05,0.0005717145643766593,0.3687775726420245,3.4060232979910716,0.3589182641142394,3.594921875,0.0003183975182298826,0.0019620758374063133,6.460821774326564,4.6646875,1.6018613299832605,3.271953125,0.21501798787069018,0,3.1459177727664214,1.1529137572954584,3.9356166294642856,0.054633875225788525,36.870764515378156,0,SHORT,-1.0
4395.5,4398.0,4395.5,4397.2998046875,330,2.5,3.621337890625,2.8798828125,3.559912109375,0.08235367274172826,0.063711564171123,0.12750436336653326,0.18681977737597255,4394.794312417527,3.530365182339665,4391.659405789133,3.1636079237550803,4379.599417744809,3.752717248683439,4356.514935481564,2.0529887400343796,0.12843434285753919,0.40415538624318426,9,25,4,0,True,0,0,2.5,1.7998046875,0.719921875,0.7001953125,0.0,0.04369009603656174,0.05543793684251067,0.7913073631344096,2.7998046875,5.599609375,67.71800582491005,4.452172195867206,4.697801949923806,-0.24562975405660037,4399.670017664204,4382.180079992046,0.3983201142735633,0.864481336575752,91.60691115208633,82.98276764779524,380.6,0.8670520231213872,4395.7998046875,0.025021260293770928,4395.10009765625,0.054633875225788525,4397.0,0.1799891132118061,4394.5,0.06375218168326663,4395.0,4384.2001953125,10.7998046875,2.2998046875,13.099609375,4391.7001953125,3.6856166294642856,3.9356166294642856,3.9427664620535716,3.8499232700892856,3.4427664620535716,0.050124053138170636,0.04236296225459045,0.046167963056254605,0.043335354121188795,0.0647551450269063,0.07238682876597802,0.00012746701007955165,0.0004369009603656174,0.04645835280945024,3.832763671875,0.16603156627259646,2.8798828125,0.000127553312170392,0.0005207709449712743,-0.6603490710772189,3.7592006138392855,0.16315913539076343,3.369921875,9.347305537997786e-05,0.0005543793684251067,0.2818115115313168,3.478871372767857,0.3243563136424383,3.559912109375,0.0003260947391294944,0.001961475933616344,6.4545820736104815,4.576398577008929,1.5937516840802268,3.265947265625,0.2307211014038739,0,3.33025760328672,1.5595460236524707,3.621337890625,0.063711564171123,36.48407799306315,0,SHORT,-1.0
4397.5,4401.5,4396.39990234375,4400.7998046875,861,5.10009765625,3.7142159598214284,3.03994140625,3.669921875,0.08439865762276305,0.07276030016816035,0.2962760512936816,0.30541784751811135,4395.995410871522,3.464233552121186,4392.52991996993,3.167045933992995,4380.430805468052,3.7310305734899885,4356.9555809463,2.0643988722849826,0.18827156259020722,0.46499990809171665,9,30,4,0,True,0,0,5.10009765625,3.2998046875,0.6470081378650072,0.7001953125,1.10009765625,0.0467623891757939,0.05634311358767548,0.8185784894969309,3.19970703125,13.0,77.54969857007623,4.668635330561301,4.691968626051306,-0.023333295490004957,4401.21257241806,4381.977515472566,0.43799705466953753,0.9785408625651973,95.88120404411765,89.53512419627151,413.55,2.081973159231048,4397.2998046875,0.063711564171123,4395.7998046875,0.025021260293770928,4395.10009765625,0.054633875225788525,4397.60009765625,0.2233532386386525,4395.0,4384.2001953125,10.7998046875,5.7998046875,16.599609375,4387.7998046875,3.621337890625,3.6856166294642856,3.9356166294642856,3.978480747767857,3.542759486607143,0.013667244445344711,0.04369009603656174,0.04236296225459045,0.046167963056254605,0.0343320132133134,0.0814990201356717,0.00014556571795558692,0.000467623891757939,0.27467428605933686,3.779910714285714,0.14926389566169532,3.03994140625,0.0002959603829218782,0.00041797778005619405,-0.3181305312377341,3.7763462611607146,0.14599286758530988,3.469921875,0.00015263858700975685,0.0005634311358767548,0.06674435034507513,3.5120832170758924,0.3118966836503578,3.669921875,0.0003591180008792039,0.001955070487526467,6.47042705415288,4.5373974609375,1.5904434854358778,3.281943359375,0.27024746812597894,0,3.2575150806415736,2.2307411977063096,3.7142159598214284,0.07276030016816035,37.19038150800554,0,SHORT,-1.0
4400.7001953125,4401.10009765625,4399.10009765625,4400.7001953125,375,2.0,3.6356375558035716,2.89990234375,3.644921875,0.08261497930888699,0.08415272486922902,0.2642933038242708,0.29857091267838554,4396.9363677597175,3.511425904196585,4393.308041431128,3.217822065279506,4381.225683501168,3.729821347568759,4357.390850740989,2.0806754537798042,0.1682594029751665,0.44449917028172165,9,35,4,0,True,0,0,2.0,0.0,0.0,0.39990234375,1.60009765625,0.04530037998160948,0.05643195690484292,0.8075407969198473,3.7001953125,11.60009765625,76.15638575152042,4.777079086170488,4.7089907180751425,0.06808836809534569,4402.48645047567,4382.01364718058,0.46611197148377315,0.9127498497678568,95.29526654411765,94.26112724677381,412.75,0.9085402786190188,4400.7998046875,0.07276030016816035,4397.2998046875,0.063711564171123,4395.7998046875,0.025021260293770928,4397.0,0.1799891132118061,4395.0,4384.2001953125,10.7998046875,5.7001953125,16.5,4389.10009765625,3.7142159598214284,3.621337890625,3.6856166294642856,3.9427664620535716,3.5427943638392856,0.10263193677355971,0.0467623891757939,0.04369009603656174,0.04236296225459045,0.043335354121188795,0.073930389604028,0.00016833089412071622,0.0004530037998160948,0.12981661862391355,3.7184849330357137,0.12702948364350353,2.89990234375,0.00026406266290021076,0.0004299453005068611,-0.07002970609089584,3.785630580357143,0.13174711536520414,3.409912109375,0.00014922538789769458,0.0005643195690484292,0.08523759857893765,3.538865443638393,0.2973048124685478,3.644921875,0.00036375494145095776,0.0019538600493652653,6.475543548252352,4.502110072544642,1.5904872138969353,3.231943359375,0.3059488069577742,0,3.323312003605338,2.036669431896434,3.6356375558035716,0.08415272486922902,37.8462347718806,0,SHORT,-1.0
4400.7001953125,4402.60009765625,4399.89990234375,4402.60009765625,338,2.7001953125,3.2713797433035716,2.9,3.619921875,0.07430563009902057,0.17064457767411217,0.22537168264554677,0.36703744799384475,4398.069113739024,4.309140723356904,4394.192999166854,3.6256485352532763,4382.063895820975,3.8776714908008216,4357.840693993877,2.1345990811050797,0.1913229230256852,0.4686422271217897,9,40,4,0,True,0,0,2.7001953125,1.89990234375,0.703616636528029,0.0,0.80029296875,0.030841741174735763,0.055947492338142904,0.7328415064703069,7.5,9.89990234375,72.98340257132169,4.959161656178367,4.759024905695788,0.20013675048257884,4403.901575401947,4382.208532019928,0.4938031305502329,0.9400048336797162,100.0,97.0588235294117,414.4,0.8156370656370657,4400.7001953125,0.08415272486922902,4400.7998046875,0.07276030016816035,4397.2998046875,0.063711564171123,4395.10009765625,0.054633875225788525,4395.0,4384.2001953125,10.7998046875,7.60009765625,18.39990234375,4392.7001953125,3.6356375558035716,3.7142159598214284,3.621337890625,3.9356166294642856,3.7499302455357144,0.15276323101915185,0.04530037998160948,0.0467623891757939,0.04369009603656174,0.046167963056254605,0.07907505975602695,0.00034109446984176284,0.00030841741174735763,0.5781657322370423,3.5856375558035714,0.17962510108772717,2.9,0.00022521179704578786,0.0003897813437079131,-0.11127171514777637,3.7377755301339284,0.20989258439304645,3.13994140625,0.00018334819152349136,0.0005594749233814291,-0.08720348430866448,3.547433035714286,0.2862566954295748,3.619921875,0.0003626708617876218,0.001953805914139034,6.4778114481324005,4.463966238839285,1.5967900126186918,3.23794921875,0.5582432147076835,0,3.7076415144732695,2.574810586636921,3.2713797433035716,0.17064457767411217,38.71373746183035,0,SHORT,-1.0
4402.7001953125,4409.5,4402.7001953125,4407.10009765625,1191,6.89990234375,3.5999581473214284,3.8400390625,3.8249267578125,0.08168541824670446,0.25707023683607777,0.28215581934294526,0.4994048474037651,4399.87531052247,5.707371172436069,4395.422246642034,4.356567052728678,4383.045707657652,4.168754686013926,4358.330837313901,2.225800015310597,0.2656821201452782,0.5488053651042742,9,45,4,0,True,0,0,6.7998046875,4.39990234375,0.6470630475369812,2.39990234375,0.0,0.04069009881527264,0.05773706177670577,0.8114344508317166,11.30029296875,12.39990234375,76.73566959971518,5.404278636598065,4.888075651876243,0.5162029847218212,4406.030218759599,4382.269878896652,0.5407266388020543,1.045027929012054,89.04149294330115,94.77891982913953,453.2,2.627978817299206,4402.60009765625,0.17064457767411217,4400.7001953125,0.08415272486922902,4400.7998046875,0.07276030016816035,4395.7998046875,0.025021260293770928,4395.0,4384.2001953125,10.7998046875,12.10009765625,22.89990234375,4394.7001953125,3.2713797433035716,3.6356375558035716,3.7142159598214284,3.6856166294642856,3.7427804129464284,0.07970486072887693,0.030841741174735763,0.04530037998160948,0.0467623891757939,0.04236296225459045,0.06407812643804632,0.000513678800572337,0.00040690098815272644,-0.03716611103248988,3.568505859375,0.1716118416819388,3.82001953125,0.00028189404187822786,0.0004615630002335254,0.1675246125587755,3.7234933035714284,0.2143265512266061,3.53994140625,0.0002492703208186786,0.0005773706177670577,-0.2488420983783898,3.572787039620536,0.26558744990251526,3.819921875,0.0003729364249911682,0.0019559368621789065,6.441066652155375,4.436535993303572,1.5996715698707056,3.31994140625,0.9254420935318873,0,3.437967464591461,3.252503639546425,3.5999581473214284,0.25707023683607777,40.4142188305717,1,SHORT,2.0
4407.0,4408.0,4403.60009765625,4404.5,762,4.39990234375,3.621372767857143,4.22001953125,3.7599365234375,0.08221983807145289,0.16374128743336142,0.22755717373990214,0.34172456999658274,4400.800248417976,6.005936000448855,4396.286794580888,4.627388791755038,4383.887052455391,4.287634710582097,4358.790231967494,2.2752964859300846,0.18682142005011154,0.4701979612605094,9,50,4,0,True,0,0,4.39990234375,2.5,0.5681944290311841,1.0,0.89990234375,0.06475272026748795,0.05794761578569431,0.821525889870337,7.2001953125,10.0,80.36399147727272,5.484014592992025,5.0072634400994005,0.47675115289262493,4407.4208198970355,4382.379277759215,0.569786385574284,0.8833610214195171,77.16884796325611,88.73678030218566,460.65,1.6541843047867144,4407.10009765625,0.25707023683607777,4402.60009765625,0.17064457767411217,4400.7001953125,0.08415272486922902,4397.2998046875,0.063711564171123,4395.0,4384.2001953125,10.7998046875,9.5,20.2998046875,4394.5,3.5999581473214284,3.2713797433035716,3.6356375558035716,3.621337890625,3.8499232700892856,0.06375218168326663,0.04069009881527264,0.030841741174735763,0.04530037998160948,0.04369009603656174,0.0647551450269063,0.0003274359824441575,0.0006475272026748794,-0.5767647381569138,3.5685128348214286,0.1716145266760956,4.2,0.00022745149626185457,0.000531315420469789,-0.08563309512362077,3.7006382533482145,0.2115139525789208,3.53994140625,0.00017074503635249315,0.0005794761578569431,-0.08669684161529637,3.593856375558036,0.2507566269777897,3.754931640625,0.0003444932227835329,0.0019594595872043266,6.4489584664211295,4.40810546875,1.6013062760650618,3.3259375,0.592968239285044,0,3.424044670450863,2.2722182922296073,3.621372767857143,0.16374128743336142,41.993237244402955,1,SHORT,2.0
4407.39990234375,4410.7998046875,4407.39990234375,4409.0,527,3.69970703125,3.2927943638392856,4.119921875,3.329931640625,0.07468347389066195,0.23643664149626795,0.1977182396352166,0.14764338444065872,4404.359969713566,4.606562155689062,4402.073366192961,2.6976987460229793,4394.947284507814,2.4546880002335456,4367.893557421306,1.9503581500121072,0.1573493495186702,0.31974707732494106,11,50,4,0,True,0,0,3.39990234375,1.60009765625,0.47063047536981184,1.7998046875,0.0,0.05291124196817461,0.04951615470946122,0.9380181350239009,10.39990234375,8.7001953125,66.53809614288429,2.5639294119609986,1.9989958702282595,0.564933541732739,4407.681372531985,4395.008666530514,0.28792802984621746,1.104052557351339,87.23507410998754,83.07351542165033,341.15,1.5447750256485417,4407.10009765625,0.1431624533803892,4405.89990234375,0.14091203391211182,4406.60009765625,0.14317872073258503,4398.60009765625,-0.03862707330621781,4395.0,4384.2001953125,10.7998046875,14.0,24.7998046875,4400.2998046875,3.228515625,3.207066127232143,3.085658482142857,2.9999302455357144,3.642787388392857,0.024995665716047017,0.06874439758390466,0.06876314324046835,0.06840701848942632,0.03353235438326339,0.05467401927558842,0.00047253860941933736,0.000529112419681746,0.8357034663827161,3.144224330357143,0.15230825260301928,4.0599609375,0.00019765875210646654,0.0005082865209487142,0.8930625404866921,3.1434988839285714,0.145738216787737,3.219970703125,7.388640954472114e-05,0.0004951615470946122,0.4333284174891362,3.4970877511160707,0.3860134783345977,3.31494140625,9.882935004014826e-05,0.0005450180561045152,0.003265890017631699,3.510373883928571,0.3386102438057428,3.5659375,0.7785372405240009,0,2.164144157741323,2.1068831070851455,3.2927943638392856,0.23643664149626795,20.533570891898236,1,SHORT,2.0
4409.2001953125,4410.7001953125,4408.60009765625,4408.7001953125,205,2.10009765625,3.2071010044642856,3.719921875,3.2349365234375,0.07274481961540953,0.17724313530957303,0.21822867048114533,0.17724313530957303,4405.228014833353,5.245308318300886,4402.704492775774,3.1836601005688863,4395.486614343292,2.6643195676260802,4368.299593619228,2.008566456666813,0.13618226130243,0.3006170221538099,11,55,4,0,True,0,0,2.10009765625,0.5,0.23808416647291328,1.5,0.10009765625,0.057872028558827615,0.048574500052252494,0.9123816361590237,7.80029296875,9.60009765625,66.53809614288429,2.7845864808732586,2.1561139923572594,0.6284724885159991,4408.866399404487,4394.603668954887,0.32402519322151807,0.9883469653602006,85.10874082282865,86.0987319617323,325.05,0.6306722042762651,4409.0,0.23643664149626795,4407.10009765625,0.1431624533803892,4405.89990234375,0.14091203391211182,4400.89990234375,0.04091301965278987,4395.0,4384.2001953125,10.7998046875,13.7001953125,24.5,4399.10009765625,3.2927943638392856,3.228515625,3.207066127232143,2.9070870535714284,3.371337890625,-0.031812347318486534,0.05291124196817461,0.06874439758390466,0.06876314324046835,0.04015909801285928,0.054201389578040486,0.0003543690945196465,0.0005787202855882761,1.3375930317865425,3.2042271205357147,0.07501488052930919,3.6599609375,0.00021812312913919163,0.0004910758674032505,0.9339252540526648,3.1270751953125,0.12498617335923701,3.17998046875,8.865909504124914e-05,0.00048574500052252494,0.3988369970875642,3.471372767857143,0.3874119610820288,3.2199462890625,8.926254506950392e-05,0.0005436348678976974,0.05367581519419794,3.5150871930803564,0.33254114698336285,3.54994140625,0.5684366372857309,0,2.2505928009236706,1.8720544228771792,3.2071010044642856,0.17724313530957303,21.652833933226507,1,SHORT,2.0
4408.39990234375,4410.2001953125,4407.2001953125,4409.0,475,3.0,3.257080078125,3.0798828125,3.11494140625,0.0738734424614425,0.05446154156412882,0.1977182396352166,0.2432802625481837,4405.982411866683,4.676227123391072,4403.304064892367,3.1090165046816765,4396.016551035712,2.6539502647292466,4368.704572787196,2.0124603460908475,0.12935593417331281,0.2953457707348518,12,0,4,0,True,0,0,3.0,0.60009765625,0.20003255208333334,1.2001953125,1.19970703125,0.024250164621201612,0.04588350214270476,0.9255095024604735,2.39990234375,8.7001953125,65.73802066107663,2.94964881499709,2.3148209568852254,0.6348278581118647,4409.90406716654,4394.636020724086,0.3468221233600344,0.940786978219691,87.23507410998754,86.52629634760116,321.65,1.4767604539095291,4408.7001953125,0.17724313530957303,4409.0,0.23643664149626795,4407.10009765625,0.1431624533803892,4406.60009765625,0.14317872073258503,4395.0,4384.2001953125,10.7998046875,14.0,24.7998046875,4400.2998046875,3.2071010044642856,3.2927943638392856,3.228515625,3.085658482142857,3.228480747767857,0.002263746433767107,0.057872028558827615,0.05291124196817461,0.06874439758390466,0.06840701848942632,0.05623414263114448,0.00010892288179495946,0.0002425016462120161,0.3796679554151435,3.238511439732143,0.03662911958092008,3.019921875,0.00019765177911604815,0.0004928110340243671,1.0758546595739618,3.1299351283482144,0.12785855166093857,3.32001953125,0.00012159976587032273,0.0004588350214270476,0.42337031487769294,3.438514927455357,0.37556080874743125,3.099951171875,9.836995702532381e-05,0.0005392839736260355,0.01688072534209257,3.519229213169643,0.32788690806404025,3.551943359375,0.17738560205250065,0,2.2374377300696553,1.7510478713758173,3.257080078125,0.05446154156412882,21.974893340842385,1,SHORT,2.0
4378.5,4382.0,4373.60009765625,4377.60009765625,1209,8.39990234375,7.385672433035714,7.49990234375,6.27998046875,0.1687151011575949,-0.17103372404220837,-0.7211821425087185,-0.7279428585728418,4386.225930013273,-12.037541153785241,4393.651543482358,-8.39851036500113,4397.764761076016,-3.736730731510761,4378.180195746635,0.14318088452728261,-0.3653327003120859,-0.4585207375856133,14,55,4,0,False,1,1,8.39990234375,0.89990234375,0.10713247689356507,3.5,4.0,0.06368155771995536,0.10848776479361853,1.953015912834484,-7.5,-31.7998046875,28.5180333275314,-6.737879187119688,-3.956168395495054,-2.781710791624634,4421.701672132282,4373.028357164594,1.1068745670543074,0.09392704184399385,9.708806902354906,9.442007197500224,938.25,1.2885691446842527,4378.7001953125,-0.1800916921506225,4382.7001953125,-0.24354047592030081,4384.5,-0.6075262592450009,4385.10009765625,-0.5510909698751479,4395.0,4384.2001953125,10.7998046875,-17.39990234375,-6.60009765625,4409.39990234375,7.057094029017857,7.128522600446429,6.749930245535714,6.085693359375,3.750034877232143,0.20907473803238266,0.06348676258996694,0.08118595274338043,0.17831272988328872,0.182341293908316,0.04649627263215247,-0.0003421394921447662,0.0006368155771995536,1.2707403955485435,6.978515625,0.32112352242353687,7.49990234375,-0.0007227131953852495,0.001348655245424592,-1.8200977775494669,5.941402762276786,1.3010099568511602,8.769921875,-0.00036467590286527464,0.0010848776479361853,-2.102845275653825,4.697145298549108,1.5653156821727627,6.27998046875,-0.00010266316337009807,0.0008066814701179566,-2.3663055317570594,3.781675502232143,1.2471142869692813,4.39197265625,-1.2631990607779762,1,-0.5569184973950363,-2.1653823386611535,7.385672433035714,-0.17103372404220837,28.137497600384744,0,LONG,-1.0
4380.2001953125,4382.10009765625,4366.10009765625,4367.39990234375,2803,16.0,7.471365792410714,6.87998046875,7.3199462890625,0.17107125428109368,-0.34000189416097026,-0.3900124907344053,-0.7972764941794435,4379.809182526671,-5.147404869323509,4386.367880018153,-5.3019758001710215,4393.349472255453,-3.2600589103531092,4378.298044263724,0.02740415626885806,-0.4324301607444016,-0.5906557189583492,15,30,4,0,False,1,1,16.0,12.80029296875,0.800018310546875,1.89990234375,1.2998046875,0.1291632499319249,0.1268965377517687,1.7066966525739913,-14.89990234375,-17.10009765625,22.222106295515715,-7.073496338352015,-5.994082890473637,-1.0794134478783786,4415.621298659429,4362.368740403072,1.213320088525528,0.09447737546163394,4.220171850724499,12.882761129528715,1173.85,2.3878689781488265,4380.0,-0.07301047567761942,4380.89990234375,0.07537930861402124,4384.0,0.1210360255578485,4382.2998046875,-0.05018121365035922,4395.0,4384.2001953125,10.7998046875,-27.60009765625,-16.80029296875,4384.5,7.78564453125,7.821358816964286,7.735665457589286,7.664202008928571,6.749930245535714,-0.6075262592450009,0.040219928488911386,0.07473356666273784,0.0635988265073612,0.08205490888939332,0.17831272988328872,-0.0006802621140417964,0.0012916324993192492,-1.7222861713250937,7.67421875,0.15224757449068654,6.87998046875,-0.0003901877410572907,0.0010649930986189038,-1.18627318245609,7.530653599330357,0.2685881707874001,6.899951171875,-0.00039938969459599736,0.001268965377517687,-1.5487118784762899,6.21318359375,1.621221919367384,7.3199462890625,-0.00015195115463670917,0.0009100150254924173,-2.0135523861527664,4.377676478794643,1.8247955790495616,4.9459765625,-2.5402785213891215,1,-0.934446583299639,-2.52777804524575,7.471365792410714,-0.34000189416097026,32.79903288717729,0,LONG,-1.0
4367.39990234375,4371.89990234375,4361.89990234375,4363.10009765625,2642,10.0,7.335658482142857,8.13994140625,7.5849365234375,0.16812950237110974,-0.43585634624088526,-0.4472151135779995,-0.9961402846324029,4376.467365552588,-7.937943426708443,4384.151900745591,-6.616082643607115,4392.1632222711705,-3.881236900388103,4378.146820914396,-0.16291924485085474,-0.4801796006602939,-0.6617041112577801,15,35,4,0,False,1,1,10.0,4.2998046875,0.42998046875,4.5,1.2001953125,0.12398059261661187,0.1229365881213641,1.6431487319596052,-19.10009765625,-19.60009765625,23.476181028591583,-8.042576027996802,-6.4037815179782696,-1.6387945100185322,4414.396979249681,4359.203069578443,1.2581815757286496,0.0706061248608645,4.211211622807017,8.380465492477496,1287.25,2.052437366478928,4367.39990234375,-0.34000189416097026,4380.0,-0.07301047567761942,4380.89990234375,0.07537930861402124,4382.2001953125,-0.011408491973390585,4395.0,4384.2001953125,10.7998046875,-31.89990234375,-21.10009765625,4382.7001953125,7.471365792410714,7.78564453125,7.821358816964286,7.557059151785714,7.128522600446429,-0.24354047592030081,0.1291632499319249,0.040219928488911386,0.07473356666273784,0.08019950437978934,0.08118595274338043,-0.0008726206834509087,0.0012398059261661187,-1.2321985136816183,7.629938616071428,0.214365533591162,8.13994140625,-0.0004475907615992036,0.0010815505065529664,-0.956429659174647,7.5513671875,0.24066566885694965,7.099951171875,-0.000499723158913734,0.001229365881213641,-1.527279271956538,6.398536900111607,1.5188564043646777,7.5849365234375,-0.00016164475905216857,0.0009163557900822859,-1.9537645447330438,4.464391043526786,1.8606536509048996,5.069970703125,-3.197293303297744,1,-1.0921066656908258,-2.8560103603970743,7.335658482142857,-0.43585634624088526,34.5575186922985,0,LONG,-1.0
4362.89990234375,4368.7998046875,4359.2001953125,4368.60009765625,1703,9.599609375,7.371337890625,9.01982421875,7.8049072265625,0.16873455399544848,-0.3512751447023266,-0.2306642886183984,-0.938773295776644,4374.89391197332,-9.430335210116937,4382.670776641844,-7.452636900763537,4391.239178168626,-4.3329492707152895,4378.051828643171,-0.3145310169793447,-0.32105261158529075,-0.5155510687035102,15,40,4,0,False,1,1,9.599609375,5.7001953125,0.593794506612411,0.19970703125,3.69970703125,0.1492279971221983,0.12649904113209098,1.6187664192765177,-15.39990234375,-10.10009765625,32.919185588062845,-8.271426770276776,-6.777310568437971,-1.4941162018388043,4411.186995240767,4358.273063352983,1.2067774192307423,0.19516664014248766,30.12817503169163,12.853186168407646,1334.4,1.2762290167865706,4363.10009765625,-0.43585634624088526,4367.39990234375,-0.34000189416097026,4380.0,-0.07301047567761942,4384.0,0.1210360255578485,4395.0,4384.2001953125,10.7998046875,-26.39990234375,-15.60009765625,4378.7001953125,7.335658482142857,7.471365792410714,7.78564453125,7.735665457589286,7.057094029017857,-0.1800916921506225,0.12398059261661187,0.1291632499319249,0.040219928488911386,0.0635988265073612,0.06348676258996694,-0.0007026479671502939,0.001492279971221983,-0.327112450354859,7.5570731026785705,0.23073772065992312,9.01982421875,-0.0002302656674407988,0.001190563485361024,-0.9915177498985374,7.582791573660716,0.18242482457132034,7.409912109375,-0.00047073133942856506,0.00126499041132091,-1.3681981102471596,6.580315290178571,1.3959851790216433,7.8049072265625,-0.00014689031203866777,0.0009333828247779861,-1.831361052318498,4.553676060267858,1.8912587427352938,5.1799609375,-2.58936778417904,1,-1.1623943514621744,-1.902708153031601,7.371337890625,-0.3512751447023266,36.36702166648173,0,LONG,-1.0
4368.60009765625,4375.2001953125,4366.10009765625,4373.60009765625,1614,9.10009765625,7.335658482142857,9.719921875,8.1249267578125,0.16772586240964124,-0.16662797256779724,-0.09137426696745517,-0.8118974345799562,4374.635149109907,-9.004229105593367,4381.80690245274,-7.438081451880862,4390.547449521082,-4.449296541962212,4378.007532812455,-0.38403622763235035,-0.18729270776164408,-0.3859963264189423,15,45,4,0,False,1,1,9.10009765625,5.0,0.549444653109406,1.60009765625,2.5,0.17054261053117817,0.13142717844759452,1.581412106996595,-7.2998046875,-4.0,42.052365279756344,-7.957604112287299,-7.013369277207838,-0.9442348350794614,4407.115075836798,4358.765002288202,1.1031424823903788,0.30682673839446784,46.15396653990015,26.831117731466197,1396.0,1.156160458452722,4368.60009765625,-0.3512751447023266,4363.10009765625,-0.43585634624088526,4367.39990234375,-0.34000189416097026,4380.89990234375,0.07537930861402124,4395.0,4384.2001953125,10.7998046875,-21.39990234375,-10.60009765625,4377.60009765625,7.371337890625,7.335658482142857,7.471365792410714,7.821358816964286,7.385672433035714,-0.17103372404220837,0.1492279971221983,0.12398059261661187,0.1291632499319249,0.07473356666273784,0.06368155771995536,-0.00033231387371555063,0.0017054261053117816,-0.796798184285994,7.459933035714286,0.19036551375162453,9.719921875,-9.068868654276141e-05,0.0012671833379556646,-1.0598625057736268,7.577790178571428,0.1889967722748887,7.479931640625,-0.00040670094096400546,0.0013142717844759452,-1.2749231797252774,6.759596470424107,1.2342468206380552,8.1249267578125,-0.00014990436455716516,0.0009288633012440969,-1.8705093283390006,4.638676060267858,1.9192325344995622,5.237958984375,-1.222325900329229,1,-1.1915149934554121,-1.1166596794966195,7.335658482142857,-0.16662797256779724,36.57266328653774,0,LONG,-1.0
4373.5,4375.2001953125,4366.5,4370.5,1278,8.7001953125,7.599958147321429,10.67998046875,8.33994140625,0.17389218961952704,-0.2168949771689498,-0.28974709679201727,-0.9428638683503209,4373.808119287925,-9.103383284475058,4380.730054600099,-7.634454646939048,4389.761275030059,-4.647363344239238,4377.932830993426,-0.4747423348189841,-0.2335239668410172,-0.43877727792673077,15,50,4,0,False,1,1,8.7001953125,3.0,0.3448198451004602,1.7001953125,4.0,0.1710912279183173,0.12933917902895753,1.6079347587551815,-9.5,-12.7001953125,35.94371997254633,-7.86834794983406,-7.184365011733083,-0.6839829381009777,4401.348650083554,4360.37141827582,0.9353695732807603,0.24717584076208882,36.217662801070475,37.49993479088735,1421.15,0.8992717165675684,4373.60009765625,-0.16662797256779724,4368.60009765625,-0.3512751447023266,4363.10009765625,-0.43585634624088526,4380.0,-0.07301047567761942,4395.0,4384.2001953125,10.7998046875,-24.5,-13.7001953125,4383.2001953125,7.335658482142857,7.371337890625,7.335658482142857,7.78564453125,7.699951171875,0.03880395555175168,0.17054261053117817,0.1492279971221983,0.12398059261661187,0.040219928488911386,0.08859430356668539,-0.0004329949946397127,0.0017109122791831729,-0.4991113652269187,7.422795758928572,0.11355536339696437,10.67998046875,-0.00028949694678988004,0.0011814236828066337,-0.906612035721137,7.567790876116071,0.18440482924219284,7.599951171875,-0.00047276059460467644,0.0012933917902895754,-1.196615446806208,6.943879045758928,1.0481881925204564,8.33994140625,-0.0001609028367053944,0.0009322216464933452,-1.8180770960683603,4.726533900669643,1.9526170672021836,5.339970703125,-1.6483927488482553,1,-1.1883250216506578,-1.3429238389140041,7.599958147321429,-0.2168949771689498,36.76361621944689,0,LONG,-1.0
4370.2998046875,4370.7998046875,4363.60009765625,4364.7001953125,1085,7.19970703125,7.542794363839286,8.919921875,8.479931640625,0.17281357312788453,-0.06181497210276558,-0.40160669418771133,-1.0563691301480505,4371.98653449284,-7.822648033830774,4379.203401334613,-7.1644786835404375,4388.778487590155,-4.570984665298056,4377.801162976701,-0.4968812870229158,-0.3311836581441466,-0.5486331184346568,15,55,4,0,False,1,1,7.19970703125,5.599609375,0.7777551712444897,0.5,1.10009765625,0.12304483627678983,0.13051243836762735,1.5672298540014593,-2.69970703125,-17.599609375,33.27131473380406,-8.171412607315688,-7.381774530849603,-0.7896380764660842,4394.5560565734895,4362.504050848386,0.7320266238195223,0.06851816023462626,20.6769953741097,34.34954157169338,1434.25,0.7564929405612689,4370.5,-0.2168949771689498,4373.60009765625,-0.16662797256779724,4368.60009765625,-0.3512751447023266,4367.39990234375,-0.34000189416097026,4395.0,4384.2001953125,10.7998046875,-30.2998046875,-19.5,4382.2998046875,7.599958147321429,7.335658482142857,7.371337890625,7.471365792410714,7.664202008928571,-0.05018121365035922,0.1710912279183173,0.17054261053117817,0.1492279971221983,0.1291632499319249,0.08205490888939332,-0.00012305498824158879,0.0012304483627678983,0.46970075801543,7.4370814732142865,0.12509945152723775,8.919921875,-0.00040165855114169256,0.0012249929795513101,-0.5532880370927122,7.555650111607143,0.18132291848086887,7.899951171875,-0.0005300430267290712,0.0013051243836762736,-1.0352836287191127,7.128874860491072,0.7585753518436081,8.479931640625,-0.00019289165647518036,0.0009444117579946083,-1.6847649760562364,4.812819475446428,1.9801976883726236,5.42396484375,-0.46625762317762287,1,-1.2694348796576036,-1.9164215642892002,7.542794363839286,-0.06181497210276558,37.216648765672474,0,LONG,-1.0
4364.7001953125,4368.7001953125,4353.0,4353.2001953125,3067,15.7001953125,8.199951171875,10.0599609375,8.2449462890625,0.18836604805597176,-0.22690064683750857,-0.661768032209491,-0.9150022289071531,4368.229266656773,-8.238098895814801,4376.7269055229835,-7.424995222607322,4387.383260442012,-4.77996182915831,4377.556377228799,-0.5904436855971653,-0.5375411972996357,-0.7791219298691585,16,0,4,0,False,1,1,15.7001953125,11.5,0.7324749642346209,4.0,0.2001953125,0.16641780194943104,0.11296869267365985,1.66972380373947,-9.89990234375,-29.0,29.200586257985364,-9.233113833463904,-7.7520423913724645,-1.481071442091439,4394.64039223626,4358.39974448249,0.8280699548432611,-0.1434728541641228,0.6103551969512013,19.168337790710392,1447.45,2.1188987529793772,4364.7001953125,-0.06181497210276558,4370.5,-0.2168949771689498,4373.60009765625,-0.16662797256779724,4363.10009765625,-0.43585634624088526,4395.0,4384.2001953125,10.7998046875,-41.7998046875,-31.0,4382.2001953125,7.542794363839286,7.599958147321429,7.335658482142857,7.335658482142857,7.557059151785714,-0.011408491973390585,0.12304483627678983,0.1710912279183173,0.17054261053117817,0.12398059261661187,0.08019950437978934,-0.00045310529700293145,0.0016641780194943103,-0.17699556978872133,7.609940011160714,0.3481675869468599,10.0599609375,-0.0006628629902269201,0.001401047693659011,-0.22683486000219077,7.619939313616072,0.2727825472619396,9.099951171875,-0.0004588948032183904,0.0011296869267365985,-0.40407183242777495,7.287086704799107,0.6155253743749696,8.2449462890625,-0.0002542091496943955,0.0010009097704385724,-1.5374213683475157,4.910962611607143,2.0244351310772055,5.669970703125,-1.860574224934424,1,-1.29956321637364,-2.853705340465118,8.199951171875,-0.22690064683750857,38.45037857987741,0,LONG,-1.0
4353.10009765625,4361.89990234375,4350.2001953125,4358.89990234375,2091,11.69970703125,8.435651506696429,10.47998046875,8.2349365234375,0.1935270755394185,-0.22204356305591225,-0.5725387239108121,-0.6314730017742021,4366.363393794169,-8.53051817915184,4375.02909569639,-7.641680945454027,4386.266266006786,-4.972912161839304,4377.370740662779,-0.6810879803915668,-0.3686648248466703,-0.6239102234883326,16,5,4,0,False,1,1,11.69970703125,5.7998046875,0.4957222152664747,3.0,2.89990234375,0.16768208719757777,0.11648474071247832,1.681905085887607,-9.7001953125,-25.10009765625,35.81156177294349,-9.505032878996644,-8.1026404888973,-1.4023923900993438,4394.220144374282,4356.049972813217,0.872434131743897,0.07466378624925565,24.43764744609645,15.241666005719049,1431.95,1.4602465169873249,4353.2001953125,-0.22690064683750857,4364.7001953125,-0.06181497210276558,4370.5,-0.2168949771689498,4368.60009765625,-0.3512751447023266,4395.0,4384.2001953125,10.7998046875,-36.10009765625,-25.30029296875,4384.0,8.199951171875,7.542794363839286,7.599958147321429,7.371337890625,7.735665457589286,0.1210360255578485,0.16641780194943104,0.12304483627678983,0.1710912279183173,0.1492279971221983,0.0635988265073612,-0.00044335676455298234,0.0016768208719757777,-0.16305092708732735,7.822802734375,0.4698932010750641,10.47998046875,-0.0005730023658516381,0.0015026861436247551,-0.1450652551439433,7.689937918526786,0.37604501170634524,9.74990234375,-0.00031604250150607527,0.0011648474071247832,-0.5272075570608576,7.426726422991071,0.5343113362740644,8.2349365234375,-0.00022666289794593064,0.0010248064944652004,-1.4410108479049997,5.0155336216517865,2.069171553736491,5.861962890625,-1.8730821172448497,1,-1.332104615923972,-1.9049780182906701,8.435651506696429,-0.22204356305591225,39.771024833580675,0,LONG,-1.0
4358.10009765625,4360.2001953125,4344.7001953125,4351.5,2364,15.5,9.007080078125,11.7599609375,8.554931640625,0.20698793699011836,-0.5053067761749211,-0.6710927663063304,-0.7662333107107085,4363.390715035335,-11.244434074571473,4372.78822943959,-9.018673013149964,4384.902883026129,-5.644566494953324,4377.113320357677,-0.8942124547775165,-0.4868342193264333,-0.7617701900635134,16,10,4,0,False,1,1,15.5,6.60009765625,0.42581275201612906,2.10009765625,6.7998046875,0.14733619395256922,0.12051818328075445,1.7555834816311275,-22.10009765625,-29.39990234375,26.587473313715307,-10.200061003300107,-8.522124591777862,-1.6779364115222446,4394.645955604387,4352.264151817487,0.969069151652512,-0.01803018628770768,16.5446941975954,13.864232280214281,1457.4,1.6220666941128035,4358.89990234375,-0.22204356305591225,4353.2001953125,-0.22690064683750857,4364.7001953125,-0.06181497210276558,4373.60009765625,-0.16662797256779724,4395.0,4384.2001953125,10.7998046875,-43.5,-32.7001953125,4380.89990234375,8.435651506696429,8.199951171875,7.542794363839286,7.335658482142857,7.821358816964286,0.07537930861402124,0.16768208719757777,0.16641780194943104,0.12304483627678983,0.17054261053117817,0.07473356666273784,-0.0010117937758702621,0.0014733619395256921,1.0296767080006697,8.157087053571429,0.6102605500521758,11.7599609375,-0.0006720538247929064,0.0015445721006036234,0.05374306010109759,7.808510044642857,0.5627005501834818,10.73994140625,-0.00038382766027513784,0.0012051818328075445,-0.3764407891372882,7.572795758928571,0.5475642936009718,8.554931640625,-0.00026197603032368733,0.0010446738009505247,-1.3145017929908693,5.130533621651786,2.128384983542369,6.111962890625,-4.5513385970267,1,-1.3450145309533128,-2.351993195379665,9.007080078125,-0.5053067761749211,41.311873815931015,0,LONG,-1.0
4351.5,4353.89990234375,4345.89990234375,4350.7998046875,1419,8.0,9.278529575892858,11.619921875,8.474951171875,0.2132603197668686,-0.45075381106280743,-0.6666711258561644,-0.7006777430674427,4360.872532965768,-12.935586322157178,4370.694093748915,-10.035960851183518,4383.5655074050055,-6.195767625053122,4376.851494331108,-1.0813366623178808,-0.4551745932040552,-0.7474669344431046,16,15,4,0,False,1,1,8.0,0.7001953125,0.0875244140625,2.39990234375,4.89990234375,0.15211305337935863,0.12016130331376315,1.76581396275007,-19.7001953125,-29.2001953125,26.666329084622177,-10.684214732417786,-8.954542619905848,-1.7296721125119383,4395.019016729181,4348.821071161444,1.0566969455838313,0.042831634648231254,14.841039775697382,18.607793806463008,1461.35,0.9710199473089952,4351.5,-0.5053067761749211,4358.89990234375,-0.22204356305591225,4353.2001953125,-0.22690064683750857,4370.5,-0.2168949771689498,4395.0,4384.2001953125,10.7998046875,-44.2001953125,-33.400390625,4380.0,9.007080078125,8.435651506696429,8.199951171875,7.599958147321429,7.78564453125,-0.07301047567761942,0.14733619395256922,0.16768208719757777,0.16641780194943104,0.1710912279183173,0.040219928488911386,-0.0009022114552808214,0.0015211305337935863,0.6443429965713585,8.492801339285714,0.6843595656392939,11.619921875,-0.000667603224960267,0.0015461294300046014,0.04398629627568392,7.9577985491071415,0.7293262642476659,11.149951171875,-0.0003508239006946523,0.0012016130331376316,-0.4681938326490402,7.708154296875,0.6171632764688216,8.474951171875,-0.00025974991222363683,0.0010447701251850986,-1.3207775113276825,5.254534040178571,2.186215479562279,6.23396484375,-4.18233256739268,1,-1.3872255890127538,-2.1343613931632563,9.278529575892858,-0.45075381106280743,42.7426621566849,0,LONG,-1.0
4350.7998046875,4352.7998046875,4341.39990234375,4345.10009765625,1877,11.39990234375,9.828508649553571,12.4599609375,8.7949462890625,0.2261975197039782,-0.4490594262877358,-0.5105968124314169,-0.8986179118200479,4357.718045903865,-14.268488588975742,4368.256570311519,-10.946831023094092,4382.057059963879,-6.721427626276636,4376.535560035837,-1.2656029408635732,-0.530107888182433,-0.8433701752832319,16,20,4,0,False,1,1,11.39990234375,5.69970703125,0.4999785839722448,2.0,3.7001953125,0.1519962275568563,0.11938976654689586,1.822807411774279,-19.60009765625,-22.2998046875,24.623431102086073,-11.396457505787112,-9.4429255970821,-1.9535319087050116,4395.1559741624405,4344.744123493809,1.1536024463746581,0.00706131906922377,8.333791556234948,13.23984184317584,1503.85,1.2481298001795393,4350.7998046875,-0.45075381106280743,4351.5,-0.5053067761749211,4358.89990234375,-0.22204356305591225,4364.7001953125,-0.06181497210276558,4395.0,4384.2001953125,10.7998046875,-49.89990234375,-39.10009765625,4367.39990234375,9.278529575892858,9.007080078125,8.435651506696429,7.542794363839286,7.471365792410714,-0.34000189416097026,0.15211305337935863,0.14733619395256922,0.16768208719757777,0.12304483627678983,0.1291632499319249,-0.0008988118589350113,0.001519962275568563,0.6356955967820352,8.949944196428572,0.6538529778265286,12.4599609375,-0.0005109334235883,0.0013663272251806737,0.204252546208434,8.193512834821428,0.9125409218051065,10.68994140625,-0.00045056058232279537,0.0011938976654689586,-0.2666709230409049,7.862083217075893,0.7377328958043889,8.7949462890625,-0.00028413612308834767,0.001054925133576192,-1.2318154326075712,5.391962193080357,2.253777275379905,6.42396484375,-4.413584455432575,1,-1.4041285554534941,-2.3435618961524356,9.828508649553571,-0.4490594262877358,44.315490784056095,0,LONG,-1.0
4345.39990234375,4351.60009765625,4345.10009765625,4347.7001953125,972,6.5,9.921351841517858,10.619921875,8.7199462890625,0.22819769983713745,-0.126343833346382,-0.35295780520878833,-0.7985944381373409,4355.714475785591,-12.514790871181503,4366.298820311612,-10.428085211371581,4380.709731938335,-6.673528503677517,4376.248640983864,-1.3077362449348584,-0.4259585924946984,-0.7535202888512075,16,25,4,0,False,1,1,6.5,2.30029296875,0.35389122596153844,3.89990234375,0.2998046875,0.12627877595224815,0.12167743382871721,1.7935061666374126,-5.5,-15.39990234375,25.439720904417683,-11.61719311341767,-9.877779100349214,-1.7394140130684566,4394.51433727375,4341.885760382499,1.2048115082405648,0.11048056537830385,14.189880238862434,12.454903856931518,1490.9,0.6519551948487491,4345.10009765625,-0.4490594262877358,4350.7998046875,-0.45075381106280743,4351.5,-0.5053067761749211,4353.2001953125,-0.22690064683750857,4395.0,4384.2001953125,10.7998046875,-47.2998046875,-36.5,4363.10009765625,9.828508649553571,9.278529575892858,9.007080078125,8.199951171875,7.335658482142857,-0.43585634624088526,0.1519962275568563,0.15211305337935863,0.14733619395256922,0.16641780194943104,0.12398059261661187,-0.00025217746587213874,0.0012627877595224814,0.0454092520310294,9.294224330357142,0.6120853881240776,10.619921875,-0.0003526413814375351,0.0013967189969503785,-0.16080624777017152,8.452082170758928,1.004186289351889,10.33994140625,-0.00040011607151836935,0.001216774338287172,-0.3527212211162086,8.001724679129463,0.8476974390832871,8.7199462890625,-0.00028033758080799666,0.0010578079496870838,-1.2266153324161961,5.531819196428571,2.3139542184695596,6.51197265625,-1.2535016236355523,1,-1.4525149250747693,-1.8666208853055972,9.921351841517858,-0.126343833346382,45.775974509472206,0,LONG,-1.0
4347.7998046875,4351.10009765625,4342.7001953125,4350.2998046875,1407,8.39990234375,10.121372767857142,9.9599609375,8.81494140625,0.23265920102681759,-0.19729972811777088,-0.4189051998274709,-0.6486032237467018,4354.631541565974,-11.731852228194839,4364.775104537887,-10.253991158502686,4379.517185771635,-6.749080235151268,4375.99044360778,-1.380297054998664,-0.33163907655489205,-0.6671370346269608,16,30,4,0,False,1,1,8.39990234375,2.5,0.297622507702145,0.80029296875,5.099609375,0.10679114555811921,0.12300947578707856,1.783648479393574,-8.60009765625,-18.30029296875,29.154941757971272,-11.450368204998995,-10.192296921279171,-1.2580712837198238,4393.76515187489,4339.79490671886,1.2359277269278852,0.19464239857109888,21.2408665555698,14.588179450222325,1504.55,0.9351633378751122,4347.7001953125,-0.126343833346382,4345.10009765625,-0.4490594262877358,4350.7998046875,-0.45075381106280743,4358.89990234375,-0.22204356305591225,4395.0,4384.2001953125,10.7998046875,-44.7001953125,-33.900390625,4368.60009765625,9.921351841517858,9.828508649553571,9.278529575892858,8.435651506696429,7.371337890625,-0.3512751447023266,0.12627877595224815,0.1519962275568563,0.15211305337935863,0.16768208719757777,0.1492279971221983,-0.000394454821207324,0.001067911455581192,-0.346233123271882,9.631368582589285,0.46831882822606297,9.9599609375,-0.00041890579288015315,0.0013255871216927121,-0.19959415407641098,8.727085658482142,1.0508073430261937,10.219970703125,-0.000324585730160476,0.0012300947578707856,-0.510864972304869,8.15493861607143,0.9398857366664182,8.81494140625,-0.0002738208665765196,0.0010622749289448921,-1.2213528425335125,5.674533342633929,2.3730096230372046,6.63197265625,-1.9969440952768243,1,-1.456529817829136,-1.4254285886448372,10.121372767857142,-0.19729972811777088,47.26269856370821,0,LONG,-1.0
4352.89990234375,4353.0,4344.89990234375,4346.5,950,8.10009765625,8.885707310267858,6.26005859375,8.9299560546875,0.2044336203903798,-0.08734581196922715,-0.2844732070374605,-0.8553832116788321,4352.590612290339,-2.0409292756348805,4359.751348923666,-5.023755614221045,4374.565369187644,-4.951816583990876,4374.8346183787635,-1.1558252290169548,-0.3039473553219432,-0.6415578879063789,16,55,4,0,False,1,1,8.10009765625,6.39990234375,0.790101874736271,0.10009765625,1.60009765625,0.10334958192886975,0.12501455115767884,1.4128718402665286,-3.7998046875,-12.39990234375,28.319752498066393,-9.33569004884157,-9.89480774056979,0.5591176917282201,4381.45697966136,4337.33305940114,1.0121569635816956,0.2077544457699564,15.088915533854355,28.50112438544022,1531.05,0.6204892067535351,4352.7001953125,0.11500332993040277,4353.89990234375,0.20252248486166338,4357.10009765625,0.144807696321999,4350.2998046875,-0.19729972811777088,4395.0,4384.2001953125,10.7998046875,-48.5,-37.7001953125,4358.89990234375,8.957135881696429,9.249965122767858,9.507114955357142,10.121372767857142,8.435651506696429,-0.22204356305591225,0.07886732437729833,0.0744167763580025,0.09736219082832276,0.10679114555811921,0.16768208719757777,-0.00017432545125406484,0.0010334958192886976,0.45957044325463414,9.355691964285715,0.5222338622821976,6.22001953125,-0.0002843901362306944,0.0009975155966803588,0.01539578555178831,9.4935302734375,0.4896934326461774,8.089990234375,-0.00042869625104116627,0.0012501455115767883,-0.25007779877583564,8.591734095982144,1.0181410431897147,8.9199462890625,-0.0002744786803285137,0.0010949712357493319,-1.0774864823783172,6.289110630580358,2.4554245524244425,6.90197265625,-0.7761293199362435,1,-1.6671740072801637,-1.4867777361743888,8.885707310267858,-0.08734581196922715,47.27419853030028,0,LONG,-1.0
4346.7001953125,4348.60009765625,4335.2001953125,4338.89990234375,2084,13.39990234375,9.221400669642858,8.0,9.319970703125,0.21252854127060458,-0.2872638755465167,-0.28955756994714466,-0.9587071363472675,4349.852470301022,-4.1327434205077225,4357.7654968684365,-5.735778889056746,4373.16672342906,-5.247823776775476,4374.477059015231,-1.2687025899222135,-0.4329189934209078,-0.7835699677701922,17,0,4,0,False,1,0,13.39990234375,7.80029296875,0.5821156579091207,1.89990234375,3.69970703125,0.12007293979508349,0.12835945317183067,1.437609834183008,-12.5,-12.60009765625,26.417665707102003,-9.87556847322412,-9.890959887100657,0.015391413876535864,4378.724746775948,4335.865292286551,0.9836252605637771,0.07080374898260743,10.392549514456576,19.637998232953464,1597.4,1.3046200075122072,4346.5,-0.08734581196922715,4352.7001953125,0.11500332993040277,4353.89990234375,0.20252248486166338,4351.39990234375,-0.0023003023382741584,4395.0,4384.2001953125,10.7998046875,-56.10009765625,-45.30029296875,4351.5,8.885707310267858,8.957135881696429,9.249965122767858,10.178536551339286,9.007080078125,-0.5053067761749211,0.10334958192886975,0.07886732437729833,0.0744167763580025,0.0793967513141069,0.14733619395256922,-0.0005746123222201138,0.0012007293979508348,1.0793359736864383,9.164264787946427,0.24932506182895403,7.9599609375,-0.00028948034794161747,0.0010056255335564779,-0.009164816794596064,9.514962332589286,0.4703455371601437,7.87998046875,-0.000480767086367262,0.0012835945317183066,-0.15871368001100822,8.661736188616072,1.0104873383076796,9.3099609375,-0.0002971948421766468,0.0011137527525896256,-1.0088347750280393,6.414397321428571,2.4417179610128183,7.0959765625,-2.648975294328852,1,-1.6701613032957916,-2.0369922591699736,9.221400669642858,-0.2872638755465167,48.16332513809446,0,LONG,-1.0
4429.5,4432.7001953125,4429.10009765625,4432.10009765625,322,3.60009765625,4.807198660714286,3.86005859375,5.0900390625,0.10846322408775001,0.06999543138970422,-0.031575557544829144,0.3009933365761657,4429.926111335006,1.1554397079471528,4427.168876651641,2.092331078511961,4419.627112926439,2.3738207305150354,4391.110518606357,2.0106770640195464,0.11138542806929756,0.2822180335832077,8,15,0,0,True,0,0,3.60009765625,2.60009765625,0.7222297572222975,0.60009765625,0.39990234375,0.03747836871039329,0.0712227745513687,1.0837108274058889,3.10009765625,-1.39990234375,62.65485125237363,3.5757249705648064,3.7666360847208895,-0.19091111415608308,4438.827968328971,4414.692100030405,0.5452264887233503,0.7212501083658672,69.46587647694659,60.21421677665189,720.6,0.446849847349431,4429.60009765625,-0.027076534353476938,4429.10009765625,0.0022600509426507114,4431.10009765625,-0.05413110056952746,4429.0,-0.10149994361114245,4430.7001953125,4363.2998046875,67.400390625,1.39990234375,68.80029296875,4433.5,4.771484375,4.928641183035714,4.721470424107143,5.214320591517857,5.1357421875,0.2464591440118311,0.03506042788658416,0.04057766084927578,0.05972335538356839,0.08101030041391141,0.033323839932412405,0.00014000786994146087,0.0003747836871039329,-0.9888718142097584,4.8100516183035715,0.07670709601047626,3.86005859375,-3.14059825147317e-05,0.0006218919025286621,-0.34124456316273116,5.187186104910714,0.4270115515507986,4.680029296875,0.00015052296059545612,0.0007122277455136871,-1.2020076055656774,4.844667271205357,0.5370651321412507,5.0850341796875,5.8038534118898255e-05,0.0006251403298057349,-0.7577779239375951,4.4358684430803565,0.8569077369171009,4.25001953125,0.3364819440327048,0,1.5688479419075099,1.0269418875026561,4.807198660714286,0.06999543138970422,27.38172582256652,0,SHORT,-1.0
4430.7998046875,4435.39990234375,4429.5,4434.7001953125,411,5.89990234375,3.7571498325892856,3.52001953125,3.9400146484375,0.08472161966124817,0.08802904209018061,0.09706331400185972,0.1128744560476348,4431.783809009947,0.6085657926423664,4430.205070867641,1.085160537521915,4423.890455172645,1.7472684435442716,4395.322550976492,1.8669313552327367,0.10146538078832099,0.24434918200146902,9,10,0,0,True,0,0,5.89990234375,3.900390625,0.6610940991475627,0.69970703125,1.2998046875,0.04159606921078268,0.04977879330415222,0.9013951898925253,3.900390625,4.30029296875,59.00090338647851,2.334998781700051,2.665825220705601,-0.33082643900554976,4434.263968047632,4427.806051483617,0.14574284675662796,1.0675492259064605,92.31099425873263,67.20554026153133,584.95,0.7026241559107615,4430.7001953125,-0.08117649986577027,4431.2998046875,-0.011282098064789652,4431.2001953125,0.009036531611661005,4430.7998046875,0.009026326123256852,4430.7001953125,4363.2998046875,67.400390625,4.0,71.400390625,4430.39990234375,3.6214425223214284,3.5214146205357144,3.449986049107143,3.7285853794642856,4.542933872767857,0.01579581010900983,0.03616831972085913,0.04879632393123818,0.050093355366457856,0.05049817546779969,0.04407410955063016,0.00017606529836680095,0.00041596069210782683,1.9794742649763313,3.564285714285714,0.1264782259432548,3.52001953125,9.710966158065215e-05,0.0004440294541718074,-0.1403141468558168,3.8785888671875,0.4047416899082848,3.63994140625,5.652469798886339e-05,0.0004977879330415222,-0.33679726456453574,4.485747419084822,0.7513238975625468,3.935009765625,0.0001046089850299592,0.0005576532014459674,-0.7940612287087374,4.1681494140625,0.7860555496548698,4.0119921875,0.3307383007521173,0,1.6806930722388225,1.197632684479136,3.7571498325892856,0.08802904209018061,28.743858174891013,0,SHORT,-1.0
4434.60009765625,4440.2001953125,4434.60009765625,4437.2998046875,985,5.60009765625,3.635707310267857,4.22001953125,3.77001953125,0.08193512880123963,0.14895183795062725,0.16251793125530084,0.08570665811435661,4432.887008145457,1.8067745091129837,4430.880759802865,1.6103461410912132,4424.416312016365,1.9375563232097193,4395.740235093019,1.9140226788122163,0.1448706303015109,0.2911907868195998,9,15,0,0,True,0,0,5.60009765625,2.69970703125,0.4820821344493853,2.900390625,0.0,0.04320830046802417,0.04780928881934427,0.8771903251317054,6.599609375,7.19970703125,69.90399431077397,2.6299556655749257,2.658651309679466,-0.028695644104540285,4435.379233549234,4427.070766450766,0.18749819967318515,1.231158300984269,78.35592479230434,73.9445569606902,576.35,1.7090309707642926,4434.7001953125,0.08802904209018061,4430.7001953125,-0.08117649986577027,4431.2998046875,-0.011282098064789652,4430.7001953125,0.013545916413208866,4430.7001953125,4363.2998046875,67.400390625,6.599609375,74.0,4430.10009765625,3.7571498325892856,3.6214425223214284,3.5214146205357144,3.471435546875,4.428641183035714,-0.02256775920112777,0.04159606921078268,0.03616831972085913,0.04879632393123818,0.0503463840818569,0.04112706103695993,0.0002978009880998389,0.0004320830046802417,0.7075217026236783,3.5971400669642852,0.11733479331150058,4.22001953125,0.00016249638300840362,0.0004647292651964929,-0.485791268344117,3.7992954799107146,0.36023171675584603,3.88994140625,4.294447533203516e-05,0.00047809288819344273,-0.4812317526595559,4.380031040736608,0.7117765297838082,3.7650146484375,0.00012766668766413635,0.0005531465211001494,-0.8919427042991709,4.144718889508928,0.7840749083391825,4.039990234375,0.5415452861149287,0,1.7780440598844918,1.768113780023973,3.635707310267857,0.14895183795062725,30.524005906709462,0,SHORT,-1.0
4437.2998046875,4438.5,4435.7001953125,4438.39990234375,430,2.7998046875,3.6214076450892856,4.3,3.625,0.08159263979744047,0.1624775842641038,0.17152879821402872,0.2122353204730187,4433.989586985116,2.8853610135411145,4431.596868616283,2.1426662258691067,4424.964688107635,2.143915174506219,4396.164709394021,1.9666165529652062,0.15351201675505574,0.3036230836422917,9,20,0,0,True,0,0,2.7998046875,1.10009765625,0.39291942797349144,0.10009765625,1.599609375,0.042172705753087056,0.04094865142844125,0.8773997876657531,7.19970703125,7.60009765625,70.75597733450039,2.9188333145166325,2.7106877106468996,0.2081456038697329,4436.806067890594,4426.583922343781,0.23065995196140757,1.155919757340261,85.24373649243576,85.30355184782417,552.3,0.7785623755205505,4437.2998046875,0.14895183795062725,4434.7001953125,0.08802904209018061,4430.7001953125,-0.08117649986577027,4431.2001953125,0.009036531611661005,4430.7001953125,4363.2998046875,67.400390625,7.69970703125,75.10009765625,4430.7998046875,3.635707310267857,3.7571498325892856,3.6214425223214284,3.449986049107143,4.542898995535714,0.03837590015519033,0.04320830046802417,0.04159606921078268,0.03616831972085913,0.050093355366457856,0.03458591960958279,0.00032481529515329124,0.0004217270575308705,0.47456064319361746,3.6314243861607145,0.08385605605522625,4.3,0.00017149405035525865,0.0004655017109440872,-0.5550121522352985,3.7071463448660715,0.24981888333675267,3.73994140625,0.00010609047292662322,0.0004094865142844125,-0.2683870760421872,4.275027901785714,0.6562022871695956,3.6199951171875,0.00013217104770175904,0.0005531913286556385,-0.9168082722886339,4.127431640625,0.785928489261832,4.049990234375,0.5883975658096641,0,1.8313819262080466,1.8814444187142398,3.6214076450892856,0.1624775842641038,32.17700022911231,0,SHORT,-1.0
4438.2998046875,4440.2001953125,4436.60009765625,4436.60009765625,432,3.60009765625,3.6214076450892856,4.1400390625,3.6699951171875,0.08162573965145943,0.11961034464748391,0.10831475202631548,0.13090848660356227,4434.511689119343,3.3683474045828916,4432.0733666200895,2.443392582334127,4425.4209786781685,2.267694695849059,4396.567051565785,1.9997874625751138,0.10213574238760004,0.2526114245840772,9,25,0,0,True,0,0,3.60009765625,1.69970703125,0.47212803472128034,1.900390625,0.0,0.052838069047084275,0.0418299416102161,0.8806614769953237,5.30029296875,4.80029296875,60.97665555026203,2.9683247360289897,2.7622151157233175,0.20610962030567226,4437.522652306765,4426.447367224486,0.24989446168873303,0.9167014985473322,70.49147522612662,78.03037883695549,544.75,0.7930243230839835,4438.39990234375,0.1624775842641038,4437.2998046875,0.14895183795062725,4434.7001953125,0.08802904209018061,4431.2998046875,-0.011282098064789652,4430.7001953125,4363.2998046875,67.400390625,5.89990234375,73.30029296875,4431.7998046875,3.6214076450892856,3.635707310267857,3.7571498325892856,3.5214146205357144,4.235735212053571,0.049659269070675006,0.042172705753087056,0.04320830046802417,0.04159606921078268,0.04879632393123818,0.03524197725302942,0.00023921796516044314,0.0005283806904708428,0.03795238410718157,3.6514229910714286,0.05942604253502613,4.1400390625,0.0001083740062600369,0.0004989298017577237,-0.18853549848190043,3.6457135881696425,0.16729560279012823,3.819970703125,6.549668602671699e-05,0.00041829941610216104,-0.05584602966344584,4.17359619140625,0.5854470010373679,3.664990234375,0.00011181510640542847,0.000553889364577809,-0.8317386368425014,4.112144949776786,0.7882316519675678,4.047998046875,0.43315781653816254,0,1.8369619203024,1.2512688132899987,3.6214076450892856,0.11961034464748391,33.973916692279396,0,SHORT,-1.0
4436.60009765625,4437.0,4433.5,4435.0,819,3.5,3.7071010044642856,4.27998046875,3.675,0.08358739581655661,0.0970457150779242,0.015790436897383964,0.13547076089410703,4434.609351295474,3.5546388611655857,4432.3520936086525,2.620193735207067,4425.796626573142,2.347385283756921,4396.94946896314,2.0226732061064467,0.05974043432076959,0.20794840349417673,9,30,0,0,True,0,0,3.5,1.60009765625,0.45717075892857145,0.39990234375,1.5,0.057579669095277626,0.041571229142048305,0.9039502857108839,4.2998046875,0.7001953125,61.27588270496708,2.8456298858773152,2.778898069754117,0.06673181612319823,4437.791769939342,4426.778249591907,0.2484840285128023,0.7465142977656324,57.37613063315457,71.0371141172389,551.65,1.4846369980966192,4436.60009765625,0.11961034464748391,4438.39990234375,0.1624775842641038,4437.2998046875,0.14895183795062725,4430.7001953125,-0.08117649986577027,4430.7001953125,4363.2998046875,67.400390625,4.2998046875,71.7001953125,4434.2998046875,3.6214076450892856,3.6214076450892856,3.635707310267857,3.6214425223214284,4.028599330357143,0.04963125793149917,0.052838069047084275,0.042172705753087056,0.04320830046802417,0.03616831972085913,0.03523273709708109,0.00019414872004466232,0.0005757966909527763,0.06520030639108858,3.6685546875,0.060949888600801284,4.27998046875,1.5897663232911086e-05,0.0004907093109147475,0.28529047540287195,3.613563755580357,0.10473308634061335,3.789990234375,6.777391548035694e-05,0.00041571229142048306,-0.05272096038544663,4.098235212053571,0.5396461105362765,3.6699951171875,9.326894982550238e-05,0.0005538738745045834,-0.7520975988224973,4.1010009765625,0.7899734928939437,4.047998046875,0.3597582678443277,0,1.7683540393466508,0.7147062513094407,3.7071010044642856,0.0970457150779242,34.1305812047261,0,SHORT,-1.0
4435.89990234375,4441.39990234375,4435.7001953125,4440.39990234375,755,5.69970703125,3.7142159598214284,3.4798828125,3.77998046875,0.08364597877459136,0.06986450753169982,0.2189204099503707,0.2098757528050193,4436.005980922854,3.1189727773971754,4433.441508848296,2.5607490454303843,4426.757516344286,2.341204327921332,4397.767493874378,2.027258781358796,0.15695241454221937,0.30818010584709016,9,40,0,0,True,0,0,5.69970703125,4.5,0.7895142636854279,1.0,0.19970703125,0.05610831392618266,0.04606241613424691,0.908978706166193,3.10009765625,9.69970703125,69.35633134463544,3.0839042149455054,2.844048357937097,0.23985585700840817,4439.624029484414,4426.515960749961,0.2956882870988007,1.0591904784033477,91.80308184910946,71.85746422105503,533.05,1.4163774505205893,4436.10009765625,0.03156701202100886,4435.0,0.0970457150779242,4436.60009765625,0.11961034464748391,4437.2998046875,0.14895183795062725,4430.7001953125,4363.2998046875,67.400390625,9.69970703125,77.10009765625,4430.7001953125,3.614222935267857,3.7071010044642856,3.6214076450892856,3.635707310267857,3.471435546875,0.013545916413208866,0.04304532118058231,0.057579669095277626,0.052838069047084275,0.04320830046802417,0.0503463840818569,0.0001398158721237053,0.0005610831392618266,0.6738863077009568,3.6556710379464286,0.050344946913540294,3.4798828125,0.0002188084301117721,0.00047940220768098523,0.3797009497693172,3.626405552455357,0.09053725811684454,3.849951171875,0.0001049341742304255,0.0004606241613424691,0.12402230635252963,3.987510463169643,0.5004313205840426,3.7749755859375,0.00011670807866828392,0.0005669284111874863,-0.7507491868509538,4.0861418805803575,0.7946879223600332,4.12798828125,0.25949186889930387,0,1.7995702394027704,1.8763892400036792,3.7142159598214284,0.06986450753169982,35.31311617546161,0,SHORT,-1.0
4440.60009765625,4443.60009765625,4440.2001953125,4442.39990234375,976,3.39990234375,3.757080078125,3.59990234375,3.5849609375,0.08457320729146459,0.09012256867362836,0.25274658191018984,0.3002823235929544,4437.284765207034,3.295178221917922,4434.294689181196,2.697820564912945,4427.3709432462265,2.406255138591405,4398.211597441237,2.046888047216271,0.18278472069817392,0.3394556112459828,9,45,0,0,True,0,0,3.39990234375,1.7998046875,0.5293695246301882,1.2001953125,0.39990234375,0.057789246262625805,0.044724621416478254,0.9199514246381614,4.0,11.19970703125,70.54414687233842,3.4269522994563886,2.9606291462409557,0.46632315321543283,4441.225060659766,4426.244910043359,0.33786752401530407,1.0784265601907161,91.66525380624597,83.28717194541883,547.85,1.7815095372821026,4440.39990234375,0.06986450753169982,4436.10009765625,0.03156701202100886,4435.0,0.0970457150779242,4438.39990234375,0.1624775842641038,4430.7001953125,4363.2998046875,67.400390625,11.69970703125,79.10009765625,4431.2001953125,3.7142159598214284,3.614222935267857,3.7071010044642856,3.6214076450892856,3.449986049107143,0.009036531611661005,0.05610831392618266,0.04304532118058231,0.057579669095277626,0.042172705753087056,0.050093355366457856,0.00018031374554565715,0.000577892462626258,0.32762668245374255,3.6828055245535714,0.06238362413646366,3.59990234375,0.00025256452034947416,0.00048298325048632914,0.12553368277219107,3.6571149553571423,0.07475461501722666,3.949951171875,0.00015002242757605755,0.0004472462141647825,-0.062271111707033006,3.928932407924107,0.4505518245299131,3.5799560546875,0.0001239045500772584,0.0005688704962664587,-0.7783280621603852,4.083998325892857,0.7954428261260281,4.143994140625,0.3385977073531413,0,1.8428529046485087,2.1612603630868943,3.757080078125,0.09012256867362836,36.595436637560454,0,SHORT,-1.0
4442.39990234375,4444.0,4440.5,4441.2001953125,928,3.5,3.7356654575892856,3.5798828125,3.6099609375,0.08411387222607355,0.10368519936426368,0.22341956223605564,0.26187686022464507,4438.067851228127,3.5561621087845197,4434.952356431797,2.87898981170747,4427.913266856669,2.49228817850053,4398.639344683737,2.0722931179525403,0.14087724914659158,0.30007201259529775,9,50,0,0,True,0,0,3.5,1.19970703125,0.3427734375,1.60009765625,0.7001953125,0.054585206147096915,0.04570103579923757,0.9145160695404134,4.60009765625,9.900390625,64.0835525791278,3.5609654537793176,3.0806964077486283,0.4802690460306893,4442.240761441198,4426.389219027552,0.35747443401191425,0.9343555282164878,81.0821511052458,88.18349558686701,569.85,1.6284987277353689,4442.39990234375,0.09012256867362836,4440.39990234375,0.06986450753169982,4436.10009765625,0.03156701202100886,4436.60009765625,0.11961034464748391,4430.7001953125,4363.2998046875,67.400390625,10.5,77.900390625,4431.2998046875,3.757080078125,3.7142159598214284,3.614222935267857,3.6214076450892856,3.5214146205357144,-0.011282098064789652,0.057789246262625805,0.05610831392618266,0.04304532118058231,0.052838069047084275,0.04879632393123818,0.00020740359336182123,0.0005458520614709691,0.4214032679338201,3.7056570870535714,0.05472743739654266,3.5798828125,0.00022331077926113219,0.0005067426361829216,0.186083165305661,3.6785400390625,0.060973154939809454,3.8599609375,0.00013087502436759935,0.00045701035799237575,0.03599229181578731,3.8771414620535714,0.4059267655327911,3.6049560546875,0.00011759649674861539,0.0005715020290619845,-0.7400402492604354,4.084854910714286,0.7950359572998511,4.1619921875,0.3873332177283384,0,1.8842933488135307,1.674839659835831,3.7356654575892856,0.10368519936426368,37.84225319874157,0,SHORT,-1.0
4441.10009765625,4442.39990234375,4439.7998046875,4439.89990234375,409,2.60009765625,3.5785435267857144,3.39990234375,3.5599609375,0.08059964425992262,0.11048257821307779,0.2076355118990654,0.17598439826809495,4438.434261451252,3.8249101557776157,4435.423551280554,3.0714576719019533,4428.383330993417,2.586704420275055,4399.049897496276,2.1004285331355277,0.10092274190822675,0.2600626569459473,9,55,0,0,True,0,0,2.60009765625,1.2001953125,0.4615962441314554,1.2998046875,0.10009765625,0.052876863366090716,0.04544010897634206,0.8753169061125281,4.89990234375,9.19970703125,70.40532550857293,3.521653637536474,3.168887853706198,0.352765783830276,4442.933664961523,4426.476295975977,0.37110403190352703,0.8156593183006444,72.29627185747277,81.68122558965477,574.2,0.7122953674677812,4441.2001953125,0.10368519936426368,4442.39990234375,0.09012256867362836,4440.39990234375,0.06986450753169982,4435.0,0.0970457150779242,4430.7001953125,4363.2998046875,67.400390625,9.19970703125,76.60009765625,4430.7001953125,3.7356654575892856,3.757080078125,3.7142159598214284,3.7071010044642856,3.6214425223214284,-0.08117649986577027,0.054585206147096915,0.057789246262625805,0.05610831392618266,0.057579669095277626,0.03616831972085913,0.00022097937192109285,0.0005287686336609072,0.4991251129711693,3.679945591517857,0.0787888585223769,3.39990234375,0.0002075640459828776,0.0005213606236168586,0.1946493328953283,3.6742501395089286,0.06667889410996591,3.83994140625,8.801679097526493e-05,0.0004544010897634206,0.253818074598112,3.8157087053571432,0.34636677417545153,3.5549560546875,0.00010630646404678812,0.0005739656988226027,-0.6772556193128361,4.088283342633928,0.79241902972378,4.173994140625,0.39536671508700594,0,1.9673423655296278,1.2521487263984066,3.5785435267857144,0.11048257821307779,38.662086899576764,0,SHORT,-1.0
4439.7998046875,4442.2998046875,4437.7998046875,4438.60009765625,1058,4.5,3.749965122767857,3.93994140625,3.6699462890625,0.08448531159065178,0.0563558067889595,0.08794060865427196,0.18508928072524491,4438.467428692252,3.5599281246222745,4435.726079506811,3.0170331317212913,4428.783988509606,2.5833042469312204,4399.443431826226,2.104404368626092,0.06479250742548437,0.2216434391948516,10,0,0,0,True,0,0,4.5,1.19970703125,0.2666015625,2.5,0.80029296875,0.05751264698142456,0.04498695789592456,0.9163822406333733,2.5,3.89990234375,66.80935064935065,3.347032853300334,3.2045168536250253,0.1425159996753087,4443.257206541624,4426.972773927126,0.3671704713486606,0.714014666913975,63.5136918508743,72.29737160453088,613.6,1.724250325945241,4439.89990234375,0.11048257821307779,4441.2001953125,0.10368519936426368,4442.39990234375,0.09012256867362836,4436.10009765625,0.03156701202100886,4430.7001953125,4363.2998046875,67.400390625,7.89990234375,75.30029296875,4434.7001953125,3.5785435267857144,3.7356654575892856,3.757080078125,3.614222935267857,3.7571498325892856,0.08802904209018061,0.052876863366090716,0.054585206147096915,0.057789246262625805,0.04304532118058231,0.04159606921078268,0.00011281847582809146,0.0005751264698142456,1.0450615264791057,3.707094029017857,0.07370348673484324,3.93994140625,8.800932122040583e-05,0.00047962909707667214,0.625618611617548,3.673531668526786,0.06571817932920757,3.699951171875,9.2559491400529e-05,0.00044986957895924555,0.259826061105663,3.776060267857143,0.30117792480558053,3.6699462890625,0.00011358378242268819,0.000566351339476719,-0.7005679118955155,4.092140764508929,0.7902469410043231,4.167998046875,0.21133230992404217,0,1.8512414835690636,0.766908545469028,3.749965122767857,0.0563558067889595,38.502771090117896,0,SHORT,-1.0
4442.2998046875,4445.2001953125,4441.7001953125,4444.2001953125,570,3.5,3.5999581473214284,3.57998046875,3.6399658203125,0.08100350994805472,0.09685562880550407,0.2074452156144307,0.22326840901768286,4440.514407229847,2.080145778595579,4437.674223338459,2.2506720579049215,4430.661144740215,2.2778137467976194,4401.088624062616,2.0387265663403014,0.1470583834144358,0.3055763040772812,10,20,0,0,True,0,0,3.5,1.900390625,0.54296875,1.0,0.599609375,0.044677302515983765,0.047401388577301196,0.871208540406223,4.30029296875,9.2001953125,68.48305213558291,3.434707385760703,3.2403303574534905,0.19437702830721237,4445.802244935824,4428.277833189176,0.39495725962281175,0.9085818316480433,91.45313412903764,87.03632667806994,596.2,0.9560550150956054,4442.39990234375,0.02701312659844157,4441.2001953125,-0.02700583147899519,4437.7001953125,-0.06079873638914886,4439.89990234375,0.11048257821307779,4430.7001953125,4363.2998046875,67.400390625,13.5,80.900390625,4435.0,3.7713797433035716,3.7999790736607144,3.757114955357143,3.5785435267857144,3.7071010044642856,0.0970457150779242,0.0472468332629015,0.04724838383140704,0.03218758561025178,0.052876863366090716,0.057579669095277626,0.00019371607721776484,0.0004467730251598377,0.20134946314223587,3.735679408482143,0.07825085602037647,3.57998046875,0.00020734772456942885,0.00046171995287085457,0.329160117068744,3.7078125,0.07964446595485553,3.48994140625,0.00011162269390116997,0.000474013885773012,0.22217217918628085,3.6606881277901784,0.10265539494415965,3.6399658203125,0.00012113878478989815,0.0005685155920052706,-0.7187337273772874,4.132142857142857,0.754718961678103,4.19599609375,0.34867621003231436,0,1.9481000365136945,1.8154569290730762,3.5999581473214284,0.09685562880550407,38.8950983011515,0,SHORT,-1.0
4444.10009765625,4445.10009765625,4443.0,4443.5,477,2.10009765625,3.3499581473214284,3.1,3.50498046875,0.07539007870645727,0.11039296706043275,0.16681098669661742,0.28663437465768626,4441.111525783878,2.6440970916264632,4438.2290592109875,2.5029797041761412,4431.164629260206,2.380640750599923,4401.510627803287,2.0671959770616013,0.11876225221123457,0.2783776224051759,10,25,0,0,True,0,0,2.10009765625,0.60009765625,0.2857475005812602,1.0,0.5,0.04127662078314972,0.0429805923332278,0.8085826778945029,4.89990234375,7.39990234375,63.02572729883879,3.484225211857847,3.289109328334362,0.19511588352348497,4446.373663576905,4428.976434079345,0.39203477735832404,0.8348206203000436,85.46865870962357,88.62887886288699,592.95,0.8044523146976978,4444.2001953125,0.09685562880550407,4442.39990234375,0.02701312659844157,4441.2001953125,-0.02700583147899519,4438.60009765625,0.0563558067889595,4430.7001953125,4363.2998046875,67.400390625,12.7998046875,80.2001953125,4436.10009765625,3.5999581473214284,3.7713797433035716,3.7999790736607144,3.749965122767857,3.614222935267857,0.03156701202100886,0.044677302515983765,0.0472468332629015,0.04724838383140704,0.05751264698142456,0.04304532118058231,0.00022075663716540904,0.0004127662078314972,0.35249051011980204,3.655678013392857,0.18779542025119264,3.1,0.00016678755649675027,0.0004753609401890268,0.5595498426520107,3.681386021205357,0.137196660108568,3.519970703125,0.00014321014449325542,0.000429805923332278,0.5767985703358124,3.6417567661830352,0.12247440700275915,3.50498046875,0.00011617715476075041,0.0005698691216652694,-0.68889883896254,4.143000139508929,0.7390092559561103,4.193994140625,0.36981181941108277,0,2.108811406026023,1.5753034649778448,3.3499581473214284,0.11039296706043275,39.4904651666969,0,SHORT,-1.0
4443.2998046875,4444.2998046875,4442.2001953125,4444.0,371,2.099609375,3.2999441964285716,3.019921875,3.5049560546875,0.07425617003664652,0.14196102508579608,0.08107597818722997,0.3001738800014194,4441.689220627103,3.3752386108017163,4438.7786726194645,2.864582083539972,4431.667977132355,2.5343334540075375,4401.93340762614,2.109311486618026,0.11762982039954341,0.27827046004526307,10,30,0,0,True,0,0,2.099609375,0.7001953125,0.33348837209302323,0.2998046875,1.099609375,0.03514206582951483,0.04281235822682855,0.7944835554600173,6.2998046875,3.60009765625,62.06932839433418,3.5232009991214,3.33592766249177,0.18727333662962975,4446.824392508422,4429.855685616579,0.3823210196266788,0.8335528731550338,89.74209164510475,88.88796149458858,587.25,0.6317581949765858,4443.5,0.11039296706043275,4444.2001953125,0.09685562880550407,4442.39990234375,0.02701312659844157,4437.7001953125,-0.06079873638914886,4430.7001953125,4363.2998046875,67.400390625,13.2998046875,80.7001953125,4440.39990234375,3.3499581473214284,3.5999581473214284,3.7713797433035716,3.757114955357143,3.7142159598214284,0.06986450753169982,0.04127662078314972,0.044677302515983765,0.0472468332629015,0.03218758561025178,0.05610831392618266,0.00028381034584765705,0.0003514206582951483,0.3790951308992747,3.5642438616071432,0.2321231107851714,3.019921875,8.111236275025746e-05,0.0003828644823767901,0.6463481551381701,3.6399588448660714,0.181556316126721,3.1599609375,0.00014996039643101479,0.0004281235822682855,0.5344320014630465,3.633182198660714,0.1398035610521799,3.5049560546875,0.00012159530496068216,0.000568491593405004,-0.721308532014686,4.1535714285714285,0.7225862358436747,4.199990234375,0.46846346085092366,0,2.1547926461317086,1.584108368927341,3.2999441964285716,0.14196102508579608,39.638658107775576,0,SHORT,-1.0
4443.2998046875,4449.10009765625,4443.10009765625,4448.39990234375,1382,6.0,3.3856375558035716,3.19990234375,3.5799560546875,0.07610910957038203,0.13506213154818597,0.1621117426512092,0.3858934942330294,4443.289050420097,3.6960902109130984,4440.084556218116,3.0972772979766887,4432.762392923192,2.6538624920503935,4402.803271166818,2.147929227317036,0.1872790038196244,0.3527712075324115,10,40,0,0,True,0,0,6.0,5.10009765625,0.8500162760416666,0.7001953125,0.19970703125,0.054296963775023036,0.04876700688902066,0.8125997197383555,6.0,7.19970703125,76.17158442846517,3.7738780904246596,3.443006299603149,0.33087179082151064,4448.066022167139,4431.534026660986,0.3723590120105685,1.0201959997198768,95.13749957614188,89.54573581564568,642.4,2.151307596513076,4443.2998046875,0.04727572013565273,4444.0,0.14196102508579608,4443.5,0.11039296706043275,4442.39990234375,0.02701312659844157,4430.7001953125,4363.2998046875,67.400390625,17.69970703125,85.10009765625,4441.2001953125,3.207066127232143,3.2999441964285716,3.3499581473214284,3.7713797433035716,3.7356654575892856,0.10368519936426368,0.025238998210805646,0.03514206582951483,0.04127662078314972,0.0472468332629015,0.054585206147096915,0.00027009630706866796,0.0005429696377502304,1.3491612097831018,3.3685128348214284,0.14574906751618777,3.19990234375,0.00016210299442457333,0.0004931525532712837,1.0621028823515244,3.549954659598214,0.22232484084832205,3.299951171875,0.00019270688684285274,0.0004876700688902066,0.5560234504085462,3.614247349330357,0.17183001750461094,3.5799560546875,0.00013504913502918826,0.0005647438863077474,-0.7027259769709502,4.166427176339286,0.7037442331391087,4.13798828125,0.4572714249364208,0,2.162713277554481,2.4606647598003732,3.3856375558035716,0.13506213154818597,40.37340667106006,1,SHORT,2.0
4446.10009765625,4448.2001953125,4445.60009765625,4446.10009765625,469,2.60009765625,3.2999441964285716,3.33984375,3.4599365234375,0.07422109543076029,0.058514631624845284,0.16897219472329317,0.2570613985540613,4444.268996175112,3.157470391233801,4441.158560511032,2.929501300044649,4433.780432833222,2.61580357301591,4403.658640673939,2.1480128706516552,0.11126684800574196,0.27785915449934473,10,50,0,0,True,0,0,2.60009765625,0.0,0.0,2.10009765625,0.5,0.06332867434862363,0.04820844493736913,0.7925216034507223,2.60009765625,7.5,62.44562899786781,3.7561552398547065,3.55941655760918,0.1967386822455266,4448.489341819229,4433.770667946396,0.331417316238207,0.8376725930867498,75.61033702512802,82.2885359939832,664.55,0.7057407268076142,4445.89990234375,0.038245510025465515,4448.39990234375,0.13506213154818597,4443.2998046875,0.04727572013565273,4443.5,0.11039296706043275,4430.7001953125,4363.2998046875,67.400390625,15.39990234375,82.80029296875,4438.60009765625,3.5213448660714284,3.3856375558035716,3.207066127232143,3.3499581473214284,3.749965122767857,0.0563558067889595,0.06454195510166791,0.054296963775023036,0.025238998210805646,0.04127662078314972,0.05751264698142456,0.00011716223258315673,0.0006332867434862364,1.2475242002107148,3.342787388392857,0.11812096405614604,3.33984375,0.0001689594348742829,0.0005069014443836264,0.7214311047465168,3.4992327008928568,0.22151751524692437,3.219921875,0.00012848437804734435,0.0004820844493736913,0.6278889895145985,3.5863821847098216,0.18243970142923555,3.4599365234375,0.00015774939226427477,0.0005081167713926408,-0.12531230531870485,4.163853934151786,0.7044858937419369,3.99998046875,0.19309501903656395,0,2.235834074344376,1.4991269983281381,3.2999441964285716,0.058514631624845284,41.90002363679654,0,SHORT,-1.0
4444.0,4447.89990234375,4443.89990234375,4447.2998046875,804,4.10009765625,3.149937220982143,3.02001953125,3.2299560546875,0.0708280835409854,0.0832592256265677,-0.024730187941744766,0.13734146417083115,4444.550562636832,0.42564518892413616,4442.94303431308,1.032257481151646,4436.666404391338,1.7185570824412935,4406.782153178269,1.9275216577261745,0.09806045994226417,0.23967094496077837,11,30,0,0,True,0,0,4.0,3.2998046875,0.824951171875,0.60009765625,0.10009765625,0.04706281225000794,0.04691433757578498,0.7972536656984688,3.69970703125,-1.10009765625,57.07629196950104,2.407553323870161,2.7880564534290415,-0.38050312955888055,4448.853310554827,4438.086630851423,0.24230341994861734,0.8557117040608476,75.99609375,50.817340708054196,562.3,1.4298417215009782,4443.7998046875,0.020254841736931258,4444.5,-0.03148749127284697,4442.2998046875,-0.0854747505741788,4443.60009765625,-0.1078995772158682,4430.7001953125,4363.2998046875,67.400390625,16.599609375,84.0,4448.39990234375,3.1070731026785716,2.9713657924107144,3.1356375558035716,3.3499232700892856,3.3856375558035716,0.13506213154818597,0.032439973658486616,0.04582268943229295,0.034287496101249273,0.037654279063285695,0.054296963775023036,0.0001665515974725418,0.0004706281225000794,0.37581750098397354,3.1056431361607144,0.07797952067409894,2.97998046875,-2.4642012796516344e-05,0.0004495245856011874,0.3265283510847041,3.2306466238839286,0.155583802104738,3.13994140625,6.873049081402849e-05,0.0004691433757578498,0.6991038331532755,3.390300641741071,0.2484160344623613,3.2199462890625,8.123881359443086e-05,0.0005015991971823217,0.08204392014626259,3.9509849330357145,0.7598761963752556,3.735966796875,0.26226133379127586,0,1.9926206401614812,1.3844855746452673,3.149937220982143,0.0832592256265677,36.104367074212924,0,SHORT,-1.0
4447.7001953125,4450.2998046875,4446.0,4447.2001953125,780,4.2998046875,3.3070591517857144,3.5,3.31494140625,0.0743627227591748,0.07426569097583403,0.029247014042410698,0.16442471968560135,4445.080489171965,1.0005747448885813,4443.348478217787,1.2482608609234376,4437.079494231383,1.7805859407271782,4407.184322751744,1.9411810737565247,0.08668501049592071,0.2280937516281735,11,35,0,0,True,0,0,4.2998046875,0.5,0.11628435157846922,2.599609375,1.2001953125,0.047703054827589755,0.04620192576648701,0.8448420264803892,3.30029296875,1.30029296875,58.68558591600953,2.467915812586398,2.724028325260513,-0.25611251267411506,4449.189002564034,4438.480968139092,0.24096381751887636,0.8142696247873894,64.3711062468429,56.565542360058664,580.85,1.3428596023069639,4447.2998046875,0.0832592256265677,4443.7998046875,0.020254841736931258,4444.5,-0.03148749127284697,4443.89990234375,-0.044985268313073305,4430.7001953125,4363.2998046875,67.400390625,16.5,83.900390625,4445.89990234375,3.149937220982143,3.1070731026785716,2.9713657924107144,3.1642020089285716,3.5213448660714284,0.038245510025465515,0.04706281225000794,0.032439973658486616,0.04582268943229295,0.033478481889343645,0.06454195510166791,0.00014857827904952715,0.00047703054827589753,0.5272271189272238,3.134214564732143,0.11977151132009123,3.4599609375,2.931819847082906e-05,0.00040835520267913064,0.253326334593725,3.209218052455357,0.12229220242746355,3.199951171875,8.224958653458847e-05,0.0004620192576648701,0.6619449104507188,3.3767264229910716,0.24498212297492059,3.304931640625,6.182535450099502e-05,0.0004858955592756192,0.09419038066122427,3.914411272321429,0.7455622297617607,3.6799609375,0.24560103300532168,0,1.8956370898350159,1.1657051716173963,3.3070591517857144,0.07426569097583403,36.6657683295356,0,SHORT,-1.0
4446.7001953125,4447.60009765625,4446.0,4446.2998046875,547,1.60009765625,3.2713797433035716,3.4,3.1699462890625,0.07357532975744749,0.0900434499215747,0.004491734933167048,0.17347151943955794,4445.324352275073,1.600459795910865,4443.629556929188,1.5103312551209456,4437.441075033584,1.8676217861884652,4407.573531527224,1.961666834216885,0.06009159233690586,0.1996359952531702,11,40,0,0,True,0,0,1.60009765625,0.400390625,0.2502288678669515,0.89990234375,0.2998046875,0.04386841752844283,0.0458590437617252,0.8452906432885562,4.0,0.19970703125,55.29880298802988,2.415257931238557,2.6622742464561218,-0.24701631521756484,4449.0729272027065,4439.3670142035435,0.21839407282145543,0.7142852490594493,54.021440197564125,64.79621339813559,555.3,0.9850531244372412,4447.2001953125,0.07426569097583403,4447.2998046875,0.0832592256265677,4443.7998046875,0.020254841736931258,4442.2998046875,-0.0854747505741788,4430.7001953125,4363.2998046875,67.400390625,15.599609375,83.0,4446.10009765625,3.3070591517857144,3.149937220982143,3.1070731026785716,3.1356375558035716,3.2999441964285716,0.058514631624845284,0.047703054827589755,0.04706281225000794,0.032439973658486616,0.034287496101249273,0.06332867434862363,0.00018009902576874293,0.0004386841752844283,0.7538766614691119,3.161363002232143,0.13463648531423383,3.3599609375,4.569043040159037e-06,0.00041474703488380193,0.44161359665921285,3.2063616071428576,0.12025421904433425,3.099951171875,8.676423895722097e-05,0.000458590437617252,0.6620705220770158,3.352797154017858,0.22948995719420076,3.1599365234375,7.49174390225149e-05,0.00046916220818462494,0.1733244827383501,3.8701241629464285,0.7154797463556937,3.57796875,0.29456631809060907,0,1.891703923481151,0.8167356168841802,3.2713797433035716,0.0900434499215747,37.187069495192375,0,SHORT,-1.0
4446.5,4448.7001953125,4445.5,4448.0,697,3.2001953125,3.335693359375,3.5,3.2049560546875,0.07499310610105665,0.07874901563730453,0.04723672827503132,0.23209780368623334,4445.859481820058,1.9803678367279645,4444.045789602598,1.6998235165374354,4437.855150522462,1.9316366181019475,4407.975784944864,1.9769736318867217,0.08897771500584303,0.22859803065774648,11,45,0,0,True,0,0,3.2001953125,1.5,0.46872139151663106,0.7001953125,1.0,0.042095262237314274,0.04578126282780913,0.8727983608645834,3.5,2.10009765625,60.35231867848232,2.4821055655811506,2.6262405102811277,-0.14413494469997712,4448.796202353842,4440.673719521157,0.182743918457889,0.9019754956405486,73.56457316046472,63.98570653495718,549.3,1.2688876752230112,4446.2998046875,0.0900434499215747,4447.2001953125,0.07426569097583403,4447.2998046875,0.0832592256265677,4444.5,-0.03148749127284697,4430.7001953125,4363.2998046875,67.400390625,17.2998046875,84.7001953125,4445.89990234375,3.2713797433035716,3.3070591517857144,3.149937220982143,2.9713657924107144,3.278529575892857,0.04275207794216922,0.04386841752844283,0.047703054827589755,0.04706281225000794,0.04582268943229295,0.06374809444185112,0.0001575193008822362,0.0004209526223731427,0.9930702955313632,3.234228515625,0.10031593988828781,3.47998046875,4.731019187675933e-05,0.00043078126247970207,0.11460200192346452,3.2120779854910717,0.12531800056452017,3.1099609375,0.00011602068639444685,0.0004578126282780913,0.4826629269764362,3.33172607421875,0.208829698412272,3.1949462890625,6.540908986824911e-05,0.00045764823103191436,0.15169956655823744,3.8218373325892854,0.6657606237036292,3.46197265625,0.2626825685186748,0,1.8558777480960886,1.1864785929248147,3.335693359375,0.07874901563730453,37.92563085246553,1,SHORT,2.0
4448.10009765625,4451.7001953125,4448.0,4450.0,876,3.7001953125,3.171421595982143,3.380078125,3.1399658203125,0.07126790103330657,0.13952463173430502,0.1598077339645781,0.19814023913598452,4446.687585456047,2.8243333318823716,4444.6128572594935,2.1284303542479392,4438.331419129425,2.0990310767056144,4408.393936338448,2.0189957381617205,0.12120611881207119,0.2629046767504341,11,50,0,0,True,0,0,3.7001953125,1.89990234375,0.5134600158353128,1.7001953125,0.10009765625,0.03940626357574708,0.04374156490533447,0.8410393070792848,6.2001953125,7.10009765625,54.08165807239121,2.665737124503721,2.6341398331256465,0.031597291378074654,4449.520529176622,4440.829373167128,0.1955188739467463,1.055167669623446,83.16654580613971,70.25085305472278,563.6,1.5542938254080907,4448.0,0.07874901563730453,4446.2998046875,0.0900434499215747,4447.2001953125,0.07426569097583403,4443.7998046875,0.020254841736931258,4430.7001953125,4363.2998046875,67.400390625,19.2998046875,86.7001953125,4442.89990234375,3.335693359375,3.2713797433035716,3.3070591517857144,3.1070731026785716,3.3285086495535716,-0.009000120660958311,0.042095262237314274,0.04386841752844283,0.047703054827589755,0.032439973658486616,0.07230366658218088,0.00027895575364376144,0.0003940626357574708,-0.00855369292040932,3.247098214285714,0.08246395512289223,3.36005859375,0.00015975212312335785,0.0003627330293569552,0.27332709527226445,3.1963692801339283,0.11877645652573593,3.060009765625,9.906786014525215e-05,0.0004374156490533447,0.49589872696080484,3.3002982003348214,0.17995166675048152,3.1299560546875,9.470188434587356e-05,0.0004333095444669438,0.31149634288429723,3.7708363560267855,0.612838876903256,3.42197265625,0.44249143025363036,0,1.980638000960376,1.7007112185810878,3.171421595982143,0.13952463173430502,39.20119413289219,1,SHORT,2.0
4417.7001953125,4419.2998046875,4407.5,4410.7998046875,1863,11.7998046875,6.742885044642857,9.080078125,5.79501953125,0.15287216249254781,-0.35919285073421425,-0.36143491248593934,-0.592736075137053,4419.814129605389,-4.98083016599594,4424.4312666057685,-4.170765310124807,4430.149450260731,-2.6246746482693197,4413.8500159757095,0.23506655344135652,-0.30809523522615384,-0.4367718468751049,14,25,0,0,False,1,1,11.7998046875,6.900390625,0.5847885458909211,1.599609375,3.2998046875,0.09863937024987526,0.07670296464408612,1.606987184133408,-15.900390625,-16.0,29.76369719782518,-5.139853370994388,-4.478603892823088,-0.6612494781712996,4435.7705529542945,4413.579447045706,0.5015307544302966,-0.12525929846200237,14.284808387410429,25.74401645239149,752.7,2.4750896771622157,4417.2001953125,-0.0949859122452092,4423.2998046875,0.018084899660825327,4420.89990234375,0.04978176690021922,4426.7001953125,-0.002250144108494007,4430.7001953125,4363.2998046875,67.400390625,-19.900390625,47.5,4426.7998046875,6.064313616071429,5.521449497767857,5.400006975446429,4.657121930803571,3.8928920200892856,-0.06321773765156963,0.11869040868722523,0.0996005247655606,0.1045180778622919,0.10123188126241425,0.04825750220816602,-0.000719030724382086,0.0009863937024987527,0.6892364913731475,5.801443917410714,0.6058802072365979,9.080078125,-0.00036156057945175847,0.0010148287597232513,0.28713422263821364,5.0821533203125,0.8712082105075764,7.960009765625,-0.00029692614855205134,0.0007670296464408611,0.006965211171826122,5.074290248325893,0.6714952116390328,5.7900146484375,-0.00014250941483418434,0.000720755651706252,-0.802475225665855,4.195979352678571,0.9907117515068018,4.771982421875,-2.421996101358367,1,-0.8480322024035674,-2.0153782755651988,6.742885044642857,-0.35919285073421425,38.66359686140873,1,LONG,2.0
4448.2001953125,4465.2998046875,4447.60009765625,4463.5,3641,17.69970703125,8.19287109375,10.81982421875,7.7699951171875,0.18355261776072587,0.5859154929577465,0.57231476949255,1.048170846696806,4446.232753006641,12.440183253711439,4438.734563826549,8.071054585385355,4434.341264199216,3.6019564086882383,4417.744844984245,1.6707745085068382,0.5579391111889651,0.6575663455629271,16,0,0,0,False,1,1,17.69970703125,15.2998046875,0.8644100526911087,1.7998046875,0.60009765625,0.15992915013589137,0.11236652273425973,1.4625987742627047,26.0,25.39990234375,82.7122178911041,6.572902832760519,3.531886344348364,3.041016488412155,4459.077432220339,4410.032528717161,1.1059712579771348,1.090173850161101,95.76516544117646,91.7100816020852,1704.15,2.1365490127042808,4447.7998046875,0.25243895741621014,4451.2998046875,0.4309283997415047,4448.2001953125,0.3338361820445233,4437.5,-0.013521498908213227,4430.7001953125,4363.2998046875,67.400390625,32.7998046875,100.2001953125,4438.10009765625,7.150041852678571,6.814313616071429,6.564348493303571,6.392926897321429,6.935756138392857,0.2869841278247828,0.09198148538878632,0.05750548756446763,0.07726891620979785,0.08160844225128717,0.05619909673076532,0.0011701157518569038,0.0015992915013589137,0.5714414724395864,6.968610491071428,0.7804808014060577,10.81982421875,0.0005716688718738205,0.0013530334251255554,1.0361931246961975,6.747893415178571,0.5786358864619341,9.189990234375,0.0005220928992067276,0.0011236652273425973,0.6867940372537364,6.962887137276785,0.4856647838838741,7.739990234375,6.108262637269713e-05,0.001008809742464445,0.49746649498474327,5.601584821428571,1.3088251753712505,6.427998046875,4.800330105633803,1,0.5362344380938593,3.039668504844094,8.19287109375,0.5859154929577465,37.87358939450759,1,SHORT,2.0
4463.60009765625,4467.60009765625,4461.2998046875,4465.39990234375,3073,6.30029296875,8.178606305803571,10.29990234375,7.49501953125,0.18315506975110726,0.5630123536126644,0.5969947640857577,1.2378729498950443,4450.066182874063,14.952146602969151,4441.274119875806,9.683335101062767,4435.559250008806,4.441095373053031,4418.219024659464,1.9029061054361591,0.543217595148548,0.672759637578616,16,5,0,0,False,1,1,6.30029296875,1.7998046875,0.2856699992249864,2.2001953125,2.30029296875,0.16207932041827933,0.10243958009262556,1.4343724317064832,25.0,26.5,82.10562384888851,7.837846094900669,4.393078294458825,3.444767800441844,4462.808793990977,4411.761176712148,1.1504245827651063,1.0507586541918226,94.40158037944016,89.84394172856526,1764.65,1.7414218116907034,4463.5,0.5859154929577465,4447.7998046875,0.25243895741621014,4451.2998046875,0.4309283997415047,4440.39990234375,0.033792156457684394,4430.7001953125,4363.2998046875,67.400390625,34.69970703125,102.10009765625,4438.89990234375,8.19287109375,7.150041852678571,6.814313616071429,6.121477399553571,6.392892020089286,0.31639133786019835,0.15992915013589137,0.09198148538878632,0.05750548756446763,0.0871651709842136,0.048207713706025584,0.0011245465359002837,0.0016207932041827932,0.6627385504361072,7.380036272321429,0.7643135245095088,10.29990234375,0.0005962128453452453,0.0013473576668484811,0.9842528784637796,6.92646484375,0.7161169392230046,9.37001953125,0.0006158240518599866,0.0010243958009262556,1.0170715120783382,7.0346732003348205,0.5528891943222208,7.4650146484375,8.128151933432192e-05,0.0010057301302332285,0.4459096410290761,5.7018708147321435,1.3103667847813978,6.482001953125,4.604656385501848,1,0.6987584012870921,2.965888937099782,8.178606305803571,0.5630123536126644,40.204865544160725,1,SHORT,2.0
4465.10009765625,4465.7001953125,4454.39990234375,4460.2001953125,2314,11.30029296875,8.542898995535714,10.27998046875,7.4250244140625,0.1915362230716454,0.2697720307787757,0.6045088094710749,0.9163517480881166,4452.092985361751,14.361717282375139,4443.076603250729,9.90396985334246,4436.525561589343,4.737523005482217,4418.636747750539,2.0033747014022083,0.38539943356463147,0.5336300533942117,16,10,0,0,False,1,1,11.30029296875,4.89990234375,0.4336084345158363,0.60009765625,5.80029296875,0.18467005128066527,0.10421545037710171,1.4716049964228526,12.0,26.80029296875,72.8877961555655,8.324786880752981,5.1794200117176565,3.1453668690353247,4465.380042151124,4413.2399285520005,1.1745094118493848,0.9006552444735908,81.17087231478375,90.44587271180005,1728.45,1.3387717318985217,4465.39990234375,0.5630123536126644,4463.5,0.5859154929577465,4447.7998046875,0.25243895741621014,4448.2001953125,0.3338361820445233,4430.7001953125,4363.2998046875,67.400390625,29.5,96.900390625,4433.39990234375,8.178606305803571,8.19287109375,7.150041852678571,6.564348493303571,6.735735212053571,0.10386781654436483,0.16207932041827933,0.15992915013589137,0.09198148538878632,0.07726891620979785,0.0931307265527996,0.0005403248805817773,0.0018467005128066528,1.2856394118730965,7.775746372767857,0.748443617986389,10.27998046875,0.0006036730434923366,0.0013362274922057223,1.030239844010552,7.107181222098214,0.8733911378070057,9.530029296875,0.00045670870390678855,0.001042154503771017,1.0451425153796685,7.097173200334822,0.6463656391812493,7.39501953125,7.463026221833813e-05,0.0010129660987510222,0.43297700443142006,5.8051576450892854,1.3269286480823903,6.596015625,2.3046352107636325,1,0.7668405847721571,2.0121490722956894,8.542898995535714,0.2697720307787757,40.594375963289295,0,SHORT,-1.0
4460.0,4462.7001953125,4457.7998046875,4462.0,1430,4.900390625,8.564348493303571,9.84013671875,7.41005859375,0.1919396793658353,0.2403836133713577,0.6723478943712043,0.9068522251034142,4454.0743882894,13.629412888399202,4444.878831512565,9.979800849453568,4437.524559174075,4.9713532920322905,4419.0682228973,2.0899102298708385,0.3851886437500242,0.5515561773134271,16,15,0,0,False,1,1,4.900390625,2.0,0.4081307293742527,0.7001953125,2.2001953125,0.18451442180186048,0.1042172287152485,1.449579849295219,10.7001953125,29.7998046875,73.53994848604341,8.754997991397431,5.894535607653612,2.860462383743819,4467.91001242427,4414.71996804448,1.1976192748486536,0.8888887480132435,85.75049386857505,87.10764885426624,1728.5,0.8273069135088227,4460.2001953125,0.2697720307787757,4465.39990234375,0.5630123536126644,4463.5,0.5859154929577465,4451.2998046875,0.4309283997415047,4430.7001953125,4363.2998046875,67.400390625,31.2998046875,98.7001953125,4432.2001953125,8.542898995535714,8.178606305803571,8.19287109375,6.814313616071429,6.621442522321429,-0.04510396265180468,0.18467005128066527,0.16207932041827933,0.15992915013589137,0.05750548756446763,0.07469076848477217,0.0004816653357464729,0.0018451442180186049,1.4474947263902924,8.125753348214285,0.5756924834008524,9.84013671875,0.0006710862519084482,0.001303831278108109,0.9562494984678136,7.301471819196427,0.9646654415450522,9.66005859375,0.00045199972920622613,0.001042172287152485,1.060139198981155,7.153602818080357,0.7222866157283285,7.3800537109375,8.540166473051558e-05,0.0010135542931088712,0.3999264571715554,5.9081591796875,1.3373944760896543,6.622021484375,2.0587290369918554,1,0.8587077399104134,2.0068213358628055,8.564348493303571,0.2403836133713577,40.956064209622966,1,SHORT,1.0703285455786695
4462.0,4463.39990234375,4458.7001953125,4459.2001953125,910,4.69970703125,8.507184709821429,8.980078125,7.4650390625,0.19077826375151669,0.2563152822882276,0.5094012793307446,0.8207351233410012,4455.09954969402,13.18360843571918,4446.242770922083,10.11509511379154,4438.37458412068,5.223472403128653,4419.46754600591,2.182551825842893,0.29142413174460946,0.46921707028353116,16,20,0,0,False,1,1,4.69970703125,2.7998046875,0.5957402597402598,1.39990234375,0.5,0.18190436299930354,0.10690420312764475,1.4150636360355942,11.400390625,22.60009765625,68.34837844034749,8.768939678609968,6.469416421844883,2.2995232567650845,4469.3859586347835,4416.8740511308415,1.1818674548400252,0.8060294549094629,78.62636202119597,81.8492427348515,1721.6,0.5285780669144982,4462.0,0.2403836133713577,4460.2001953125,0.2697720307787757,4465.39990234375,0.5630123536126644,4447.7998046875,0.25243895741621014,4430.7001953125,4363.2998046875,67.400390625,28.5,95.900390625,4436.60009765625,8.564348493303571,8.542898995535714,8.178606305803571,7.150041852678571,6.492885044642857,0.04509989527707422,0.18451442180186048,0.18467005128066527,0.16207932041827933,0.09198148538878632,0.08955969256011184,0.0005134272693622544,0.0018190436299930354,1.4700453516367045,8.397181919642858,0.19416291866311822,8.980078125,0.000509067209281544,0.0013589254935934176,1.1710133376125762,7.502901785714284,0.9871060629449615,9.17001953125,0.00040931849646584916,0.0010690420312764474,1.0556931790262298,7.20753173828125,0.7817204911924837,7.4350341796875,6.429996697717932e-05,0.0010172607360686588,0.45227884599550067,6.011874302455357,1.3337724034124583,6.658017578125,2.180521450375973,1,0.9248872652687389,1.5275541668844475,8.507184709821429,0.2563152822882276,41.35733619594435,0,SHORT,-1.0
4455.60009765625,4460.7001953125,4455.2001953125,4459.0,1779,5.5,8.05712890625,7.9,8.32001953125,0.18069362875644765,0.10775906957552572,-0.1433220424533733,0.45281709654315694,4455.750410133993,0.7186905173193736,4450.946400286596,3.1222708441418945,4442.5391564939555,2.887415911485732,4421.893592774356,1.7225304204221175,0.18094128729308634,0.3705278203790866,16,55,0,0,False,1,1,5.5,3.39990234375,0.6181640625,1.7001953125,0.39990234375,0.10953990552951068,0.11814746372443456,1.2283516148122782,4.7998046875,-6.39990234375,59.15252834560953,6.198622944597446,6.6973166687835946,-0.49869372418614866,4471.757028144601,4430.743020683525,0.9214042625357632,0.688959237726094,63.247292531769716,61.406028270919705,1831.0,0.971600218459858,4455.7001953125,-0.002235499334938948,4454.2001953125,-0.11212773100557333,4458.0,-0.08964589870013448,4454.2001953125,-0.2508108406006732,4430.7001953125,4363.2998046875,67.400390625,28.2998046875,95.7001953125,4465.39990234375,8.478550502232142,8.778529575892858,8.942836216517858,8.371442522321429,8.178606305803571,0.5630123536126644,0.10738958115578635,0.10989286694783093,0.10710238347343339,0.0583715002438768,0.16207932041827933,0.00021590509100601895,0.0010953990552951068,0.32503358516756026,8.615694754464286,0.3559028910419787,7.9,-0.000143042134367799,0.000909879130171183,0.9516136189112184,8.57858189174107,0.2546133368225719,7.27001953125,0.00022658535548872316,0.0011814746372443457,1.1471029192573525,7.752523367745536,0.9959474858986832,8.32001953125,9.895073444961433e-05,0.0009859291680710306,0.832303224739935,6.5593017578125,1.4593706451541266,6.756015625,0.8682287143875732,1,1.0434540505016705,1.0013705991646917,8.05712890625,0.10775906957552572,31.880121417977513,0,SHORT,-1.0
4458.7998046875,4462.2001953125,4456.0,4458.7998046875,1052,6.2001953125,7.992885044642857,7.16005859375,8.14501953125,0.17926090864721045,0.18874488873070241,-0.03139748360335388,0.5729215253133865,4456.360289044695,2.254932882605317,4451.694343562873,3.6249024155331426,4443.176828972133,3.103591850005614,4422.2608187635415,1.788971932097411,0.15961251101845558,0.3516172395727288,17,0,0,0,False,1,0,6.2001953125,0.0,0.0,3.400390625,2.7998046875,0.09478890365022327,0.11326748174596069,1.208790095909064,8.39990234375,-1.400390625,56.684538523134776,6.0705666586236475,6.571966666751606,-0.5014000081279582,4471.458514340664,4433.581524721836,0.8506865651962949,0.6657941990492418,60.53732127608329,60.869447330468866,1773.95,0.5930268609600045,4459.0,0.10775906957552572,4455.7001953125,-0.002235499334938948,4454.2001953125,-0.11212773100557333,4450.39990234375,-0.21972764763002642,4430.7001953125,4363.2998046875,67.400390625,28.099609375,95.5,4460.2001953125,8.05712890625,8.478550502232142,8.778529575892858,8.821428571428571,8.542898995535714,0.2697720307787757,0.10953990552951068,0.10738958115578635,0.10989286694783093,0.05069555407043691,0.18467005128066527,0.0003775643337328383,0.0009478890365022327,0.22768978016116645,8.449986049107142,0.422769478397393,7.16005859375,-3.108744963060683e-05,0.0008361255211157115,0.9742662563557697,8.523580496651785,0.31534241611176017,6.760009765625,0.00028629279693086483,0.001132674817459607,1.2518537687721343,7.815380859374999,0.9676670478874431,8.14501953125,0.00011968986943816206,0.0009713828502338525,0.8416435348070487,6.612301897321429,1.4624092159340665,6.774013671875,1.5086161983884114,1,1.0656370688639436,0.8903921787687501,7.992885044642857,0.18874488873070241,31.429643599166674,0,SHORT,-1.0
4454.89990234375,4457.7998046875,4449.2001953125,4451.7998046875,1059,8.599609375,4.778494698660714,5.73974609375,4.1099609375,0.10733849023554973,-0.26882926038481003,-0.3804153406507052,-0.5095492886770498,4458.294064433868,-6.898990898675038,4463.293869560774,-5.2098595374727665,4468.1563761853495,-2.817183258825935,4476.186794192477,-1.0599429443500412,-0.25752426815679774,-0.3660698086805493,13,15,2,0,False,0,0,8.599609375,3.10009765625,0.36049284578696345,2.89990234375,2.599609375,0.06718704345841323,0.0512256314155099,1.2337091306667878,-12.0,-17.0,18.18126157566853,-4.900006503950863,-3.4662162917429207,-1.433790212207942,4481.722208758648,4449.977742413227,0.7108269762522806,0.05739779193155995,10.524859147968765,8.970884180187847,440.45,2.4043591781132934,4455.10009765625,-0.11881904769828326,4455.89990234375,-0.09641479710416236,4458.0,-0.0762070744199348,4463.7998046875,-0.11188686489726621,4512.39990234375,4453.39990234375,59.0,-60.60009765625,-1.60009765625,4468.7998046875,4.399972098214286,4.392822265625,4.199986049107143,3.6214773995535716,3.335728236607143,-0.11623145535315153,0.08665296276560988,0.08760318985469161,0.08645548181879195,0.06712155112984193,0.036139847730911716,-0.000538056913752305,0.0006718704345841322,-0.6891812348555187,4.355684988839285,0.28628110794669304,5.71982421875,-0.000380875320220464,0.0006544566115280972,-0.006318263019996705,3.9278738839285716,0.4944001030231628,5.19990234375,-0.0002552686445364383,0.000512256314155099,-0.5489843842923933,3.541795131138393,0.5337713334495197,4.10498046875,-0.00010515136052055229,0.0005358026171212861,-0.2175732586111855,3.8732749720982143,0.5433759497347761,3.991982421875,-1.2845991955936955,0,-1.017581253347148,-2.399179153644436,4.778494698660714,-0.26882926038481003,37.01110202199204,1,LONG,2.0
4455.0,4456.10009765625,4437.2001953125,4439.10009765625,4153,18.89990234375,6.442836216517857,7.97998046875,6.0599609375,0.14513834053707272,-0.45297934464995143,-0.28527129674335105,-0.6646014216187713,4454.10191067501,-5.348688671179843,4458.338192838921,-3.620868628468088,4464.241498789796,-2.405909320698811,4474.328579275093,-1.0587048461975428,-0.4315082066580649,-0.5631729632091356,14,5,2,0,False,1,1,18.89990234375,15.89990234375,0.8412690211072933,1.10009765625,1.89990234375,0.1624365466129424,0.1029807835758049,1.551751481870626,-20.19970703125,-12.69970703125,31.837295972258204,-4.50249976741361,-3.544124223743946,-0.9583755436696642,4468.9207509321295,4446.66919047412,0.4991606972561074,-0.34016009044191026,7.036675347222222,28.11927845905902,814.85,5.096643554028349,4454.7998046875,-0.13674589858080022,4454.5,-0.18374963483124554,4457.89990234375,-0.03363681286380343,4459.2998046875,0.16847118758806073,4512.39990234375,4453.39990234375,59.0,-73.2998046875,-14.2998046875,4451.7998046875,5.635672433035714,5.507080078125,5.464215959821429,5.428501674107143,4.778494698660714,-0.26882926038481003,0.07067632925754479,0.06809051556542585,0.07863995867325353,0.06761994572078983,0.06718704345841323,-0.0009065474639994075,0.0016243654661294241,-1.2199390209953762,5.685658482142857,0.4333294470557571,7.97998046875,-0.0002848245334504118,0.0013436529610494573,-1.664225012496921,5.560651506696429,0.32880015761188547,6.91005859375,-0.0003328499268354379,0.001029807835758049,-1.4615380284562591,4.7442626953125,0.9319668753062695,6.05498046875,-0.00017554221821349357,0.0007530498446358325,-1.7117608146248013,4.1519768415178575,0.8841277247410984,4.52798828125,-2.9184717270452314,1,-0.9162588885529926,-2.9730821302028367,6.442836216517857,-0.45297934464995143,38.71610465787963,1,LONG,2.0
4439.0,4445.39990234375,4436.60009765625,4442.60009765625,2020,8.7998046875,6.714250837053571,8.8,6.2349365234375,0.15113336085765988,-0.4481692188933525,-0.3141408179603702,-0.49276529854374157,4451.801548071258,-8.278950936943147,4456.839326631048,-5.180785901947274,4463.392816392402,-3.095873661063706,4474.012872990328,-1.247175444743334,-0.3194916381596646,-0.46585007395692274,14,10,2,0,False,1,1,8.7998046875,3.60009765625,0.4091110864498946,2.7998046875,2.39990234375,0.16367172012119807,0.10485373324745824,1.5983683459784028,-20.0,-14.0,35.01980640074477,-5.198283406611154,-3.8749560603173876,-1.323327346293766,4469.246704457609,4444.143236948642,0.5632754243669105,-0.06147116097968424,21.7390535161433,22.83906393998414,900.25,2.24382116078867,4439.10009765625,-0.45297934464995143,4454.7998046875,-0.13674589858080022,4454.5,-0.18374963483124554,4462.60009765625,0.13463177912587293,4512.39990234375,4453.39990234375,59.0,-69.7998046875,-10.7998046875,4456.60009765625,6.442836216517857,5.635672433035714,5.507080078125,5.378487723214286,5.235630580357143,-0.0067267538887813404,0.1624365466129424,0.07067632925754479,0.06809051556542585,0.059561415774799564,0.07116260783793664,-0.0008968762841661704,0.0016367172012119807,-1.183584297255342,5.9528111049107135,0.5826434108706338,8.8,-0.00031380786526197246,0.0013137768074375211,-1.7770238692918945,5.708513532366071,0.4689831694328003,6.930029296875,-0.00024643831693879625,0.0010485373324745824,-1.5771087338742575,4.9017578125,0.9866275464385198,6.2299560546875,-0.00014503639270111446,0.0007607033215869753,-1.7341981148130086,4.2006905691964285,0.9554674258451503,4.603984375,-3.009120553096337,1,-0.9760567366932283,-2.1139716363521326,6.714250837053571,-0.4481692188933525,40.81515911832321,1,LONG,2.0
4443.2001953125,4448.7998046875,4439.10009765625,4443.39990234375,2174,9.69970703125,7.107107979910714,9.69990234375,6.4499267578125,0.15994752072983448,-0.32526526655245436,-0.35879267054723657,-0.4034608058906328,4450.121218925757,-9.523160749555245,4455.559381460829,-6.068330101761603,4462.608780547357,-3.543094301806377,4473.708266317228,-1.3790443457910442,-0.2729057807572634,-0.430440559507237,14,15,2,0,False,1,1,9.69970703125,0.19970703125,0.0205889755852001,5.39990234375,4.10009765625,0.16990040800462064,0.10465383448975088,1.6710906524548035,-14.5,-16.0,37.52509599828469,-5.620371258187333,-4.224039099891376,-1.396332158295957,4469.45833745393,4442.13160395232,0.6132852539509396,0.04641236726502238,24.63688633348076,17.80420506561537,964.25,2.254602022297122,4442.60009765625,-0.4481692188933525,4439.10009765625,-0.45297934464995143,4454.7998046875,-0.13674589858080022,4457.89990234375,-0.03363681286380343,4512.39990234375,4453.39990234375,59.0,-69.0,-10.0,4459.39990234375,6.714250837053571,6.442836216517857,5.635672433035714,5.464215959821429,5.428501674107143,0.03140202655338717,0.16367172012119807,0.1624365466129424,0.07067632925754479,0.07863995867325353,0.07649212821662285,-0.0006502218452814956,0.0016990040800462063,-1.6839478055501598,6.281389508928571,0.6913303477389047,9.69990234375,-0.00035862856995928506,0.0012854062513133243,-1.8132819729739122,5.876374162946428,0.6302904792280616,7.189990234375,-0.00020159711516017363,0.0010465383448975088,-1.7198128222300333,5.081752232142857,1.0454441783041435,6.4449462890625,-0.0001240060462858894,0.0007547216363603354,-1.8422046628176596,4.252975725446429,1.0396054996181294,4.67998046875,-2.3116953715027337,1,-0.9918801158578311,-1.7062207623600834,7.107107979910714,-0.32526526655245436,41.639140840737376,1,LONG,2.0
4443.10009765625,4453.10009765625,4442.0,4451.7998046875,1668,11.10009765625,7.664271763392857,11.09990234375,6.804931640625,0.17216119546352468,-0.06061724800763273,-0.24425549886701947,-0.18834111154536268,4450.456936078106,-8.158567662143469,4455.201326530036,-5.7475553599269915,4462.184899141088,-3.510039439481261,4473.490271674146,-1.3921901265548513,-0.07634945299284504,-0.23273563709981956,14,20,2,0,False,1,1,11.10009765625,8.69970703125,0.7837504948752915,1.30029296875,1.10009765625,0.20359831205317014,0.11458962649649777,1.7771442508999344,-2.7001953125,-10.900390625,47.14016129168747,-5.2169393736458005,-4.422619154642262,-0.7943202190035388,4468.98449176193,4441.76541058182,0.6109268350792979,0.36865293281877365,55.07120743034056,33.815715759988144,1035.25,1.6112050229413186,4443.39990234375,-0.32526526655245436,4442.60009765625,-0.4481692188933525,4439.10009765625,-0.45297934464995143,4454.5,-0.18374963483124554,4512.39990234375,4453.39990234375,59.0,-60.60009765625,-1.60009765625,4462.7001953125,7.107107979910714,6.714250837053571,6.442836216517857,5.507080078125,5.578508649553571,0.15261323453817102,0.16990040800462064,0.16367172012119807,0.1624365466129424,0.06809051556542585,0.07450079752017652,-0.00011960356895388547,0.0020359831205317013,-1.5088234681307309,6.712827845982143,0.7572753198973068,11.09990234375,-0.00024359389613705097,0.0014371720845193826,-1.128007729378798,6.084950474330357,0.833213856952431,7.75,-9.363058909662159e-05,0.0011458962649649777,-1.2693040227603347,5.297105189732143,1.1129370665683096,6.799951171875,-0.00010677462819728589,0.0007905646121727862,-1.3851714013202374,4.312689732142857,1.1449598600323554,4.78998046875,-0.4645870622794815,1,-0.9111854102575264,-0.4434765499117424,7.664271763392857,-0.06061724800763273,41.172513715797265,0,LONG,-1.0
4451.7001953125,4456.89990234375,4450.10009765625,4451.2998046875,3500,6.7998046875,7.535714285714286,11.05986328125,6.969921875,0.16929244527134976,-0.07856694247667817,-0.21520540398600121,-0.20401977077141192,4450.625509799985,-7.226854129715321,4454.829753021223,-5.533502468505503,4461.758032691928,-3.509645735972299,4473.269471007612,-1.4131633591268837,-0.07923868092442958,-0.2343970230523245,14,25,2,0,False,1,1,6.7998046875,0.400390625,0.05888266551773661,5.19970703125,1.19970703125,0.20334438355255127,0.11454359263504309,1.7225711964576569,-3.5,-9.60009765625,49.54462983386104,-4.881294001156675,-4.514354123945145,-0.36693987721153043,4468.430247795809,4441.409644782317,0.6065339745554886,0.36602291592992187,53.25961963732862,44.322571133716586,1179.95,2.966227382516208,4451.7998046875,-0.06061724800763273,4443.39990234375,-0.32526526655245436,4442.60009765625,-0.4481692188933525,4454.7998046875,-0.13674589858080022,4512.39990234375,4453.39990234375,59.0,-61.10009765625,-2.10009765625,4460.89990234375,7.664271763392857,7.107107979910714,6.714250837053571,5.635672433035714,5.507080078125,0.13018348769652058,0.20359831205317014,0.16990040800462064,0.16367172012119807,0.07067632925754479,0.0786979458228914,-0.00015552714994273575,0.0020334438355255127,-1.426463200712107,7.092836216517857,0.5217063688444534,11.05986328125,-0.00021448441882377934,0.0014365232848565041,-1.2052405087398446,6.287813895089286,0.9193870995607448,8.049951171875,-0.00010148506292169679,0.0011454359263504308,-1.2480807388203714,5.501388113839285,1.1308845712597575,6.96494140625,-0.00011393459716991571,0.0007889267834233594,-1.3673498877486103,4.374689592633929,1.232355239285498,4.86197265625,-0.5920580308063962,1,-0.9193925629371295,-0.46805798567929097,7.535714285714286,-0.07856694247667817,39.80084221248994,0,LONG,-1.0
4430.89990234375,4430.89990234375,4422.7001953125,4425.0,1281,8.2998046875,3.5928780691964284,4.42001953125,3.6400634765625,0.08119498461460856,-0.24346916369145838,-0.2637139044207132,-0.19397549320689297,4432.12445614167,-3.945775919085463,4434.4800327932635,-2.4189300711750548,4436.547095596528,-1.2230997924489202,4446.915838560159,-0.8080249277245457,-0.2137800311007839,-0.2602721293771318,13,0,3,0,False,0,0,8.19970703125,5.89990234375,0.7195259929732627,0.0,2.2998046875,0.049927594425686,0.05874757873090583,0.8879116961625905,-10.7998046875,-11.7001953125,23.307511564725743,-2.0418560352291024,-0.9828029440183971,-1.0590530912107052,4444.221362583127,4427.608666713747,0.3745043765383533,-0.1570285000254011,11.793870192307692,13.144304121237719,387.4,3.3066597831698505,4431.0,-0.04511617414843221,4432.10009765625,-0.06538674957722661,4432.89990234375,-0.03156986233249639,4435.7998046875,-0.020294150728311287,4475.2001953125,4423.60009765625,51.60009765625,-50.2001953125,1.39990234375,4436.7001953125,3.1428920200892856,3.0357840401785716,3.0714634486607144,3.350062779017857,3.5858328683035716,-0.06531899900806187,0.042105155445943024,0.044891657302940334,0.04647712691031081,0.049847539279772965,0.04638891396851023,-0.00048731344126866637,0.00049927594425686,-1.9407962535598406,3.1486118861607144,0.263568882851068,4.4,-0.0002639028234172391,0.0005260058918809496,-0.49786432864943697,3.3279296875,0.2737903426204336,3.699951171875,-9.691331272401182e-05,0.0005874757873090583,0.7280529169466661,3.3886387416294648,0.21601738674935886,3.6200439453125,-7.106737679629438e-05,0.0006615552730626373,0.2744091777229423,4.046436244419644,0.7215562170219608,4.0,-0.8747550187526362,0,-0.5753222802039597,-2.6329216282937837,3.5928780691964284,-0.24346916369145838,20.08775484846303,0,LONG,-1.0
4424.7998046875,4427.0,4419.7001953125,4426.39990234375,1559,7.2998046875,3.8214285714285716,5.4599609375,3.8150390625,0.08633265533475974,-0.19391426507891768,-0.23890235871647508,-0.13086712497518493,4430.979545382086,-4.876640266518734,4433.7104965599765,-3.0076126983249196,4436.149166449361,-1.5123938263241143,4446.711699891339,-0.8855579896990093,-0.16488659378862533,-0.21976862679335363,13,5,3,0,False,0,0,7.2998046875,1.60009765625,0.21919732441471573,0.60009765625,5.099609375,0.06122522298963717,0.05920685320144922,0.9459966524731482,-8.60009765625,-10.60009765625,20.31166552224002,-2.4206404014685177,-1.2703704355084213,-1.1502699659600963,4444.833503342633,4426.416496657367,0.4152065759676648,-0.0009010320678446428,30.592405966422152,17.83217537009649,447.65,3.48263152016084,4425.0,-0.24346916369145838,4431.0,-0.04511617414843221,4432.10009765625,-0.06538674957722661,4435.0,-0.0450755014649538,4475.2001953125,4423.60009765625,51.60009765625,-48.80029296875,2.7998046875,4437.0,3.5928780691964284,3.1428920200892856,3.0357840401785716,2.9000418526785716,3.6072823660714284,-0.04956287654751997,0.049927594425686,0.042105155445943024,0.044891657302940334,0.04973660027405522,0.047260663132818924,-0.00038797966710073516,0.0006122522298963717,-0.9827099170155329,3.3328892299107147,0.3531921422403044,5.43994140625,-0.00023902399216533255,0.0005488149724366093,-0.47489928314191404,3.3493443080357137,0.30469798072057375,4.169921875,-6.530778481413923e-05,0.0005920685320144922,0.5559664103335368,3.4193533761160717,0.2319372294124778,3.79501953125,-5.483332890803716e-05,0.0006608904086596847,0.20836743650572495,4.039579380580357,0.7220424228041685,4.07599609375,-0.7410295129801497,0,-0.6381566065677948,-1.909898324675272,3.8214285714285716,-0.19391426507891768,22.9808411778337,0,LONG,-1.0
4426.0,4427.10009765625,4419.39990234375,4420.10009765625,623,7.7001953125,4.221435546875,5.87998046875,3.780029296875,0.09550542869183909,-0.2887456285835041,-0.32022433431856556,-0.42576937021288574,4428.803655836919,-6.461273150715897,4432.414268092954,-3.940202411579776,4435.519791202572,-1.955037389507197,4446.446907829299,-1.0041077080841205,-0.27782083740116226,-0.347641184622958,13,10,3,0,False,0,0,7.7001953125,5.89990234375,0.7662016487000635,1.10009765625,0.7001953125,0.07719223800706754,0.053844987316719155,1.045906080076015,-12.7998046875,-14.19970703125,16.77351268763684,-3.1923716560559114,-1.6547706796179193,-1.537600976437992,4446.054539579657,4423.305470185968,0.5129810802276813,-0.14090125948657536,3.2416303094694485,15.209302156066379,446.8,1.3943598925693823,4426.39990234375,-0.19391426507891768,4425.0,-0.24346916369145838,4431.0,-0.04511617414843221,4432.89990234375,-0.03156986233249639,4475.2001953125,4423.60009765625,51.60009765625,-55.10009765625,-3.5,4434.2998046875,3.8214285714285716,3.5928780691964284,3.1428920200892856,3.0714634486607144,3.685825892857143,-0.16436177972443375,0.06122522298963717,0.049927594425686,0.042105155445943024,0.04647712691031081,0.03463101587151193,-0.0005779209066150371,0.0007719223800706753,-0.23352030190083248,3.5628836495535716,0.4887900137880121,5.8599609375,-0.0003204911050527559,0.0006591414450357785,-0.5889531050761838,3.4029052734375,0.40196783133940517,4.58994140625,-0.00021317863872377107,0.0005384498731671915,-0.7921062841121553,3.45078125,0.2915993514690871,3.760009765625,-5.9415293645783687e-05,0.000669686056695163,0.14495223892911566,4.036151646205357,0.7207368878992233,4.102001953125,-1.2189210605071703,0,-0.7356556970097194,-2.908953356961393,4.221435546875,-0.2887456285835041,25.70159704931052,0,LONG,-1.0
4419.7998046875,4422.10009765625,4415.0,4421.39990234375,2039,7.10009765625,4.464285714285714,6.819921875,3.9750244140625,0.10096996003277675,-0.24142494701684192,-0.3066538366685456,-0.4211660751155381,4427.322905138285,-7.309057583072899,4431.365280878745,-4.584011259285944,4434.966070070854,-2.297984759036808,4446.197683894119,-1.1005861917101356,-0.22488280480950387,-0.3058911277507686,13,15,3,0,False,0,0,7.10009765625,1.60009765625,0.22536276734750016,0.7001953125,4.7998046875,0.0857436227761505,0.05406284454065316,1.1073288908682393,-10.7001953125,-13.60009765625,22.49049590267805,-3.656935978384354,-2.0552037393712066,-1.6017322390131472,4446.260703482825,4421.22928675155,0.5645659991461414,0.0068160581573082826,26.777943489897236,20.203993255262894,504.0,4.045634920634921,4420.10009765625,-0.2887456285835041,4426.39990234375,-0.19391426507891768,4425.0,-0.24346916369145838,4432.10009765625,-0.06538674957722661,4475.2001953125,4423.60009765625,51.60009765625,-53.80029296875,-2.2001953125,4435.0,4.221435546875,3.8214285714285716,3.5928780691964284,3.0357840401785716,3.4715401785714284,-0.12836253432548753,0.07719223800706754,0.06122522298963717,0.049927594425686,0.044891657302940334,0.04107164538321359,-0.0004830226044232111,0.000857436227761505,-0.329867305408523,3.848583984375,0.5201516576514635,6.79990234375,-0.0003068748620383199,0.0006714141103626225,-0.5770374289906627,3.5021798270089284,0.5246656667747437,4.949951171875,-0.0002108665767161566,0.0005406284454065316,-0.78478233649709,3.49542236328125,0.3690916288973855,3.9550048828125,-8.601628743902801e-05,0.0006264702054252151,-0.09890786291337086,4.031580636160714,0.7172031970357585,4.1,-1.077789942039473,0,-0.8065767790324171,-2.2272248571407047,4.464285714285714,-0.24142494701684192,28.67662666913405,1,LONG,2.0
4421.2001953125,4424.10009765625,4421.0,4423.0,414,3.10009765625,4.464285714285714,6.7,3.9850341796875,0.10093343238267499,-0.18054615211013314,-0.22558087074216107,-0.4008242990082859,4426.458324110628,-7.4472460664583195,4430.568587461721,-4.90934352030672,4434.496812421016,-2.521593199859126,4445.966861168805,-1.1692370753753494,-0.17082654996335725,-0.2592585564344929,13,20,3,0,False,0,0,3.10009765625,1.7998046875,0.5805638683257206,1.10009765625,0.2001953125,0.0938761947447469,0.05498093904355364,1.1100428875476256,-8.0,-10.0,27.089525427050333,-3.8515932728341795,-2.414481646063801,-1.4371116267703785,4445.783121692344,4419.926888073282,0.5832862475894603,0.11885381188901212,34.93464679417472,21.65140686451375,504.2,0.8211027370091234,4421.39990234375,-0.24142494701684192,4420.10009765625,-0.2887456285835041,4426.39990234375,-0.19391426507891768,4431.0,-0.04511617414843221,4475.2001953125,4423.60009765625,51.60009765625,-52.2001953125,-0.60009765625,4433.0,4.464285714285714,4.221435546875,3.8214285714285716,3.1428920200892856,3.4215262276785716,-0.09690137869336095,0.0857436227761505,0.07719223800706754,0.06122522298963717,0.042105155445943024,0.03292466540708756,-0.0003610006447770653,0.000938761947447469,-0.6085662147601244,4.1128627232142865,0.39182336600037954,6.67998046875,-0.0002255891910088459,0.0007006026168051862,-0.8231181890703446,3.606455775669643,0.6044165742990382,4.97998046875,-0.00020065106156718637,0.0005498093904355364,-0.7595482449573168,3.5472063337053577,0.427289141316045,3.97001953125,-4.905149695264788e-05,0.000595941704040589,-0.024155089434357173,4.0217236328125,0.7075448209992982,4.006005859375,-0.806009607634523,0,-0.8799223908821295,-1.692467460292961,4.464285714285714,-0.18054615211013314,30.56418257723867,1,LONG,2.0
4431.39990234375,4431.5,4425.60009765625,4426.7001953125,979,5.89990234375,6.03564453125,4.63984375,5.1949462890625,0.13634635879884605,-0.22763274926963606,0.1198781627045397,-0.18714328494926719,4431.468777057317,0.6429584391025855,4431.851526708419,0.3425758828625476,4434.008290398421,-0.29654265678709635,4444.844919337534,-0.6169216768275874,-0.11623429541524798,-0.16481915700848906,14,5,3,0,False,1,1,5.89990234375,4.69970703125,0.7965736985847885,0.10009765625,1.10009765625,0.045585060157671005,0.07139235446395803,1.4573785780322501,-10.099609375,5.30029296875,44.69147114851342,-0.8142128775280071,-1.1769359705643736,0.3627230930363665,4441.075869174655,4420.14410152847,0.47243534672177206,0.31321261992056015,48.750813802083336,66.25027126736104,698.9,1.400772642724281,4431.2998046875,-0.09694951920986417,4434.7001953125,0.06995436384003952,4434.7998046875,0.14903593071483218,4436.7998046875,0.3483037654111909,4475.2001953125,4423.60009765625,51.60009765625,-48.5,3.10009765625,4421.39990234375,5.878487723214286,5.571393694196429,5.771414620535714,5.564278738839286,4.464285714285714,-0.24142494701684192,0.04113374757042343,0.049839838970951025,0.05559844870854509,0.03777120122442526,0.0857436227761505,-0.0004555974376994065,0.00045585060157671004,-0.22798654817504083,5.7799595424107135,0.18537287599208813,4.63984375,0.0001200493094011712,0.00072384439051195,-0.1816395122622092,5.45283203125,0.4680817027973245,5.409912109375,-9.341277631857436e-05,0.0007139235446395803,-0.21404865810626342,4.477505929129464,1.1115326306507898,5.179931640625,-5.710787809531714e-05,0.0006162487771343396,0.028736959441555084,4.141439034598214,0.8922662968387759,4.159990234375,-1.3739103582626813,1,-0.3573377588482801,-0.8524928457145693,6.03564453125,-0.22763274926963606,20.27486987812498,1,LONG,2.0
4457.39990234375,4464.89990234375,4456.7001953125,4463.5,896,8.19970703125,7.092808314732143,6.81982421875,7.50498046875,0.15890687385979935,0.07622928340860834,0.22679520990096774,0.628999497914435,4458.523765667912,5.74054906051424,4452.301868068022,5.8000001917207555,4444.342600244827,3.7304910065540753,4444.906909558035,0.8337025686196284,0.25151331297393825,0.43105137200984106,16,55,3,0,False,1,1,8.19970703125,6.10009765625,0.7439409277675222,1.39990234375,0.69970703125,0.10490649560027222,0.09225454278263694,1.138208187800629,3.39990234375,10.10009765625,72.04795745481928,6.815004187592422,5.9067756588056,0.9082285287868217,4470.500091062784,4430.000055421591,0.9100620184179213,0.8271583974690561,92.51644190526805,87.03990738871299,1842.7,0.4862430129700982,4457.2998046875,0.00897265706011713,4463.60009765625,0.16605857051785947,4462.2001953125,0.13464386107050197,4460.10009765625,0.15045123859130188,4475.2001953125,4423.60009765625,51.60009765625,-11.7001953125,39.89990234375,4453.39990234375,7.399972098214286,7.307094029017857,7.342843191964286,7.657156808035714,8.085763113839286,0.41487942150507334,0.08800474027806253,0.03811174769361222,0.040962762599478016,0.04149670835806823,0.1384560624093896,0.00015285237075186587,0.0010490649560027222,-0.6603879597619516,7.381403459821428,0.24354170173247217,6.81982421875,0.00022682139053084027,0.0007561344683721875,-0.8336636857458658,7.631434849330357,0.32611766435348577,6.73984375,0.00031396791298598516,0.0009225454278263694,0.6951461705870744,7.523221261160716,0.34839234627548626,7.50498046875,0.00013795938768533135,0.0008634226462688133,0.2316875104134728,6.231556222098215,1.3243346938807516,6.711962890625,0.5406796951866503,1,1.1221602882828405,1.5827717635163088,7.092808314732143,0.07622928340860834,20.922613918888707,0,SHORT,-1.0
4463.60009765625,4467.5,4461.60009765625,4463.0,1454,5.89990234375,6.914202008928571,6.91982421875,7.3599609375,0.15492274274991197,0.08521269557474331,0.13911765356789998,0.5723792542091645,4459.41901253433,5.352400185912302,4453.320737775829,5.609505381794406,4445.0742629803235,3.7332091901207605,4445.086940308702,0.8632160225388361,0.2173493173771539,0.40327193561121033,17,0,3,0,False,1,0,5.89990234375,0.60009765625,0.10171315070760573,3.89990234375,1.39990234375,0.10422260209314516,0.0926725511338594,1.0959051322638598,3.7998046875,6.2001953125,73.82691936728395,6.816754590125129,6.088771445069506,0.7279831450556227,4471.615007765735,4431.425128953015,0.9028349461655283,0.7856423552337708,85.57701336505055,83.72309829657061,1869.5,0.7777480609788714,4463.5,0.07622928340860834,4457.2998046875,0.00897265706011713,4463.60009765625,0.16605857051785947,4459.2001953125,0.053859063233564056,4475.2001953125,4423.60009765625,51.60009765625,-12.2001953125,39.39990234375,4456.7998046875,7.092808314732143,7.399972098214286,7.307094029017857,7.764299665178571,7.971470424107143,0.26094683850756334,0.10490649560027222,0.08800474027806253,0.03811174769361222,0.03677586435202652,0.11221625726124071,0.0001708018871787953,0.0010422260209314515,-0.7500218068124517,7.211383928571427,0.20272193303767816,6.91982421875,0.00013927544767418089,0.0007375533998174307,-0.517790573210417,7.5257080078125,0.3718111354638077,6.75986328125,0.00028582206342893103,0.0009267255113385941,0.7811838144671106,7.5125034877232135,0.3641149938492704,7.3599609375,0.00013932748761275038,0.0008629619398365286,0.22765541643036255,6.309124581473214,1.244510063439721,6.781953125,0.5891777909291089,1,1.1926864133932602,1.4029529397631157,6.914202008928571,0.08521269557474331,21.83232637147827,0,SHORT,-1.0
4497.39990234375,4500.7998046875,4492.39990234375,4495.7998046875,2628,8.39990234375,7.642822265625,13.23994140625,6.67998046875,0.1699991680602924,0.5276957279268432,0.5119699265291116,0.2162169104589883,4486.892721276228,11.122334500323632,4482.867671669928,5.495474474271759,4480.960096926091,2.181908834412752,4475.721807810338,0.7602114811479623,0.2884790264789211,0.33117250411555743,14,40,4,0,False,1,1,8.39990234375,1.60009765625,0.1904900308085799,3.39990234375,3.39990234375,0.14929977896974603,0.09946889458151979,2.3007878966177833,23.599609375,22.89990234375,75.28089887640449,2.996967324637808,0.5151156193662555,2.4818517052715525,4496.238140638286,4464.861761705465,0.7002796369810371,0.9860297470360075,85.20701511080293,91.86880022382621,1034.05,2.541463178763116,4497.0,0.4669221395360101,4496.5,0.4108863567694735,4482.0,0.09156295910285965,4472.2001953125,-0.01564325262193686,4493.7001953125,4461.7998046875,31.900390625,2.099609375,34.0,4472.89990234375,7.621407645089286,7.185686383928571,5.214250837053571,4.55712890625,3.7928292410714284,-0.08711361941328154,0.16435567990150807,0.17299621464127937,0.10855511385919356,0.06444119504762204,0.05884691837183567,0.0010540609663166832,0.0014929977896974602,0.9292174572141839,6.539976283482143,1.3060490707895591,13.23994140625,0.0005114693112424739,0.0012257103921759897,1.4421442655316146,5.393551199776786,1.5014580333279308,9.32998046875,0.00010846694178096584,0.000994688945815198,1.9855154068610084,4.317822265625,1.5423014394816887,6.675,6.305651939873202e-05,0.0006892156236146784,2.298098740304574,3.321828264508929,1.2666235523768938,4.223984375,4.033084658874469,1,0.24959035779453184,1.6969437543165407,7.642822265625,0.5276957279268432,20.074358646943004,0,SHORT,-1.0
4496.10009765625,4497.7998046875,4490.7001953125,4492.5,1211,7.099609375,7.907087053571429,12.23984375,6.8549560546875,0.17600638961761667,0.2566391430484267,0.4022795843110962,0.13373453694416582,4488.014177020983,11.197867600259087,4483.785036272792,6.067334048150769,4481.412642144675,2.547324174239293,4475.888754996305,0.867075048499828,0.1943662253365338,0.2474076533603595,14,45,4,0,False,1,1,7.099609375,3.60009765625,0.5070839064649243,1.69970703125,1.7998046875,0.15667474095838183,0.10124013859057987,2.3108755033048767,11.5,18.0,69.31346661637119,3.3636569742538995,1.0848238903437843,2.278833083910115,4497.231373302954,4464.468529040795,0.7311747686081416,0.8555872235909978,75.44422293490508,85.29644442793438,1061.9,1.140408701384311,4495.7998046875,0.5276957279268432,4497.0,0.4669221395360101,4496.5,0.4108863567694735,4481.0,0.14526762766789586,4493.7001953125,4461.7998046875,31.900390625,-1.2001953125,30.7001953125,4474.5,7.642822265625,7.621407645089286,7.185686383928571,5.035714285714286,3.8142787388392856,0.026830200632703725,0.14929977896974603,0.16435567990150807,0.17299621464127937,0.11165396386773298,0.050968655792560456,0.0005137323887079547,0.0015667474095838183,1.9119512768422486,7.114250837053572,1.0931934968943473,12.23984375,0.0004022986502751458,0.001287961680818543,1.436335749682527,5.80283203125,1.5789602424424871,9.64990234375,6.731106464555881e-05,0.0010124013859057986,1.9850051971409606,4.577823311941964,1.687905216427531,6.8499755859375,4.882371429626886e-05,0.0006983030387423786,2.2416732207165535,3.4216845703125,1.4212121710291858,4.333984375,2.029268045437881,1,0.3000338951681728,1.1043134613396983,7.907087053571429,0.2566391430484267,21.151088298889455,0,SHORT,-1.0
4492.5,4493.7998046875,4487.7001953125,4491.89990234375,1831,6.099609375,8.135637555803571,12.63984375,6.88994140625,0.1811179619465389,0.22088135528224007,0.31264655989010265,0.19182517411077876,4488.791322085537,10.938274548958361,4484.557880660503,6.43234055249377,4481.823907250522,2.8356605730441515,4476.048069895284,0.9569539270587484,0.1637178486403214,0.22481907593306702,14,50,4,0,False,1,1,6.099609375,0.60009765625,0.0983829650976625,1.2998046875,4.19970703125,0.15912194523249631,0.09970583728216285,2.3058532185762814,9.89990234375,14.0,69.16489789943644,3.5647461234621005,1.5808083369674477,1.9839377864946528,4498.368387118711,4464.191524990663,0.7626584918416317,0.8107349717851126,73.66877582271532,78.10667128947439,1123.5,1.6297285269247885,4492.5,0.2566391430484267,4495.7998046875,0.5276957279268432,4497.0,0.4669221395360101,4482.0,0.09156295910285965,4493.7001953125,4461.7998046875,31.900390625,-1.80029296875,30.10009765625,4477.89990234375,7.907087053571429,7.642822265625,7.621407645089286,5.214250837053571,4.157121930803571,0.07598396119678177,0.15667474095838183,0.14929977896974603,0.16435567990150807,0.10855511385919356,0.06006915287002069,0.00044238396143228,0.0015912194523249631,2.023955798566566,7.698528180803571,0.355885811655053,12.63984375,0.00031295692266211097,0.0012913866820622856,1.671961298599967,6.20068359375,1.6189434225158397,9.55986328125,9.629690129144275e-05,0.0009970583728216285,2.0087116410072503,4.839252580915178,1.8155920757640402,6.8849609375,5.195496778031661e-05,0.0006971020620144234,2.24130531949326,3.528254743303571,1.56653896240305,4.4159765625,1.7970106494109839,1,0.3360490669880261,0.903929388785009,8.135637555803571,0.22088135528224007,21.391747869289034,0,SHORT,-1.0
4496.39990234375,4506.2001953125,4495.2001953125,4498.7998046875,3572,11.0,9.035609654017858,7.39990234375,7.554931640625,0.20084489300020095,0.1402293753478019,0.39722840186342334,0.5700489820351177,4493.152905213737,5.1387281927536606,4488.287646301501,4.502610028708659,4483.876681327499,2.4640391828233987,4476.815756008027,0.9270010117224956,0.23421311676985476,0.33281743501436084,15,10,4,0,False,1,1,11.0,2.39990234375,0.2181729403409091,7.400390625,1.19970703125,0.037556194445009496,0.0944178134778686,2.254413950183238,6.2998046875,17.7998046875,74.3589159903937,4.664354465104225,3.158883591436098,1.5054708736681266,4504.771990860906,4464.787970076594,0.8915492166492545,0.8506356775467335,81.12154654841683,83.84567379915104,1328.95,2.687836261710373,4496.2001953125,0.008905881987506135,4495.39990234375,-0.0355814466588837,4492.0,-0.10007783831869231,4492.5,0.2566391430484267,4493.7001953125,4461.7998046875,31.900390625,5.099609375,37.0,4481.0,8.749895368303571,8.53564453125,8.278494698660714,7.907087053571429,5.035714285714286,0.14526762766789586,0.05385190980042592,0.0542196955618463,0.03317639186302336,0.15667474095838183,0.11165396386773298,0.0002803579685769275,0.00037556194445009496,0.3573932044398444,8.547056361607144,0.36102251058561546,7.39990234375,0.0003970451786424412,0.0010811072476429834,2.300839085878341,7.830653599330357,1.0767216847210235,9.819873046875,0.0002846784615403386,0.000944178134778686,1.822330166942607,5.965673828125,2.077689907783179,7.549951171875,8.846127278353765e-05,0.0007009453246934866,2.081721462588877,4.0079638671875,2.0746305990868232,4.849970703125,1.2670578976694926,1,0.48817568962164126,1.1661392693197354,9.035609654017858,0.1402293753478019,24.75116614763436,0,SHORT,-1.0
4498.7998046875,4502.0,4493.10009765625,4496.2998046875,1380,8.89990234375,9.307059151785714,7.9599609375,7.829931640625,0.2069937405437885,0.09795192322638915,0.31904963604417674,0.48720090931947707,4493.782285108489,4.990963022952201,4489.05070900493,4.4928283444269255,4484.363862635734,2.5399553852121244,4477.009627139167,0.9615572438824529,0.16148393396467825,0.2661680099426699,15,15,4,0,False,1,1,8.89990234375,2.5,0.2809019586327975,3.2001953125,3.19970703125,0.05138593010985026,0.09627263774870984,2.248334972354576,4.39990234375,14.2998046875,70.13254977368233,4.704299905566586,3.467966854262196,1.2363330513043898,4505.879174138665,4465.860767267584,0.8920991275368587,0.7606259169180603,74.74402730375427,80.75239448535137,1360.45,1.0143702451394758,4498.7998046875,0.1402293753478019,4496.2001953125,0.008905881987506135,4495.39990234375,-0.0355814466588837,4491.89990234375,0.22088135528224007,4493.7001953125,4461.7998046875,31.900390625,2.599609375,34.5,4482.0,9.035609654017858,8.749895368303571,8.53564453125,8.135637555803571,5.214250837053571,0.09156295910285965,0.037556194445009496,0.05385190980042592,0.0542196955618463,0.15912194523249631,0.10855511385919356,0.00019593274794023064,0.0005138593010985025,-0.6065677344571035,8.781340680803572,0.40473513215493084,7.9599609375,0.0003191583546862553,0.0011222976634620025,2.2329440402076095,8.23993443080357,0.674377756643005,10.29990234375,0.0002434781728566926,0.0009627263774870983,1.8228628963551856,6.251384626116072,2.1265369569557775,7.824951171875,6.216567324037081e-05,0.0006999350456695488,2.1729386155161006,4.139534040178571,2.196836736832189,4.945966796875,0.9116443434991768,1,0.5035797337009604,0.7801392135841766,9.307059151785714,0.09795192322638915,25.775874489234095,0,SHORT,-1.0
4496.5,4505.39990234375,4496.2998046875,4503.39990234375,1968,9.10009765625,9.557059151785714,8.7,8.13994140625,0.21221875380891303,0.25378233178428317,0.15345051359390635,0.6571279021848458,4495.705808555542,6.2727508871121245,4490.417298846722,5.150644915790508,4485.110373996833,2.887404285546836,4477.272216942198,1.0654213742291176,0.2891179735202485,0.4077832388017373,15,20,4,0,False,1,1,9.10009765625,6.89990234375,0.7582228899500992,2.0,0.2001953125,0.07833363968668963,0.10032775021643699,2.2346935480135346,11.39990234375,6.89990234375,77.13708816277399,5.248375492120431,3.8240485818338437,1.4243269102865872,4507.9870435594285,4466.6928880811965,0.920236839480984,0.8889154854348201,92.85643108044144,82.90733497753746,1439.15,1.367473856095612,4496.2998046875,0.09795192322638915,4498.7998046875,0.1402293753478019,4496.2001953125,0.008905881987506135,4492.0,-0.10007783831869231,4493.7001953125,4461.7998046875,31.900390625,9.69970703125,41.60009765625,4496.5,9.307059151785714,9.035609654017858,8.749895368303571,8.278494698660714,7.185686383928571,0.4108863567694735,0.05138593010985026,0.037556194445009496,0.05385190980042592,0.03317639186302336,0.17299621464127937,0.0005072955242890531,0.0007833363968668964,0.008922901733371609,9.03705357142857,0.4114552712958537,8.7,0.00015355185902479195,0.0006787307304889946,0.9047990373665564,8.477071707589285,0.6793874638037118,8.109912109375,0.00032802028516057955,0.0010032775021643699,1.4696241945558848,6.547096470424107,2.1557146298359404,8.1349609375,0.00010222479732016065,0.0007282936699001336,1.955208108396884,4.276675502232143,2.3159402447794495,5.08396484375,2.425412756540502,1,0.5552884800233854,1.3623582663225768,9.557059151785714,0.25378233178428317,27.0844157957001,0,SHORT,-1.0
4503.39990234375,4505.0,4501.2001953125,4503.89990234375,1119,3.7998046875,9.435616629464286,7.93994140625,8.1599365234375,0.2094988084560707,0.1890821769953856,0.15343345216255283,0.6165828666647323,4497.344627313184,6.7182007096898815,4491.701356322629,5.4696311142861305,4485.847218245732,3.1075060782704895,4477.537169035746,1.1393972809537445,0.27157963215764214,0.4024364455523767,15,25,4,0,False,1,1,3.7998046875,0.5,0.131585710614238,1.10009765625,2.19970703125,0.07851393309857001,0.10033919267817318,2.1384377985389214,8.5,6.89990234375,83.79506720388127,5.654721031532063,4.190183071773488,1.4645379597585748,4509.9415670086,4467.49837439765,0.945552248479908,0.8576529169181462,94.13193492937395,87.24413110452316,1471.05,0.7606811461201183,4503.39990234375,0.25378233178428317,4496.2998046875,0.09795192322638915,4498.7998046875,0.1402293753478019,4495.39990234375,-0.0355814466588837,4493.7001953125,4461.7998046875,31.900390625,10.19970703125,42.10009765625,4497.0,9.557059151785714,9.307059151785714,9.035609654017858,8.53564453125,7.621407645089286,0.4669221395360101,0.07833363968668963,0.05138593010985026,0.037556194445009496,0.0542196955618463,0.16435567990150807,0.00037812508603052297,0.0007851393309857001,0.7737804730481915,9.217047991071428,0.32505126182408767,7.93994140625,0.00015353482183990685,0.0006787319139118919,0.9048880262959672,8.658492606026787,0.6676341221276492,7.4298828125,0.0003078697612769243,0.0010033919267817318,1.5351082249535273,6.833522251674107,2.13901336872008,8.1549560546875,9.774966056025125e-05,0.0007275225522680198,1.9799602183756322,4.4123876953125,2.4153552776349163,5.11595703125,1.78410693359297,1,0.6204298358855476,1.2963301994845906,9.435616629464286,0.1890821769953856,28.299489865989965,0,SHORT,-1.0
4504.0,4504.2001953125,4491.7001953125,4498.7998046875,2234,12.5,9.464181082589286,9.0599609375,8.5849365234375,0.21037124329755982,0.057817918733027385,0.06672894991614352,0.5790405086011143,4497.635662788048,5.894482442752633,4492.377399024045,5.196295710544291,4486.355162812076,3.087588560495533,4477.748737549694,1.1539267545258554,0.14296229129925855,0.27738869134970107,15,30,4,0,False,1,1,12.5,5.2001953125,0.416015625,0.2001953125,7.099609375,0.10444989950200115,0.10274421864467699,2.080190003417449,2.599609375,3.0,70.60153265366095,5.501796258988179,4.452505709216426,1.0492905497717526,4510.312644995459,4469.7172866451665,0.9041252347557758,0.7164000817872826,81.12154654841683,89.36997085274403,1563.25,1.4290740444586598,4503.89990234375,0.1890821769953856,4503.39990234375,0.25378233178428317,4496.2998046875,0.09795192322638915,4496.2001953125,0.008905881987506135,4493.7001953125,4461.7998046875,31.900390625,5.099609375,37.0,4495.7998046875,9.435616629464286,9.557059151785714,9.307059151785714,8.749895368303571,7.642822265625,0.5276957279268432,0.07851393309857001,0.07833363968668963,0.05138593010985026,0.05385190980042592,0.14929977896974603,0.0001160453789172733,0.0010444989950200115,0.358901382260244,9.359905133928573,0.2021358867763773,9.0599609375,6.698625443899431e-05,0.0007851391847591437,0.41096860252891315,8.840628487723215,0.6052943063908649,7.839892578125,0.00028922778284073416,0.0010274421864467699,1.3947909292402108,7.11708984375,2.0900582459037005,8.5849365234375,8.49201046879311e-05,0.0007435935100651494,1.822563638686706,4.549671456473215,2.5036977354483048,5.30595703125,0.5471992527078025,1,0.6363187854729577,0.6795714521544439,9.464181082589286,0.057817918733027385,27.26545786315679,0,SHORT,-1.0
4498.7001953125,4507.7998046875,4498.39990234375,4505.39990234375,3536,9.39990234375,9.8427734375,8.73994140625,8.859912109375,0.21846614397935463,0.14670796529716804,0.2871430683082916,0.6905777705609566,4499.188510699189,6.035605485451924,4493.617637435445,5.329991133944532,4487.10201534273,3.2253340152310557,4478.023873517794,1.2081175097664527,0.2621999880485788,0.40778852226791995,15,35,4,0,False,1,1,9.39990234375,6.69970703125,0.7127421952106384,2.39990234375,0.30029296875,0.12059860848719521,0.10607400863024963,2.096011049118101,6.60009765625,12.89990234375,73.97516584453138,5.845788386878667,4.731162244748875,1.1146261421297918,4511.587425572971,4471.532496302029,0.8917821340312586,0.8455240505514978,94.11785825414682,89.7904465773125,1717.6,2.0586865393572427,4498.7998046875,0.057817918733027385,4503.89990234375,0.1890821769953856,4503.39990234375,0.25378233178428317,4498.7998046875,0.1402293753478019,4493.7001953125,4461.7998046875,31.900390625,11.69970703125,43.60009765625,4492.5,9.464181082589286,9.435616629464286,9.557059151785714,9.035609654017858,7.907087053571429,0.2566391430484267,0.10444989950200115,0.07851393309857001,0.07833363968668963,0.037556194445009496,0.15667474095838183,0.0002938254720455502,0.0012059860848719522,0.05179216511699874,9.521337890625,0.20070328380589986,8.73994140625,0.0002870917203112389,0.000842103865210346,0.08595769160122167,9.034197126116073,0.582669859786739,8.069921875,0.0003446951852931923,0.0010607400863024963,1.1730977044181603,7.418514578683036,2.0222730618377573,8.859912109375,0.00012497602628159355,0.0007631645390887944,1.6594567911910532,4.6959549386160715,2.5952030645221527,5.43794921875,1.4440132638966374,1,0.6619701382022797,1.2001859110643573,9.8427734375,0.14670796529716804,26.791307396300308,0,SHORT,-1.0
4500.2998046875,4504.89990234375,4500.10009765625,4503.89990234375,2010,4.89990234375,8.392787388392858,9.23994140625,9.5399169921875,0.186344891546666,0.11336573925641191,0.17124920370043367,0.7088168160377926,4499.415906951139,1.7802441630910835,4495.444195169723,3.066796145677472,4488.854741876991,2.4995790649154515,4478.840765208948,1.0920276592541995,0.18809503147904386,0.335167015461669,15,55,4,0,False,1,1,4.7998046875,3.60009765625,0.7500508646998982,1.0,0.19970703125,0.14236163316189018,0.11681108973422588,1.6258507004783005,5.10009765625,7.69970703125,61.309448841783,4.811816833544071,4.801541605382423,0.01027522816164872,4508.862726130246,4483.357146916629,0.5672810401370906,0.805422031590379,80.59712370032067,57.877433356006826,1979.5,1.0154079312957818,4500.0,-0.08658945421323773,4494.10009765625,-0.20650630388520477,4497.2998046875,0.02224050982893703,4498.7998046875,0.057817918733027385,4493.7001953125,4461.7998046875,31.900390625,10.19970703125,42.10009765625,4496.2001953125,8.549909319196429,8.278494698660714,8.499930245535714,9.464181082589286,8.749895368303571,0.008905881987506135,0.14788532193816592,0.12583458729909966,0.15134797137465894,0.10444989950200115,0.05385190980042592,0.00022743960305131593,0.0014236163316189018,-0.8217855928640444,8.712779017857141,0.6402569874396963,9.219921875,0.00017174249098429463,0.0011785899354702326,-0.3464303542923212,9.036342075892858,0.5627395521473245,9.13994140625,0.00035386826956149695,0.0011681108973422589,0.569180173242942,8.233503069196427,1.2759910142377782,9.534912109375,0.00011971500083023612,0.0008397414952989809,1.0661924293231109,5.16208984375,2.7009563881802126,5.965947265625,0.951454546707047,1,0.7851328751452141,1.0093919394186321,8.392787388392858,0.11336573925641191,21.452236588632886,0,SHORT,-1.0
4503.39990234375,4509.89990234375,4499.2001953125,4509.2998046875,2016,10.69970703125,8.885672433035714,8.59990234375,9.6499267578125,0.19705215483341548,0.26682677431227725,0.2891266277761814,0.6090987212739848,4501.998172636229,3.187403139378148,4497.43209450118,3.46377447030045,4490.197014404232,2.695085753863168,4479.383810852661,1.168137024720636,0.2638774735660953,0.4254332320383274,16,5,4,0,False,1,1,10.69970703125,5.89990234375,0.5514078400949208,0.60009765625,4.19970703125,0.09242348866734303,0.11359011704034458,1.645294053447355,12.0,13.0,65.3098262898626,5.293313107863469,4.9060321345697755,0.38728097329369326,4508.284000010871,4488.885873036003,0.4312050844561473,1.0523661216335605,97.24723379474085,83.2498614765284,2108.55,0.9561072775129827,4503.2001953125,-0.04882379098258719,4503.89990234375,0.11336573925641191,4500.0,-0.08658945421323773,4497.2998046875,0.02224050982893703,4493.7001953125,4461.7998046875,31.900390625,15.599609375,47.5,4496.2998046875,8.507114955357142,8.392787388392858,8.549909319196429,8.499930245535714,9.307059151785714,0.09795192322638915,0.1243995513210316,0.14236163316189018,0.14788532193816592,0.15134797137465894,0.05138593010985026,0.0005334264679557777,0.0009242348866734302,-0.6291560746197906,8.52279575892857,0.22871690897766175,8.5798828125,0.000289409916411143,0.0012099019543814363,-0.5342742627343596,8.941353934151786,0.5763244819073485,8.98994140625,0.00030428413554869915,0.0011359011704034458,0.6316868930859444,8.590644182477678,0.7086816523174124,9.644921875,0.00012494011906766022,0.0008543341510527547,1.0488097384919188,5.4006591796875,2.739962975503243,6.209951171875,2.3709353129024437,1,0.8142411451100685,1.3391250341269945,8.885672433035714,0.26682677431227725,20.035466750062486,0,SHORT,-1.0
4518.5,4520.7001953125,4514.2001953125,4515.5,3434,6.5,8.935686383928571,9.1599609375,8.549951171875,0.19788919020991189,0.27313475204373977,0.22417760632071387,0.5119643850862549,4508.612820261801,8.440055638389822,4502.457171211796,6.274309361808264,4493.478450891521,4.061142213136918,4480.672410445257,1.5892628472183787,0.2896824620919997,0.49007799523573936,16,25,4,0,False,1,1,6.5,3.0,0.46153846153846156,2.2001953125,1.2998046875,0.12205809147237275,0.10152982714008514,1.517035533841325,12.2998046875,10.10009765625,64.63460021139446,6.72759102330474,5.626629003546677,1.1009620197580627,4516.5096147907625,4487.3602582561125,0.6474850691014256,0.9653640796645935,83.79250100792905,90.673047728551,2088.85,1.6439667759772123,4518.2998046875,0.3197207454867402,4509.0,0.2,4506.0,0.26478943693212353,4503.2001953125,-0.04882379098258719,4493.7001953125,4461.7998046875,31.900390625,21.7998046875,53.7001953125,4505.39990234375,9.107107979910714,8.764264787946429,8.814243861607142,8.507114955357142,9.8427734375,0.14670796529716804,0.11235039935866843,0.08349876288657343,0.09310914221666591,0.1243995513210316,0.12059860848719521,0.0005462692388008116,0.0012205809147237275,0.0785707627123164,8.901395089285714,0.13242067833061733,9.1599609375,0.00022461087432332772,0.0012103264692490629,-0.10455638083694943,8.673521205357142,0.2661945102894325,9.019970703125,0.0002558512973172833,0.0010152982714008514,-0.08954673820131623,8.853859165736607,0.4781383164992124,8.5449462890625,0.00015335984616577037,0.0009051568841998528,0.987556424177959,5.890228794642857,2.7763562088181164,6.70396484375,2.440646484814952,1,1.0048159631501634,1.4638619814691125,8.935686383928571,0.27313475204373977,20.070329224810564,0,SHORT,-1.0
4515.2001953125,4522.0,4514.89990234375,4516.10009765625,2155,7.10009765625,8.792829241071429,8.4400390625,8.5999755859375,0.1946996091967647,0.1508059624175126,0.418035127414779,0.5387518831368661,4510.110275740691,8.112103104461312,4503.756497539839,6.324403038659511,4494.365574294059,4.16855988982752,4481.024924745864,1.64111389320351,0.2740734345463298,0.4835949146305211,16,30,4,0,False,1,1,7.10009765625,0.89990234375,0.1267450656763634,5.89990234375,0.30029296875,0.11378088920055221,0.10116607853718122,1.4622127721769633,6.80029296875,18.80029296875,60.74491465208123,6.981520403162904,5.897607283469922,1.0839131196929817,4518.2213714384525,4488.068521139672,0.6695953751972517,0.9296493113857205,82.59610814236537,86.24776023824982,2105.05,1.0237286525260683,4515.5,0.27313475204373977,4518.2998046875,0.3197207454867402,4509.0,0.2,4509.2998046875,0.26682677431227725,4493.7001953125,4461.7998046875,31.900390625,22.39990234375,54.30029296875,4497.2998046875,8.935686383928571,9.107107979910714,8.764264787946429,8.885672433035714,8.499930245535714,0.02224050982893703,0.12205809147237275,0.11235039935866843,0.08349876288657343,0.09242348866734303,0.15134797137465894,0.00030194759682575787,0.001137808892005522,1.021945381013613,8.882826450892857,0.1413827376470254,8.4400390625,0.0004176870323907678,0.000984842512583915,0.26303831416465984,8.702811104910714,0.2610358127132436,8.5099609375,0.0002691750443970686,0.0010116607853718122,-0.13118868286264773,8.886718749999998,0.44780141684032876,8.594970703125,0.0001555710368816099,0.0009049653023265128,0.9806123918011528,6.013371930803571,2.7655839578039187,6.815966796875,1.3260110760726236,1,1.0680206550486417,1.407673264866954,8.792829241071429,0.1508059624175126,20.9387286584043,0,SHORT,-1.0
4516.10009765625,4525.39990234375,4515.7001953125,4525.10009765625,2954,9.69970703125,9.214250837053571,9.0599609375,8.8149658203125,0.203625348350328,0.4238814393308922,0.6897932695394798,0.7368677127393144,4513.108240123803,10.309702014818868,4505.78922136045,7.541135859382848,4495.570849720028,4.754110390471396,4481.463483680296,1.8148351246763923,0.428579219912319,0.656852019984546,16,35,4,0,False,1,1,9.69970703125,9.0,0.9278630757613894,0.2998046875,0.39990234375,0.11709318840253849,0.10800024789663569,1.499449974839939,19.10009765625,31.0,65.68093497638,7.818855154868288,6.281856857749595,1.5369982971186928,4521.861489006756,4487.738413336995,0.7574825972212986,1.0949096347831389,99.19622987302003,88.52827967443811,2217.75,1.3319806109795964,4516.10009765625,0.1508059624175126,4515.5,0.27313475204373977,4518.2998046875,0.3197207454867402,4506.0,0.26478943693212353,4493.7001953125,4461.7998046875,31.900390625,31.39990234375,63.30029296875,4494.10009765625,8.792829241071429,8.935686383928571,9.107107979910714,8.814243861607142,8.278494698660714,-0.20650630388520477,0.11378088920055221,0.12205809147237275,0.11235039935866843,0.09310914221666591,0.12583458729909966,0.0008468771034193967,0.0011709318840253849,-0.05777875445722295,8.962827845982144,0.1956359822003531,9.0599609375,0.0006881213156554988,0.0010112744904505202,-0.06822183693294004,8.796386718749998,0.2597476321391871,8.729931640625,0.00036770433818265614,0.0010800024789663569,-0.17437368265387207,8.933506556919642,0.42941544498582035,8.8099609375,0.00020212307017675402,0.0009384753534083338,0.8866799534649165,6.145087193080356,2.757901508923907,6.96796875,3.905749907166146,1,1.1089747632364175,2.1047439495350466,9.214250837053571,0.4238814393308922,22.11922778583369,1,SHORT,2.0
4525.2998046875,4527.0,4522.60009765625,4524.0,2071,4.39990234375,8.635672433035714,8.69990234375,8.6549560546875,0.1908857743818681,0.332667997338656,0.5333333333333333,0.6362080855440441,4515.2865920990425,11.247761611854912,4507.523581230884,8.251503872775174,4496.685718358458,5.155909983001948,4481.8867325989,1.9460307950776041,0.36553150465420176,0.6074314139862387,16,40,4,0,False,1,1,4.39990234375,1.2998046875,0.29541671290644766,1.7001953125,1.39990234375,0.12722407061229535,0.10841766182126403,1.378097312698552,15.0,24.0,69.81190019193858,8.298025815051005,6.685090649209878,1.6129351658411277,4524.709469752246,4487.750442357128,0.8201762394628557,0.980803884673116,92.28789837699424,91.36007879745983,2258.4,0.9170208997520368,4525.10009765625,0.4238814393308922,4516.10009765625,0.1508059624175126,4515.5,0.27313475204373977,4509.0,0.2,4493.7001953125,4461.7998046875,31.900390625,30.2998046875,62.2001953125,4500.0,9.214250837053571,8.792829241071429,8.935686383928571,8.764264787946429,8.549909319196429,-0.08658945421323773,0.11709318840253849,0.11378088920055221,0.12205809147237275,0.08349876288657343,0.14788532193816592,0.0006650992858829197,0.0012722407061229535,0.4146064718562128,8.937109375,0.2331254638501251,8.69990234375,0.0005325292408432048,0.0010240958715492805,0.37296917855127326,8.80496303013393,0.2520057172168151,7.949951171875,0.00031770486098899877,0.0010841766182126402,-0.03169019699310875,8.93850795200893,0.4250984751720233,8.649951171875,0.0001977077620941192,0.0009400709430563108,0.8948812037240986,6.266373465401785,2.730743257765884,7.011962890625,2.8728118539706298,1,1.2550108814880068,1.9149227114376468,8.635672433035714,0.332667997338656,23.38377590699427,1,SHORT,2.0
4524.10009765625,4524.2998046875,4518.0,4520.60009765625,1398,6.2998046875,8.414236886160714,6.79990234375,8.624951171875,0.18613097164960818,0.050910587348886545,0.37079410454503026,0.5426782901968655,4516.349293210485,9.45826788323393,4508.768963747585,7.684721881915721,4497.623537154451,5.043925002051765,4482.271940211412,1.9495557918307895,0.26240275347422454,0.5108600200081661,16,45,4,0,False,1,1,6.2998046875,3.5,0.5555727794140444,0.19970703125,2.60009765625,0.1111838786172761,0.1110094357389561,1.3180897579279722,2.30029296875,16.7001953125,62.58326865864701,8.307662745721245,7.009605068512152,1.2980576772090933,4526.358184595726,4488.541717748024,0.8389769660752477,0.8477359885928658,83.54776758256241,91.67729861085884,2274.05,0.6147622083947142,4524.0,0.332667997338656,4525.10009765625,0.4238814393308922,4516.10009765625,0.1508059624175126,4518.2998046875,0.3197207454867402,4493.7001953125,4461.7998046875,31.900390625,26.89990234375,58.80029296875,4503.89990234375,8.635672433035714,9.214250837053571,8.792829241071429,9.107107979910714,8.392787388392858,0.11336573925641191,0.12722407061229535,0.11709318840253849,0.11378088920055221,0.11235039935866843,0.14236163316189018,0.00010229448901020178,0.001111838786172761,1.7332893200840824,8.79853515625,0.3024367582585961,6.79990234375,0.00037071217261448465,0.001091088517077646,0.6387172958399766,8.807107979910715,0.2481697639013615,8.099951171875,0.00027122733179938964,0.001110094357389561,0.05798440421181813,8.921725027901784,0.4393247013554404,8.6199462890625,0.00017732093466751308,0.0009495249453003339,0.914275156441627,6.3836600167410715,2.693546266578723,7.087958984375,0.42837374196710815,1,1.3245914922440192,1.4097748007687732,8.414236886160714,0.050910587348886545,23.514256421094302,1,SHORT,2.0
4521.0,4524.10009765625,4518.2001953125,4521.0,1406,5.89990234375,7.964215959821429,6.6798828125,8.3699462890625,0.17616049457689514,0.12180267965895249,0.39527011714976135,0.49346928683887264,4517.279434568388,8.66661430658678,4509.933824343053,7.4766531312570805,4498.54026118761,5.061810296088879,4482.657294040154,1.9848835948969281,0.24537334887744225,0.49926726245328507,16,50,4,0,False,1,1,5.89990234375,0.0,0.0,3.10009765625,2.7998046875,0.10396429045034976,0.11083670461608248,1.2263252368120765,5.5,17.7998046875,72.48670385263978,8.252439869871523,7.258172028784027,0.9942678410874963,4527.930923952985,4489.188997922016,0.8592971229534893,0.8211001707182941,84.57579675398847,86.803820904515,2165.75,0.6491977375043287,4520.60009765625,0.050910587348886545,4524.0,0.332667997338656,4525.10009765625,0.4238814393308922,4515.5,0.27313475204373977,4493.7001953125,4461.7998046875,31.900390625,27.2998046875,59.2001953125,4503.2001953125,8.414236886160714,8.635672433035714,9.214250837053571,8.935686383928571,8.507114955357142,-0.04882379098258719,0.1111838786172761,0.12722407061229535,0.11709318840253849,0.12205809147237275,0.1243995513210316,0.0002439187140736543,0.0010396429045034976,1.5731811637209834,8.604241071428572,0.46216855049764016,6.6798828125,0.000395093976437233,0.0010807014261629692,0.5862379998897757,8.752818080357143,0.3567276110311217,7.919921875,0.000246741483691465,0.0011083670461608248,0.13040361849624146,8.868155343191964,0.48739788977536985,8.36494140625,0.00018533862768358,0.0009469943495603654,0.8980886715752375,6.494375,2.6409108521711,7.153955078125,0.9700628452888463,1,1.4305944505928054,1.3928965712022072,7.964215959821429,0.12180267965895249,23.635416898472904,1,SHORT,2.0
4521.0,4523.39990234375,4519.2998046875,4521.5,722,4.10009765625,7.721365792410714,6.0798828125,8.1299560546875,0.1707700053612897,0.11957003226196032,0.2705563134173885,0.5604651915387892,4518.123547654711,8.013271914020152,4511.03536488181,7.2788673419709085,4499.440643101821,5.075068807761454,4483.043788626819,2.0188638809549957,0.23197856526811317,0.49026887224302107,16,55,4,0,False,1,1,4.10009765625,0.5,0.12194831487435989,1.89990234375,1.7001953125,0.10402859523080403,0.10928834977313351,1.1702173095346278,5.39990234375,12.2001953125,77.4007050987822,8.155015225032912,7.437540668033804,0.7174745569991083,4529.111327787119,4490.528613619132,0.8555267043613719,0.8027269996097295,85.86114702448944,84.66157045368006,2132.85,0.3385141946222191,4521.0,0.12180267965895249,4520.60009765625,0.050910587348886545,4524.0,0.332667997338656,4516.10009765625,0.1508059624175126,4493.7001953125,4461.7998046875,31.900390625,27.7998046875,59.7001953125,4509.2998046875,7.964215959821429,8.414236886160714,8.635672433035714,8.792829241071429,8.885672433035714,0.26682677431227725,0.10396429045034976,0.1111838786172761,0.12722407061229535,0.11378088920055221,0.09242348866734303,0.0002394582588082006,0.0010402859523080403,1.5913337290021872,8.389948381696428,0.5849563130022579,6.0798828125,0.0002707029278169792,0.001028319991409926,1.0208059329849581,8.636387416294642,0.4779555818729586,7.2599609375,0.00028005642211406114,0.001092883497731335,0.05741590930971538,8.788870675223214,0.5385333838685259,8.124951171875,0.00018040627762250016,0.0009467230936159978,0.9150043384246436,6.598232421875,2.583243009904579,7.163955078125,0.923243956904946,1,1.501641301774072,1.3584268781705988,7.721365792410714,0.11957003226196032,23.747923056038747,1,SHORT,2.0
4606.0,4614.89990234375,4605.60009765625,4611.7001953125,2343,9.2998046875,4.235700334821429,5.22001953125,4.010009765625,0.09184682775187226,0.3503372206920491,0.4640182428958874,0.36344277067464636,4601.016426857396,6.830373635060823,4598.721336955051,3.0480553810939455,4597.92280121818,1.1154425559798256,4575.361036684655,1.4034933410748636,0.2822275455821114,0.2996438759404483,14,5,0,0,False,1,1,9.2998046875,5.7001953125,0.6129370996534705,3.19970703125,0.39990234375,0.04868281451570221,0.057168853705431656,1.0980317415311796,16.10009765625,21.30029296875,79.442988873388,1.316171307797049,-0.6247712619120742,1.9409425697091232,4607.300711248878,4586.289230157372,0.4570898033394715,1.2093847665694046,88.2793775710964,95.03474709694562,702.55,3.334993950608498,4605.89990234375,0.24375272716761603,4600.39990234375,0.1305937691000561,4598.60009765625,0.13719254484036733,4595.60009765625,0.11328414567639092,4612.7001953125,4531.39990234375,81.30029296875,-1.0,80.30029296875,4590.39990234375,3.8499930245535716,3.4571358816964284,3.642857142857143,3.635707310267857,3.914341517857143,-0.10880445894273305,0.040702957923180405,0.014420991699990424,0.016112625615531805,0.016557992191475916,0.039464627041889744,0.0006997893355559004,0.00048682814515702206,0.529340699214973,3.7557059151785714,0.303186361332718,5.22001953125,0.0004631329970151921,0.0004239674567631908,1.3635363091946362,3.7849993024553568,0.23298253474211783,4.060009765625,0.00018156364545222626,0.0005716885370543166,-0.39787025296409656,3.6421700613839283,0.2757198665136775,4.005029296875,2.0544294034043897e-05,0.0005531343988495532,0.18651040000664004,3.8575390625,0.33464225533566516,3.81,1.483923482985721,1,0.18852507820394598,3.0728066770532343,4.235700334821429,0.3503372206920491,25.772327362064534,0,SHORT,-1.0
4611.7001953125,4620.2001953125,4611.60009765625,4617.10009765625,2345,8.60009765625,4.607142857142857,6.4400390625,4.2800048828125,0.0997843399470926,0.4437944933748968,0.5487967039446479,0.4285073243782178,4604.233161017168,9.54427937679884,4600.471695117069,4.700612234679284,4598.674852058889,1.8716958809900461,4575.776350724173,1.5925123361257647,0.36144994777013667,0.4006642389407417,14,10,0,0,False,1,1,8.60009765625,5.39990234375,0.6278884914551751,3.10009765625,0.10009765625,0.04428424435903383,0.060920197132711136,1.1944092359835312,20.39990234375,25.2001953125,84.17846055182265,2.5947079857915014,0.019124587628640943,2.5755833981628604,4611.672709574258,4583.887251363242,0.6043233545112575,1.195331962524202,90.49052647345165,91.86492258809618,793.15,2.9565655928891132,4611.7001953125,0.3503372206920491,4605.89990234375,0.24375272716761603,4600.39990234375,0.1305937691000561,4596.7001953125,0.10453827545979136,4612.7001953125,4531.39990234375,81.30029296875,4.39990234375,85.7001953125,4591.89990234375,4.235700334821429,3.8499930245535716,3.4571358816964284,3.5928431919642856,4.057163783482143,-0.0631127027730695,0.04868281451570221,0.040702957923180405,0.014420991699990424,0.01567222665682792,0.04663560692829662,0.0008860959233220722,0.0004428424435903383,-0.5854562411242922,3.958565848214286,0.4637746532975768,6.4400390625,0.000547547462510245,0.0004747906904818408,0.7597283036904195,3.8399972098214286,0.3432081608536518,4.4900390625,0.00021399504387085712,0.0006092019713271114,-0.26618550896471715,3.691455078125,0.3499300726530163,4.2750244140625,5.4381069224072045e-05,0.0005708003582727591,0.17641762877897407,3.857256556919643,0.3339896819336549,3.892001953125,2.0446246301914885,1,0.3900124467368434,3.62231135628881,4.607142857142857,0.4437944933748968,27.49509204902729,0,SHORT,-1.0
4617.2998046875,4621.2998046875,4617.2001953125,4619.2001953125,1851,4.19970703125,4.392857142857143,6.63994140625,4.3349853515625,0.09509995144429881,0.4479645374414959,0.5857716562307616,0.41521047913677994,4607.226567876234,11.755443032689072,4602.2553618023485,6.214848941495802,4599.4797674806,2.6061430094314346,4576.208428779779,1.7816425383161913,0.36818542601502946,0.42875344232033585,14,15,0,0,False,1,1,4.099609375,1.900390625,0.4635540733682706,2.099609375,0.099609375,0.04320143780512878,0.060563879603049674,1.1394875237370616,20.60009765625,26.900390625,94.09971795105086,3.734370347273398,0.7621737395575924,2.9721966077158055,4615.605948280188,4581.864022422937,0.7337219031914335,1.1065216919602454,93.69482976040354,90.82157793498381,871.85,2.1230716292940297,4617.10009765625,0.4437944933748968,4611.7001953125,0.3503372206920491,4605.89990234375,0.24375272716761603,4598.60009765625,0.13719254484036733,4612.7001953125,4531.39990234375,81.30029296875,6.5,87.80029296875,4592.2998046875,4.607142857142857,4.235700334821429,3.8499930245535716,3.642857142857143,3.864292689732143,-0.04136499377930862,0.04428424435903383,0.04868281451570221,0.040702957923180405,0.016112625615531805,0.04759054105722863,0.0008944025940228695,0.0004320143780512878,-0.595096121280518,4.108565848214286,0.4573796721897035,6.619921875,0.0005843238075256219,0.0004486870861399376,0.7409440897150842,3.8928536551339286,0.3854654289427772,4.7,0.00020737110050815245,0.0006056387960304968,-0.24447269672969468,3.7285975864955354,0.3831466430703665,4.325,6.17411423047498e-05,0.000573593288683599,0.140983451480159,3.8551164899553574,0.33010837587775227,3.919990234375,1.9678442180465714,1,0.631842609829027,3.8715627129492294,4.392857142857143,0.4479645374414959,29.210170880989203,0,SHORT,-1.0
4619.2001953125,4621.89990234375,4617.10009765625,4620.2001953125,1672,4.7998046875,4.428536551339286,6.9798828125,4.4499755859375,0.09585161603673213,0.43040373422020145,0.5615595837791231,0.397668210024074,4609.821293363488,13.364413019900894,4603.96439356522,7.508700753614903,4600.292333277929,3.2804233999931967,4576.646157800005,1.9609325923511278,0.35264829089408045,0.43275210774236855,14,20,0,0,False,1,1,4.7998046875,1.0,0.20834181078331637,1.69970703125,2.10009765625,0.04865609009482141,0.060410490302115614,1.1486143716873591,19.80029296875,25.80029296875,94.00665413881273,4.664483361571001,1.542635663960274,3.1218476976107272,4619.040627720485,4580.2593722795145,0.8431349220260281,1.029900207686166,94.98610050844772,93.05715224743425,938.25,1.782041033839595,4619.2001953125,0.4479645374414959,4617.10009765625,0.4437944933748968,4611.7001953125,0.3503372206920491,4600.39990234375,0.1305937691000561,4612.7001953125,4531.39990234375,81.30029296875,7.5,88.80029296875,4594.39990234375,4.392857142857143,4.607142857142857,4.235700334821429,3.4571358816964284,3.835728236607143,0.07841983552787622,0.04320143780512878,0.04428424435903383,0.04868281451570221,0.014420991699990424,0.034584003795624,0.0008594239336451093,0.00048656090094821407,-0.7228739556676528,4.302845982142857,0.28551753690175613,6.95986328125,0.0005602417286799666,0.00046251149651160833,0.8049323065480593,3.952134486607143,0.4197622414645255,4.849951171875,0.00019863281648674903,0.0006041049030211562,-0.19976902109877437,3.786094447544643,0.39805606555614237,4.439990234375,5.4343663564062616e-05,0.0005690564600865623,0.1687786104738099,3.855546875,0.3308557936531379,3.9519921875,1.9060586688270813,1,0.8291814338035778,3.6791063674809514,4.428536551339286,0.43040373422020145,30.86714276193351,0,SHORT,-1.0
4620.60009765625,4621.7998046875,4614.5,4615.10009765625,1979,7.2998046875,4.678536551339286,6.83984375,4.5299560546875,0.10137454123075795,0.19974805157659645,0.44398767006739465,0.40684439365174874,4610.877054222041,12.531569478421261,4605.024936811985,7.669795473508202,4600.873029920216,3.51257131813054,4577.028784067232,2.0329650572284663,0.21878623856573715,0.30922539360493007,14,25,0,0,False,1,1,7.2998046875,5.5,0.7534448160535117,1.19970703125,0.60009765625,0.09527647842996502,0.0593267177727725,1.210495321008708,9.2001953125,20.39990234375,85.38670322905591,4.933202481543958,2.220749027477011,2.712453454066947,4621.087336327827,4580.082683203423,0.8912921517016649,0.8539863597086839,79.9415213101531,89.54081719300139,1019.6,1.940957238132601,4620.2001953125,0.43040373422020145,4619.2001953125,0.4479645374414959,4617.10009765625,0.4437944933748968,4605.89990234375,0.24375272716761603,4612.7001953125,4531.39990234375,81.30029296875,2.39990234375,83.7001953125,4594.7001953125,4.428536551339286,4.392857142857143,4.607142857142857,3.8499930245535716,3.6785714285714284,0.05226990238202324,0.04865609009482141,0.04320143780512878,0.04428424435903383,0.040702957923180405,0.03332637425164221,0.00039954040425127513,0.0009527647842996502,-1.112622546903397,4.4685546875,0.17667185892485884,6.81982421875,0.0004433187227369406,0.0006922508105190896,-0.998517988858539,4.0521309988839285,0.46411603463932416,5.349951171875,0.00020319727340930015,0.000593267177727725,-0.09710987388112632,3.8528756277901786,0.4305059777192954,4.519970703125,3.4871035388475135e-05,0.0005917091372268734,0.09421997992910944,3.8649769810267856,0.34738488476529866,4.059990234375,0.9345285603599113,1,0.8874370962390306,2.1581970769930883,4.678536551339286,0.19974805157659645,31.536758124278297,0,SHORT,-1.0
4615.39990234375,4619.89990234375,4615.39990234375,4619.89990234375,1433,4.7998046875,4.714250837053571,5.93984375,4.6449462890625,0.10204227227221861,0.17780225695470145,0.5287623851320934,0.533141848819392,4612.681623846383,11.66519698898719,4606.441600195963,7.720263240911663,4601.619181779963,3.696380561782462,4577.455362358541,2.094325673885578,0.2921626564681707,0.39726713232093486,14,30,0,0,False,1,1,4.5,4.5,1.0,0.0,0.0,0.0907251831850733,0.06126523189503187,1.2170812596480838,8.19970703125,24.2998046875,86.64902727714293,5.470408975323153,2.8706810170462393,2.5997279582769135,4623.8759771792875,4579.744042351963,0.9590125349301908,0.9099048149351553,93.63055343897243,89.51939175252436,1070.95,1.3380643354031467,4615.10009765625,0.19974805157659645,4620.2001953125,0.43040373422020145,4619.2001953125,0.4479645374414959,4611.7001953125,0.3503372206920491,4612.7001953125,4531.39990234375,81.30029296875,7.19970703125,88.5,4595.60009765625,4.678536551339286,4.428536551339286,4.392857142857143,4.235700334821429,3.635707310267857,0.11328414567639092,0.09527647842996502,0.04865609009482141,0.04320143780512878,0.04868281451570221,0.016557992191475916,0.00035568114954280804,0.000907251831850733,-1.2546828853572989,4.564264787946429,0.14594101090049397,5.85986328125,0.0005277352425493542,0.0007099652750864489,-1.2855041812324146,4.1599853515625,0.4815832246321653,5.53994140625,0.0002660764418847994,0.0006126523189503187,-0.2635888567507359,3.927512904575893,0.4444569033918046,4.619970703125,4.959431943917458e-05,0.0006074873136788178,0.10576568063115166,3.8734068080357145,0.3627517215049811,4.045986328125,0.8382044386787154,1,1.022944807708604,2.8631531811518967,4.714250837053571,0.17780225695470145,32.158543817884166,0,SHORT,-1.0
4619.60009765625,4621.5,4617.7001953125,4620.7998046875,1220,3.7998046875,4.842808314732143,4.97978515625,4.63994140625,0.10480454725217549,0.08013053546593152,0.5242806437447379,0.5658570798552627,4614.305260014607,10.072098997438843,4607.809048242776,7.337353125706613,4602.371363070455,3.6965110115661446,4577.886650341914,2.1102996177405657,0.2819291404811596,0.4004118782094632,14,35,0,0,False,1,1,3.7998046875,1.19970703125,0.31572860447185813,0.7001953125,1.89990234375,0.07847200206568254,0.0605847010657128,1.2465927052604986,3.69970703125,24.099609375,86.82151959423655,5.90074349245333,3.4766935121276576,2.4240499803256723,4626.463031416015,4579.756988115236,1.014662764993471,0.878747452614543,96.34520236839971,89.9724257058417,1108.6,1.1004871008479165,4619.89990234375,0.17780225695470145,4615.10009765625,0.19974805157659645,4620.2001953125,0.43040373422020145,4617.10009765625,0.4437944933748968,4612.7001953125,4531.39990234375,81.30029296875,8.099609375,89.39990234375,4596.7001953125,4.714250837053571,4.678536551339286,4.428536551339286,4.607142857142857,3.5928431919642856,0.10453827545979136,0.0907251831850733,0.09527647842996502,0.04865609009482141,0.04428424435903383,0.01567222665682792,0.00016045609083741307,0.0007847200206568254,-1.1337619561241745,4.611397879464286,0.19354291550370134,4.8998046875,0.0005232760070797426,0.0007121144320402244,-1.2553914493065994,4.284981863839286,0.4802380554646816,5.669921875,0.0002823451858350423,0.000605847010657128,-0.3457863125868384,4.007863071986607,0.45788298141395045,4.6149658203125,6.260410324154141e-05,0.0006033967839945977,0.05332315757300778,3.884836077008929,0.3839298653792274,4.041982421875,0.38805682341835207,1,1.122837167801816,2.6900468335862917,4.842808314732143,0.08013053546593152,32.96599342317667,0,SHORT,-1.0
4619.60009765625,4625.5,4618.2998046875,4624.60009765625,1484,7.2001953125,5.478550502232143,6.07998046875,4.8349853515625,0.11846538914810549,0.0952318548493633,0.5260454705290036,0.7362615319064391,4617.163354690599,7.342061327110969,4610.398329014353,6.43393544913306,4603.880904864467,3.5885715865379098,4578.75943173965,2.1132739396443867,0.30803777956714795,0.4500375491879251,14,45,0,0,False,1,1,7.2001953125,5.0,0.694425606944256,0.89990234375,1.30029296875,0.09457996286356195,0.05952180660781229,1.3937863151427692,4.39990234375,24.2001953125,84.68658305860495,6.522575334560315,4.49775845158197,2.024816882978345,4630.806505276113,4581.303504489512,1.074737508217408,0.8746256283206375,97.13406005567046,92.96950892443401,1173.35,1.2647547620062216,4619.2998046875,0.0021564203928871105,4620.7998046875,0.08013053546593152,4619.89990234375,0.17780225695470145,4620.2001953125,0.43040373422020145,4612.7001953125,4531.39990234375,81.30029296875,11.89990234375,93.2001953125,4600.39990234375,5.128522600446429,4.842808314732143,4.714250837053571,4.428536551339286,3.4571358816964284,0.1305937691000561,0.07890272373623695,0.07847200206568254,0.0907251831850733,0.04865609009482141,0.014420991699990424,0.00019074899951259104,0.0009457996286356195,-0.40314103660874784,4.968533761160715,0.33551400117390073,6.02001953125,0.0005250864665788501,0.0007918283491233062,-1.0232062654531187,4.6356898716517865,0.4575551191125194,6.48994140625,0.000367017699568295,0.0005952180660781229,-0.40870350652411785,4.188924734933036,0.5692797308095702,4.810009765625,9.034970790146035e-05,0.0006190284897463403,0.03636331001246071,3.930696149553571,0.4750068419733461,4.22,0.5217325262134779,1,1.1896256404373375,2.6002343957359475,5.478550502232143,0.0952318548493633,35.21632805263578,1,SHORT,2.0
4624.89990234375,4630.60009765625,4624.2998046875,4630.10009765625,1857,6.30029296875,5.742850167410714,5.880078125,4.9349853515625,0.12403295925109128,0.32502003602517,0.5254173087909603,0.8231233712173167,4619.750703283729,8.873649061688411,4612.27468793263,7.24975112064476,4604.909108503361,4.036078583144445,4579.27028413683,2.24150006959826,0.38647762611056286,0.5470463924330686,14,50,0,0,False,1,1,6.30029296875,5.2001953125,0.8253894443152755,0.5,0.60009765625,0.06796104079477099,0.06227578485702465,1.4499590264768387,15.0,24.2001953125,86.16337393796704,7.256460552807766,5.049498871827129,2.206961680980637,4634.011907227542,4581.878131834958,1.1313888332349724,0.9249659257969551,98.58756672505828,93.71696370998687,1233.7,1.5052281754073114,4624.60009765625,0.0952318548493633,4619.2998046875,0.0021564203928871105,4620.7998046875,0.08013053546593152,4615.10009765625,0.19974805157659645,4612.7001953125,4531.39990234375,81.30029296875,17.39990234375,98.7001953125,4605.89990234375,5.478550502232143,5.128522600446429,4.842808314732143,4.678536551339286,3.8499930245535716,0.24375272716761603,0.09457996286356195,0.07890272373623695,0.07847200206568254,0.09527647842996502,0.040702957923180405,0.0006493812855440373,0.0006796104079477099,-0.8992220655430363,5.181396484375,0.4298817862353505,5.8201171875,0.0005244608448976562,0.0007912420143941422,-1.0248610542135272,4.8249755859375,0.4869866244881279,6.319970703125,0.00041014527809171144,0.0006227578485702466,-0.45344312572031886,4.288919503348214,0.6558772678086252,4.910009765625,0.00010587980001746323,0.0006367690484210799,0.06368978246601122,3.9606982421875,0.53827890090973,4.280009765625,1.866541368298984,1,1.2825651400530873,3.11592683464224,5.742850167410714,0.32502003602517,36.884602114905064,1,SHORT,2.0
4630.0,4630.7998046875,4626.2998046875,4626.2998046875,1683,4.5,5.885707310267857,5.8201171875,4.9699951171875,0.1272227818937348,0.13852902614845022,0.316577590838181,0.7820648115084778,4621.060523564483,8.378899718100001,4613.610413337855,7.168813141892315,4605.747959334111,4.128777554148655,4579.738239565196,2.28287720665503,0.2750425418011097,0.4462216676823977,14,55,0,0,False,1,1,4.5,3.7001953125,0.822265625,0.7998046875,0.0,0.08893450512457522,0.0656821117964933,1.4727471737619122,6.39990234375,14.599609375,79.36446425111413,7.445589868140814,5.528717071089867,1.9168727970509476,4635.663665154483,4583.816364142393,1.124733734382735,0.8193954114448591,86.95652173913044,94.22604950661967,1286.1,1.3086074177746676,4630.10009765625,0.32502003602517,4624.60009765625,0.0952318548493633,4619.2998046875,0.0021564203928871105,4619.89990234375,0.17780225695470145,4612.7001953125,4531.39990234375,81.30029296875,13.599609375,94.89990234375,4611.7001953125,5.742850167410714,5.478550502232143,5.128522600446429,4.714250837053571,4.235700334821429,0.3503372206920491,0.06796104079477099,0.09457996286356195,0.07890272373623695,0.0907251831850733,0.04868281451570221,0.00027722095201105913,0.0008893450512457523,-0.07381790763158066,5.415687779017857,0.4308596147467822,5.8201171875,0.0003164510507769336,0.0008479748445416601,-0.5371453361239854,4.989976283482143,0.5416085014302662,5.839990234375,0.00038979202389606283,0.000656821117964933,-0.552668206535423,4.38748779296875,0.7394319760490552,4.95,0.000103795543418439,0.0006396799002421055,0.05356299773250009,3.9964139229910716,0.6030527846748232,4.2780078125,0.8153413018862206,1,1.3358554187747629,2.1618969315640664,5.885707310267857,0.13852902614845022,38.45320508450122,1,SHORT,2.0
4608.2998046875,4620.2001953125,4601.60009765625,4619.39990234375,3437,18.60009765625,9.292933872767858,12.70009765625,8.6150146484375,0.20117188529299856,0.28003695525344624,-0.11244637812327733,0.41300757332683485,4610.929846442896,-3.876360372120871,4610.687787876269,-1.5720448022657365,4606.396386377241,0.3392999253819653,4581.914578286936,1.325691421386182,0.1889547691862694,0.2822925965504289,15,35,0,0,False,1,1,18.60009765625,11.10009765625,0.5967763106082482,0.80029296875,6.69970703125,0.20071892054884627,0.14417718842408467,2.010962339900463,12.89990234375,-5.2001953125,52.83256777447537,1.416943346145672,2.7217148893856247,-1.3047715432399527,4631.415338223871,4598.024700838629,0.7235680007437179,0.6401555399648808,68.06723838441864,36.13815204950331,2190.85,1.568797498687724,4608.10009765625,-0.01302097404514093,4596.60009765625,-0.2993190391246692,4607.2998046875,-0.41069538945030437,4606.5,-0.391387304286551,4612.7001953125,4531.39990234375,81.30029296875,6.69970703125,88.0,4624.60009765625,8.485770089285714,7.685756138392857,7.057163783482143,7.199986049107143,5.478550502232143,0.0952318548493633,0.17248838449491105,0.09983618928617102,0.14850991526278984,0.16732714528259832,0.09457996286356195,0.0005610588944598316,0.0020071892054884626,-0.5216726591508303,7.932896205357143,0.9496735223214644,12.70009765625,-0.00011091126381221895,0.001880603401451801,-0.2325790941970707,7.286443219866072,1.0596845032499764,10.70009765625,0.0002070876013833156,0.0014417718842408467,-0.7761631210406997,5.961066545758929,1.5748526742530373,8.59501953125,7.334385860712888e-05,0.0009820802156658994,-0.6124298426869729,4.6211376953125,1.494083269428982,5.59001953125,2.6023649071015273,1,0.46179189024511486,0.939270260906809,9.292933872767858,0.28003695525344624,27.477135290190926,0,SHORT,-1.0
4619.2998046875,4619.7001953125,4609.7998046875,4612.60009765625,2182,9.900390625,9.657261439732142,12.98017578125,8.7100341796875,0.20936697817439628,0.11720572397188249,-0.3779615911297139,0.14546984204086916,4611.263896685567,-2.021107828946697,4610.86991261722,-0.9080498359789999,4606.639669172496,0.5377549221802838,4582.219906837875,1.3662308335497073,0.037524047995713586,0.12938777312324223,15,40,0,0,False,1,1,9.900390625,6.69970703125,0.6767113829157625,0.400390625,2.80029296875,0.22109835994033813,0.14686538656194822,2.0399182833311107,5.39990234375,-17.5,45.314595895648694,1.4220496990647007,2.46178185132144,-1.039732152256739,4631.267044888778,4598.843013704971,0.7025708464574361,0.4242866617445575,49.020010121319054,51.167371055762935,2187.8,0.9973489350031994,4619.39990234375,0.28003695525344624,4608.10009765625,-0.01302097404514093,4596.60009765625,-0.2993190391246692,4607.2001953125,-0.49458763008907514,4612.7001953125,4531.39990234375,81.30029296875,-0.10009765625,81.2001953125,4630.10009765625,9.292933872767858,8.485770089285714,7.685756138392857,7.142857142857143,5.742850167410714,0.32502003602517,0.20071892054884627,0.17248838449491105,0.09983618928617102,0.1411443700541183,0.06796104079477099,0.00023625649742866627,0.0022109835994033812,0.02949849117792625,8.435777064732141,1.0830913100485144,12.98017578125,-0.0003770415057612997,0.0018643983716434417,0.19948246848653986,7.677884347098214,1.1456303057476058,11.060107421875,7.370966956817825e-05,0.0014686538656194822,-0.5359419293051456,6.251429966517858,1.6958473262717804,8.6900390625,6.302285393075202e-05,0.0009957350151566526,-0.6111709315197565,4.734141322544643,1.6520175704882443,5.634033203125,1.13188631862955,1,0.43803758147414457,0.17922620043958032,9.657261439732142,0.11720572397188249,25.532410769824704,0,SHORT,-1.0
4612.5,4613.10009765625,4606.39990234375,4610.7001953125,1770,6.7001953125,9.864432198660714,12.84013671875,8.5800537109375,0.21394651095921302,0.07380441406353495,-0.3371940867125392,-0.02168397679052156,4611.151156410953,-0.9368081381580851,4610.853749064389,-0.4977221730277961,4606.798905491712,0.6500151458203618,4582.503292792847,1.386471229484414,-0.0033302672399994136,0.08468548119471254,15,45,0,0,False,1,1,6.7001953125,1.7998046875,0.2686197347325463,0.60009765625,4.30029296875,0.22299236183827728,0.1444999281172168,2.033842410561285,3.400390625,-15.599609375,43.599693042714094,1.2582855470172944,2.2210825904606106,-0.9627970434433162,4631.266702372846,4598.743356220904,0.7047304595656547,0.36763865057844536,43.69811114302518,53.5951198829209,2159.15,0.8197670379547507,4612.60009765625,0.11720572397188249,4619.39990234375,0.28003695525344624,4608.10009765625,-0.01302097404514093,4607.2998046875,-0.41069538945030437,4612.7001953125,4531.39990234375,81.30029296875,-2.0,79.30029296875,4626.2998046875,9.657261439732142,9.292933872767858,8.485770089285714,7.057163783482143,5.885707310267857,0.13852902614845022,0.22109835994033813,0.20071892054884627,0.17248838449491105,0.14850991526278984,0.08893450512457522,0.0001495536216404636,0.002229923618382773,0.2134232904355862,8.997230747767857,0.902313258394803,12.84013671875,-0.0003361529193393831,0.0018580582393496392,0.1208847329099621,8.0757568359375,1.144954486194155,11.280126953125,-9.850934281224744e-06,0.0014449992811721678,-0.4042320101866105,6.532866559709822,1.8071284722346277,8.56005859375,3.5647475797289107e-05,0.0009894548775722164,-0.5544234073942121,4.850145786830357,1.8009473921540398,5.672041015625,0.7280386384916218,1,0.4110569661808113,-0.015565887123227259,9.864432198660714,0.07380441406353495,24.225047670725168,0,SHORT,-1.0
4610.5,4617.7998046875,4607.89990234375,4614.2998046875,1519,9.89990234375,10.050118582589286,12.2201171875,8.6450439453125,0.21780376239055244,0.3850608418225215,0.08458924228606372,-0.060650471281129374,4611.780886066263,2.7904948957229863,4611.181944838019,1.235366322617665,4607.09305840135,1.3186305138760872,4582.819675995779,1.548791983731462,0.0676151990265971,0.15642719161071889,15,50,0,0,False,1,1,9.89990234375,3.7998046875,0.3838224414303329,3.5,2.60009765625,0.1750183322408445,0.14307819120368148,2.023316976800424,17.69970703125,3.89990234375,46.913543035578655,1.4027891894647837,2.0574239102614453,-0.6546347207966616,4631.098933017251,4598.631096279625,0.7035490016407098,0.4825916963453599,53.78113331418489,48.83308485950965,2117.85,0.717236820360271,4610.7001953125,0.07380441406353495,4612.60009765625,0.11720572397188249,4619.39990234375,0.28003695525344624,4596.60009765625,-0.2993190391246692,4612.7001953125,4531.39990234375,81.30029296875,1.599609375,82.89990234375,4610.39990234375,9.864432198660714,9.657261439732142,9.292933872767858,7.685756138392857,7.049979073660714,-0.2250671481850388,0.22299236183827728,0.22109835994033813,0.20071892054884627,0.09983618928617102,0.18916601202100083,0.0007701627550157797,0.0017501833224084452,-0.23101447855232776,9.470103236607141,0.6179081754748332,12.2201171875,8.560293908801419e-05,0.0015248203515478606,0.37454032433376816,8.375770786830357,1.2357673082323315,10.3201171875,-2.93612253321196e-05,0.0014307819120368149,-0.3939490651214435,6.805015345982143,1.9088423574249302,8.625048828125,6.125725466004983e-05,0.000991881994880134,-0.6187132501405537,4.9671498325892856,1.942329683148457,5.786044921875,3.869907121827997,1,0.4068495712829114,0.3104409138045726,10.050118582589286,0.3850608418225215,22.70073081001809,0,SHORT,-1.0
4613.89990234375,4615.7998046875,4610.0,4612.10009765625,1200,5.7998046875,9.950090680803571,10.180078125,8.725048828125,0.2157388276516364,0.08680366995574729,0.07377139322727119,-0.1537083771224092,4611.84472838426,3.032395916578025,4611.269387963565,1.4986647680834722,4607.289412881934,1.423782258429128,4583.1110234749885,1.5731821132467303,0.01801477256681178,0.10441464260667035,15,55,0,0,False,1,1,5.7998046875,1.7998046875,0.31032160296346184,1.89990234375,2.10009765625,0.1502844344287207,0.14293515810740043,1.9580694790744102,4.0,3.39990234375,41.97673252432053,1.3245428875852667,1.9108477057262099,-0.5863048181409432,4630.655049133295,4598.364970397955,0.6997509739279822,0.42536679364805874,47.61943840356708,48.36622762025899,2085.3,0.5754567688102431,4614.2998046875,0.3850608418225215,4610.7001953125,0.07380441406353495,4612.60009765625,0.11720572397188249,4608.10009765625,-0.01302097404514093,4612.7001953125,4531.39990234375,81.30029296875,-0.60009765625,80.7001953125,4608.7001953125,10.050118582589286,9.864432198660714,9.657261439732142,8.485770089285714,7.321428571428571,-0.2294635512560561,0.1750183322408445,0.22299236183827728,0.22109835994033813,0.17248838449491105,0.18910378889633125,0.00017444987939823075,0.001502844344287207,0.8713990081619946,9.762967354910716,0.29994636853795453,10.180078125,7.479821785609797e-05,0.0015287746052665458,0.39487776218243525,8.638636997767858,1.2657868318742902,10.21005859375,-7.59395920434447e-05,0.0014293515810740042,-0.2905352436646489,7.0828770228794635,1.9433930338934597,8.71005859375,4.0418914214157554e-05,0.000992023362027749,-0.5589727320300029,5.08158203125,2.062735039814039,5.828046875,0.86370438748623,1,0.3999938502379115,0.08350269055833139,9.950090680803571,0.08680366995574729,21.285293725075803,0,SHORT,-1.0
4616.39990234375,4627.60009765625,4614.89990234375,4625.0,2805,12.7001953125,10.885811941964286,9.26005859375,9.315087890625,0.23536890685328188,0.2688267372246431,0.38634754152011974,0.21451110776075266,4615.172657415927,3.9087607303599725,4613.001942124087,2.132029506867184,4608.319684532929,1.680015360433572,4583.85379862794,1.6338917900648084,0.26009219216562124,0.3619609013466527,16,5,0,0,False,1,1,12.7001953125,8.60009765625,0.6771626297577855,2.60009765625,1.5,0.09982802639054932,0.14842671307141264,2.0376083865500796,12.39990234375,17.7998046875,49.20255470079325,2.455642719527532,1.9661058941914586,0.48953682533607323,4631.453543124399,4598.156466641226,0.7215272681715179,0.8061828903309071,90.6057646780303,65.77653437329802,2183.05,1.284899567119397,4616.2001953125,-0.06926672509185795,4612.10009765625,0.08680366995574729,4614.2998046875,0.3850608418225215,4612.60009765625,0.11720572397188249,4612.7001953125,4531.39990234375,81.30029296875,12.2998046875,93.60009765625,4607.2001953125,10.300083705357142,9.950090680803571,10.050118582589286,9.657261439732142,7.142857142857143,-0.49458763008907514,0.09833687021930826,0.1502844344287207,0.1750183322408445,0.22109835994033813,0.1411443700541183,0.0005374746259583895,0.0009982802639054932,0.30308376181375274,10.210107421875,0.41151209712644693,9.26005859375,0.0003868655616935279,0.0016250428627141284,-0.1794627393447192,9.32294224330357,1.212909106633246,11.1201171875,0.00010819322499495687,0.0014842671307141264,-0.5008821285235134,7.686818150111607,2.005915093586833,9.30009765625,8.937229636693633e-05,0.0010326547692833183,-0.5068177768954902,5.342445591517857,2.3209552048721926,6.214052734375,2.9263973063993154,1,0.43012479143677973,1.105040574997235,10.885811941964286,0.2688267372246431,21.16341702370579,0,SHORT,-1.0
4624.7998046875,4629.2998046875,4624.10009765625,4627.2998046875,1860,5.19970703125,9.864362444196429,8.9599609375,9.3350830078125,0.2131775087104521,0.3600236118556593,0.4340937392364147,0.1601745167681211,4617.598086870241,6.446930459287614,4614.363643320602,3.5098942562126467,4609.064002970364,2.2650974786520237,4584.286097195696,1.7828044028492513,0.2803455116855251,0.3956508676248391,16,10,0,0,False,1,1,5.19970703125,2.5,0.4807963189031834,2.0,0.69970703125,0.08545847444129795,0.14712376501036345,1.8070785757896923,16.599609375,20.0,62.44507568947539,3.3009101375801038,2.233066742869188,1.0678433947109158,4632.61059448098,4597.739405519021,0.7555767432862021,0.8477026464663072,94.15199668765437,81.28738713466045,2204.4,0.8437670114316821,4625.0,0.2688267372246431,4616.2001953125,-0.06926672509185795,4612.10009765625,0.08680366995574729,4610.7001953125,0.07380441406353495,4612.7001953125,4531.39990234375,81.30029296875,14.599609375,95.89990234375,4607.2998046875,10.885811941964286,10.300083705357142,9.950090680803571,9.864432198660714,7.057163783482143,-0.41069538945030437,0.09982802639054932,0.09833687021930826,0.1502844344287207,0.22299236183827728,0.14850991526278984,0.0007193044411683668,0.0008545847444129795,-0.029587660129110873,10.210093470982143,0.4115267467000769,8.9599609375,0.00043442903140441527,0.0016201178869212863,-0.28959677407142254,9.603662109375,0.9196426770736833,10.900048828125,8.105488862516496e-05,0.0014712376501036344,-0.4665908650536478,7.94432373046875,1.9334938669162045,9.3350830078125,0.00010539798125069888,0.0010326425410423466,-0.5528514824534793,5.458734654017857,2.3992164741106707,6.254052734375,3.5514033958129176,1,0.5372511786969447,1.3150801572895,9.864362444196429,0.3600236118556593,21.576977589472218,0,SHORT,-1.0
4627.39990234375,4628.89990234375,4622.39990234375,4624.2001953125,1946,6.5,9.835763113839286,8.27998046875,9.4700927734375,0.21270193111037214,0.21455889396138828,0.6004459180672025,0.07358878914318091,4618.918508558693,7.137622492430637,4615.300457796021,4.118512958001702,4609.657579140644,2.5645207392935845,4584.683252400839,1.8635764050595753,0.19283116230159789,0.3154814847346456,16,15,0,0,False,1,1,6.5,3.19970703125,0.4922626201923077,1.5,1.80029296875,0.1051953238645074,0.14803948796338015,1.763216070699956,9.900390625,27.60009765625,61.183607897295694,3.678277194315342,2.522108833158419,1.1561683611569231,4633.075382282523,4597.614656779977,0.7683223107369612,0.7497178401105883,85.08873374166559,89.94883170245002,2240.7,0.8684786004373634,4627.2998046875,0.3600236118556593,4625.0,0.2688267372246431,4616.2001953125,-0.06926672509185795,4614.2998046875,0.3850608418225215,4612.7001953125,4531.39990234375,81.30029296875,11.5,92.80029296875,4596.60009765625,9.864362444196429,10.885811941964286,10.300083705357142,10.050118582589286,7.685756138392857,-0.2993190391246692,0.08545847444129795,0.09982802639054932,0.09833687021930826,0.1750183322408445,0.09983618928617102,0.0004291923465560732,0.001051953238645074,0.4471546329347018,10.167222377232145,0.44236824336857106,8.27998046875,0.0005996775507859265,0.0013731408102086026,0.12228950685437834,9.818662806919642,0.6258273141969602,10.250048828125,3.782283859754543e-05,0.0014803948796338015,-0.3682715309255291,8.193971470424108,1.8316118486798798,9.4700927734375,9.504320393851628e-05,0.00103786004815094,-0.5219116221028945,5.578308454241071,2.4658231581683796,6.356044921875,2.1103504549715777,1,0.573710304941896,0.9065792740806702,9.835763113839286,0.21455889396138828,21.635960191666,0,SHORT,-1.0
4624.2998046875,4628.10009765625,4619.7998046875,4627.7001953125,1957,8.30029296875,9.978655133928571,8.780078125,9.5200927734375,0.21562881588647795,0.33824282487228685,0.42534010201338524,0.18185419825912974,4620.674845909454,8.83011752519451,4616.481385178543,5.2119972149776,4610.365132716011,3.075719834077063,4585.111281683542,2.0002582085535323,0.24301647072542373,0.3760019455612253,16,20,0,0,False,1,1,8.30029296875,3.400390625,0.40967115712688984,0.39990234375,4.5,0.09231444776928432,0.14861999965774852,1.7494496205616525,15.60009765625,19.60009765625,65.01480108449067,4.211219735127997,2.859931013552335,1.3512887215756626,4634.27090777862,4597.25917034638,0.801854884705251,0.8224694942205889,95.32273953827044,91.52115665586341,2271.75,0.8614504236821834,4624.2001953125,0.21455889396138828,4627.2998046875,0.3600236118556593,4625.0,0.2688267372246431,4612.10009765625,0.08680366995574729,4612.7001953125,4531.39990234375,81.30029296875,15.0,96.30029296875,4608.10009765625,9.835763113839286,9.864362444196429,10.885811941964286,9.950090680803571,8.485770089285714,-0.01302097404514093,0.1051953238645074,0.08545847444129795,0.09982802639054932,0.1502844344287207,0.17248838449491105,0.0006759129234077843,0.0009231444776928433,-0.302014042990156,10.172935267857143,0.43903499206232827,8.780078125,0.0004251814014030075,0.0012051560692232937,0.1822593023826179,9.96795131138393,0.4151388545592887,9.480078125,9.189817725726024e-05,0.0014861999965774851,-0.4778410010963021,8.436478097098213,1.7221951574261762,9.5200927734375,0.00011626431498902745,0.0010403754451304827,-0.5752123999518398,5.703882533482142,2.52732128447465,6.476044921875,3.3752085009263477,1,0.6129335446953729,1.1270129631160455,9.978655133928571,0.33824282487228685,21.20337256158772,0,SHORT,-1.0
4627.7001953125,4632.10009765625,4626.89990234375,4629.7001953125,3990,5.2001953125,9.742954799107142,7.580078125,9.4200927734375,0.21044461602441844,0.2924483217540807,0.22297902728715757,0.11028191732372129,4622.479915790063,9.764094020155426,4617.740319477015,6.001330813551249,4611.123370464893,3.484515134700814,4585.55495246592,2.1146835000108695,0.258998449632169,0.40286982921764836,16,25,0,0,False,1,1,5.2001953125,2.0,0.38460093896713615,2.39990234375,0.80029296875,0.09193820530597029,0.1467957723593157,1.6727252433670021,13.5,10.30029296875,65.64728413675074,4.740320361290287,3.236008883099925,1.504311478190362,4635.167938484008,4596.872149406618,0.82962787667315,0.8572233840002993,93.51377744932432,91.30841690975338,2397.05,1.66454600446382,4627.7001953125,0.33824282487228685,4624.2001953125,0.21455889396138828,4627.2998046875,0.3600236118556593,4616.2001953125,-0.06926672509185795,4612.7001953125,4531.39990234375,81.30029296875,17.0,98.30029296875,4619.39990234375,9.978655133928571,9.835763113839286,9.864362444196429,10.300083705357142,9.292933872767858,0.28003695525344624,0.09231444776928432,0.1051953238645074,0.08545847444129795,0.09833687021930826,0.20071892054884627,0.0005845515191177597,0.0009193820530597028,0.18022044128730144,10.061509486607143,0.4684135063521836,7.580078125,0.00022318328368237106,0.0009749632170600979,-0.11457271736207536,10.012953404017857,0.3536767861841248,8.140087890625,5.6136009935076056e-05,0.001467957723593157,-0.4356666345886193,8.649698311941965,1.5960717494926657,9.4200927734375,0.00013099312633562342,0.0010395131031798728,-0.6189220109590561,5.824599609375,2.573723692195601,6.486044921875,2.84931077992475,1,0.6791521821212119,1.2307202461388547,9.742954799107142,0.2924483217540807,21.3114795227969,1,SHORT,2.0
4629.7998046875,4635.0,4628.5,4632.89990234375,1955,6.5,9.678641183035714,6.3400390625,9.430078125,0.208911079173961,0.17080869932432433,0.4400946160022569,0.060469636259424656,4624.563913100801,9.391255684874523,4619.184089273846,6.182147149759658,4611.977352107201,3.657667574271727,4586.026046494556,2.1722478666160896,0.296931510085361,0.45365682958068787,16,30,0,0,False,1,1,6.5,3.10009765625,0.47693810096153844,2.10009765625,1.2998046875,0.05809694953765548,0.14518565102621542,1.6272793439326838,7.89990234375,20.2998046875,67.06728734659332,5.35608442859575,3.6600239921990907,1.6960604363966594,4635.776561163158,4596.543507196217,0.8499067119953527,0.9266776728155909,94.73658447041547,94.52436715267,2401.95,0.8139220216907097,4629.7001953125,0.2924483217540807,4627.7001953125,0.33824282487228685,4624.2001953125,0.21455889396138828,4625.0,0.2688267372246431,4612.7001953125,4531.39990234375,81.30029296875,20.19970703125,101.5,4612.60009765625,9.742954799107142,9.978655133928571,9.835763113839286,10.885811941964286,9.657261439732142,0.11720572397188249,0.09193820530597029,0.09231444776928432,0.1051953238645074,0.09982802639054932,0.22109835994033813,0.00034151925784637883,0.0005809694953765547,-1.945490328051065,9.820075334821428,0.11544068115486919,6.3400390625,0.0004394969419023842,0.0007769135820078929,0.1726462210820561,10.015091378348213,0.35134465510979557,7.800048828125,3.1227718070542254e-05,0.0014518565102621542,-0.4160407139708125,8.846487862723214,1.455224531630396,9.430078125,0.0001517732012133921,0.0010401297841508253,-0.674868024434694,5.947744140625,2.608343657418341,6.542041015625,1.65319611170117,1,0.7446021637083695,1.421329645413899,9.678641183035714,0.17080869932432433,21.75367258336012,1,SHORT,2.0
4633.2001953125,4638.2001953125,4633.0,4637.39990234375,5205,5.30029296875,9.128662109375,6.36015625,9.4700927734375,0.19684871483180388,0.21827195303011276,0.5790813954547389,0.23993468051947395,4627.131110949391,9.533024079149982,4620.918928613837,6.555285293235102,4612.974314861576,3.9103118912125865,4586.537229139822,2.251131944125518,0.3566600926031993,0.5294975825788171,16,35,0,0,False,1,1,5.2001953125,4.19970703125,0.8076056338028169,0.80029296875,0.2001953125,0.06476000878307128,0.14518069370168243,1.5067982283432837,10.10009765625,26.69970703125,79.65194679839317,6.13645702345184,4.15531059844964,1.9811464250021995,4638.088879773542,4595.341198351458,0.9259328561627039,0.9838826947597563,98.14317597344481,95.46451263106148,2578.05,2.018967824518531,4632.89990234375,0.17080869932432433,4629.7001953125,0.2924483217540807,4627.7001953125,0.33824282487228685,4627.2998046875,0.3600236118556593,4612.7001953125,4531.39990234375,81.30029296875,24.69970703125,106.0,4610.7001953125,9.678641183035714,9.742954799107142,9.978655133928571,9.864362444196429,9.864432198660714,0.07380441406353495,0.05809694953765548,0.09193820530597029,0.09231444776928432,0.08545847444129795,0.22299236183827728,0.00043633102120503863,0.0006476000878307129,-1.7657724596942246,9.672935267857143,0.32447885416316785,6.34013671875,0.0005778177311867028,0.0007302198091884789,-0.23805910959757828,9.941514369419643,0.44968019476901666,7.650048828125,0.00012083240592365985,0.0014518069370168243,-0.5943925600109684,9.00863560267857,1.277815845103262,9.465087890625,0.00018424863070574116,0.0010398563039989747,-0.7527873887257782,6.0583175223214285,2.6239258455660357,6.556044921875,1.9925309071652701,1,0.8702933307282696,1.8118487230559022,9.128662109375,0.21827195303011276,22.51922691068634,1,SHORT,2.0
4637.10009765625,4638.10009765625,4632.60009765625,4634.5,1626,5.5,8.378662109375,6.16015625,8.7700927734375,0.1807889116274679,0.22273699780430778,0.43777379380462783,0.5227333456257979,4628.604888759513,9.686380200820167,4622.212363983947,6.911906187926434,4613.818459376809,4.160880236165212,4587.014470640918,2.331218240079579,0.26583884617239273,0.4482521539433149,16,40,0,0,False,1,1,5.5,2.60009765625,0.4727450284090909,1.0,1.89990234375,0.06286150117530462,0.12041930901616867,1.3616176107675668,10.2998046875,20.2001953125,71.92764732124752,6.446597678343096,4.613568014428331,1.8330296639147647,4640.479337585991,4595.360750304634,0.9770326651825195,0.867475070779498,89.89020371679763,94.25665472021923,2445.65,0.6648539243145993,4637.39990234375,0.21827195303011276,4632.89990234375,0.17080869932432433,4629.7001953125,0.2924483217540807,4624.2001953125,0.21455889396138828,4612.7001953125,4531.39990234375,81.30029296875,21.7998046875,103.10009765625,4614.2998046875,9.128662109375,9.678641183035714,9.742954799107142,9.835763113839286,10.050118582589286,0.3850608418225215,0.06476000878307128,0.05809694953765548,0.09193820530597029,0.1051953238645074,0.1750183322408445,0.0004452356925086498,0.0006286150117530461,-1.73820346569212,9.381515066964287,0.6413165250276502,6.14013671875,0.0004372140195323615,0.0008170198739294974,0.03680876306660511,9.774368722098213,0.66426618957655,7.21005859375,0.00026140847931018787,0.0012041930901616866,0.061527197900663744,9.075069754464286,1.2029725161815104,8.765087890625,0.0001612963313219673,0.001044895880492486,-0.6838996626759362,6.1534619140625,2.6200069005264206,6.602041015625,1.8662380438588961,1,1.0018192042553138,1.4704377817162702,8.378662109375,0.22273699780430778,23.143615002899917,1,SHORT,2.0
4634.2001953125,4635.89990234375,4629.2001953125,4632.7001953125,1317,6.69970703125,7.528634207589286,5.8400390625,8.76005859375,0.16251071492187158,0.10804502860977491,0.4466533080389655,0.5207542036344728,4629.4239500701115,8.749104160657225,4623.2112050628575,6.729819884314566,4614.558919609582,4.193786893570177,4587.469054966009,2.357773282466951,0.20524673930646156,0.39313130504904786,16,45,0,0,False,1,1,6.69970703125,1.5,0.2238903869980322,1.69970703125,3.5,0.06921074269648148,0.12047430023144823,1.2082478852401555,5.0,20.60009765625,63.11724084793266,6.472545707208155,4.985363552984296,1.4871821542238592,4642.162455556425,4596.0776323342,0.9976970241904106,0.7946773019330674,82.70456185606584,90.24598051543603,2397.95,0.5492191246689881,4634.5,0.22273699780430778,4637.39990234375,0.21827195303011276,4632.89990234375,0.17080869932432433,4627.7001953125,0.33824282487228685,4612.7001953125,4531.39990234375,81.30029296875,20.0,101.30029296875,4612.10009765625,8.378662109375,9.128662109375,9.678641183035714,9.978655133928571,9.950090680803571,0.08680366995574729,0.06286150117530462,0.06476000878307128,0.05809694953765548,0.09231444776928432,0.1502844344287207,0.00021618830951488643,0.0006921074269648148,-0.338168944663542,8.891510881696428,0.9382454706336467,5.82001953125,0.00044605061646133535,0.0008064462832676611,0.05033373099146699,9.532223074776786,0.9659391683888211,7.300048828125,0.0002604244171587167,0.0012047430023144822,0.06335704900362264,9.08543003627232,1.1878723441092005,8.7550537109375,0.00014178272667815018,0.0010458872650906837,-0.6281676031611731,6.231034458705357,2.601727483433396,6.674033203125,0.8134314983515144,1,1.149250344046988,1.2629735793429726,7.528634207589286,0.10804502860977491,22.999398366590697,1,SHORT,2.0
